h_vpp,w_prior,w_torque,fc_smooth,stance,ds,hip
0.2,1.0,0.0,12.0,2.771501592687914,3.8511412813663397,0.17196336463034653
0.3,1.0,0.0,12.0,2.77570911603465,4.012291082782097,0.1715796730684321
0.3,2.0,0.0,12.0,2.8509676316684502,4.078348432177178,0.17644045991717366
0.2,0.5,0.0,12.0,2.8583144850448905,3.895115526225124,0.17710077467334004
0.4,1.0,0.0,12.0,2.8674302102107228,4.270378608407834,0.17668201850452367
0.2,2.0,0.0,12.0,2.8936615654244218,3.9673242824713846,0.179795309603328
0.1,0.5,0.0,12.0,2.904338251902882,3.8341616232029656,0.18053188427051886
0.3,0.5,0.0,12.0,2.90709997179438,4.094788257248334,0.1795740178871711
0.1,1.0,0.0,12.0,2.917720788697359,3.8889651019419746,0.181644050421702
0.2,1.0,0.0,8.0,2.9211200897628538,4.2156802155740865,0.18063273456151
0.4,2.0,0.0,12.0,2.9310878656056167,4.316666426063449,0.18074835299929454
0.2,1.0,1.0,12.0,2.934586246826432,4.111711163248961,0.18197676157019943
0.3,1.0,1.0,12.0,2.937530921741428,4.254043769148276,0.18156666340301775
0.3,2.0,0.0,8.0,2.9552526772947822,4.314211686347024,0.18251912965838066
0.2,2.0,0.0,8.0,2.9590719982494704,4.127175594459793,0.1835247044874261
0.3,1.0,0.0,8.0,2.9616672008333724,4.43640157225696,0.18248379280240334
0.2,1.0,1.0,8.0,2.9826399158444254,4.277387621682758,0.18462929268570746
0.1,1.0,0.0,8.0,2.9903291582152343,4.099196442612561,0.18566956771575088
0.2,0.5,1.0,12.0,2.999937499636433,4.119625842338425,0.18582166365672262
0.3,1.0,1.0,8.0,3.0034054428154535,4.4410415320307095,0.1853329348468905
0.4,0.5,0.0,12.0,3.0078732932001904,4.3568937781749355,0.18533814700541407
0.3,2.0,1.0,12.0,3.016081160432381,4.333685689913073,0.18661210359499272
0.4,1.0,1.0,12.0,3.0189318724276233,4.4806321864936764,0.186081867454741
0.3,0.5,1.0,12.0,3.037174566800414,4.280647253215155,0.1876493883163795
0.1,0.5,1.0,12.0,3.042775817667744,4.070314172543066,0.18899880288044799
0.2,0.5,1.0,8.0,3.0463300822628048,4.35720973082814,0.18826458208998748
0.4,2.0,0.0,8.0,3.0525670253267614,4.582859699102822,0.1878878210241171
0.2,2.0,1.0,12.0,3.054585725406303,4.228938334730616,0.18967080923580676
0.2,1.0,2.0,12.0,3.0566876767741924,4.316130673323882,0.18945811823097553
0.3,1.0,2.0,12.0,3.057339099914696,4.443527493431179,0.1889424379810673
0.1,0.5,1.0,8.0,3.057991481376838,4.259047507635184,0.18949317557032921
0.1,1.0,1.0,8.0,3.062258297507208,4.205884088302174,0.19022522317277218
0.4,1.0,0.0,8.0,3.063420797919232,4.7014890713315705,0.18823991055644657
0.1,1.0,1.0,12.0,3.0654765640410617,4.137616472429462,0.19068090914991292
0.3,2.0,1.0,8.0,3.0661064501584163,4.449673266751938,0.1895020116870246
0.2,1.0,2.0,8.0,3.0718246903134014,4.426306867700433,0.1901698293747684
0.1,0.5,0.0,8.0,3.074849961194743,4.315015438343791,0.19025565276039966
0.2,2.0,1.0,8.0,3.0780172599012436,4.2984075933990695,0.19094466743896935
0.4,1.0,1.0,8.0,3.082066149529187,4.647770503749607,0.18972128767184288
0.3,1.0,2.0,8.0,3.082817606745958,4.557121219784714,0.19031661158244942
0.3,0.5,1.0,8.0,3.0841631965653975,4.50112093930098,0.19018961629166986
0.2,0.5,0.0,8.0,3.0878322100627402,4.4795554495384335,0.19046096262213585
0.4,2.0,1.0,12.0,3.0910858364030274,4.5526929254313035,0.19064256581588762
0.2,0.5,2.0,8.0,3.0969636150940487,4.451875005155034,0.1914760948568238
0.2,0.5,2.0,12.0,3.110707194213711,4.311499947187015,0.19262325835329244
0.1,0.5,2.0,8.0,3.117561843174361,4.385183695978294,0.19320673854771359
0.4,0.5,1.0,12.0,3.119434764403352,4.494846292302421,0.19233196979362316
0.3,0.5,2.0,8.0,3.121739079066166,4.559460704223914,0.19263619477750854
0.4,1.0,2.0,12.0,3.1308401440950635,4.647195327371218,0.19300445811149797
0.3,2.0,2.0,12.0,3.1364852828775245,4.525330266180015,0.1940118244268574
0.1,2.0,0.0,8.0,3.1371666086576426,4.113402262780552,0.19535198280068375
0.1,2.0,0.0,12.0,3.1384059705953016,4.099959840267182,0.19559473540691708
0.3,0.5,2.0,12.0,3.139534762019445,4.4461708567170914,0.19397543136645598
0.4,1.0,2.0,8.0,3.148321367652471,4.728201815710618,0.19393116191938814
0.4,2.0,1.0,8.0,3.148975510105303,4.675909592788665,0.1940311520896357
0.4,0.5,1.0,8.0,3.149935479777466,4.665173806382347,0.1939233917391234
0.1,0.5,2.0,12.0,3.153395285178298,4.2728001909807345,0.19575099063729667
0.1,1.0,2.0,8.0,3.153770201870793,4.377354107148418,0.19586046252871037
0.3,0.5,0.0,8.0,3.154643372822675,4.693330219256293,0.1941064296375631
0.3,2.0,2.0,8.0,3.1708632408559243,4.605871437801457,0.1960041688513523
0.4,0.5,2.0,8.0,3.1727343943515702,4.68659327671941,0.19549045988088132
0.2,2.0,2.0,12.0,3.172965443396823,4.4262571894085365,0.19691906235523174
0.1,1.0,2.0,12.0,3.1794370560979326,4.337925384645979,0.19763522498699435
0.2,2.0,2.0,8.0,3.1869596439073375,4.476900323062019,0.19766357184976524
0.4,2.0,2.0,12.0,3.207421893361544,4.730043527723949,0.1978184232941804
0.4,0.5,2.0,12.0,3.2092541453563124,4.62830473602313,0.19792304939456323
0.4,2.0,2.0,8.0,3.244354211178736,4.803903691509704,0.1999913729297048
0.4,0.5,0.0,8.0,3.2500891022567506,4.9246717745496325,0.1996198613331873
0.1,2.0,1.0,8.0,3.250753726043377,4.298999911583733,0.20238453843213583
0.2,1.0,1.0,5.0,3.26620869464663,4.8740351547681,0.2011778099663112
0.1,1.0,1.0,5.0,3.277645506462438,4.73794376526853,0.20257117160684812
0.1,2.0,1.0,12.0,3.2801304092199524,4.3404580147806335,0.20427046158470064
0.1,0.5,2.0,5.0,3.2812105134782614,4.8866217290233465,0.20216796062883696
0.2,1.0,2.0,5.0,3.2911837748935304,4.883220640415626,0.20287186018826472
0.1,0.5,1.0,5.0,3.2918186247325942,4.912190858304132,0.20269465980638687
0.2,0.5,2.0,5.0,3.3019672413998293,4.968331448540864,0.20305476337065292
0.1,1.0,2.0,5.0,3.305927376995952,4.782352212119871,0.20441039276980694
0.2,2.0,1.0,5.0,3.3102282015123676,4.742215800017521,0.20458816620474113
0.3,1.0,1.0,5.0,3.3103887539165178,5.030971093264744,0.20338024930877108
0.2,0.5,1.0,5.0,3.316815924013074,5.0225704366204225,0.2037960393127539
0.3,1.0,2.0,5.0,3.327303407623309,5.003916822970599,0.20462592965010784
0.3,2.0,1.0,5.0,3.3368972062637496,4.927432727999729,0.2055334145983768
0.3,0.5,2.0,5.0,3.341702646915956,5.0543511425273575,0.20521020436900658
0.1,2.0,2.0,8.0,3.3537768702024535,4.483886370515572,0.20870371737267474
0.3,0.5,1.0,5.0,3.363262805770886,5.136668421071722,0.2063282754161186
0.2,2.0,2.0,5.0,3.370868475000551,4.813949895771236,0.20844789313749984
0.4,1.0,1.0,5.0,3.385564251183368,5.193568971386612,0.2076249084343603
0.1,2.0,2.0,12.0,3.386362699935554,4.525325614306148,0.21075739466226526
0.3,2.0,2.0,5.0,3.3897192796076068,4.96080629342906,0.20896446548432737
0.1,2.0,1.0,5.0,3.3901720793355166,4.611987080712986,0.210411359616836
0.4,0.5,2.0,5.0,3.3913922626702124,5.139986737104854,0.2080524123352272
0.4,1.0,2.0,5.0,3.3920815480212547,5.131581701676157,0.2082683205983226
0.2,2.0,0.0,5.0,3.414148289620544,5.020719323687603,0.21044869203852992
0.4,0.5,1.0,5.0,3.4208934964033473,5.248896976628016,0.20963082947796258
0.4,2.0,1.0,5.0,3.424105153491527,5.134731795541478,0.21038421106561053
0.1,2.0,2.0,5.0,3.450609952336966,4.717144719386726,0.21420047448152202
0.3,2.0,0.0,5.0,3.4621445898376804,5.275310295927714,0.21264972737830376
0.4,2.0,2.0,5.0,3.465196142854503,5.12952449576985,0.21313597512462854
0.1,2.0,0.0,5.0,3.4765350506098898,4.82071409333957,0.21526224142880596
0.1,1.0,0.0,5.0,3.509408530855076,5.203004639470148,0.21620879185477498
0.2,1.0,0.0,5.0,3.522053718369537,5.414292766352254,0.21623854240025714
0.4,2.0,0.0,5.0,3.5713257722742866,5.547439737248167,0.21880862076185698
0.3,1.0,0.0,5.0,3.5907812914079735,5.641681512165543,0.219908014343289
0.1,0.5,0.0,5.0,3.6830037867925483,5.652246015527673,0.2260246245126337
0.4,1.0,0.0,5.0,3.689567189850556,5.868562736420841,0.22557313299217752
0.2,0.5,0.0,5.0,3.7315386383383142,5.827898348549619,0.22853702903356227
0.3,0.5,0.0,5.0,3.800914173453063,6.00196894191488,0.23245431283939855
0.4,0.5,0.0,5.0,3.8803527400118094,6.168629927923645,0.2370804882165635
