subject,trial,design,look_s,stance,vs_batch
WBDS02,walkT01,batch,,2.797036067791003,0.0
WBDS02,walkT01,truncated,0.0,3.6101119083074353,0.8360851601992643
WBDS02,walkT01,truncated,0.02,2.836516101426763,0.4061543299741577
WBDS02,walkT01,truncated,0.05,2.7791599952173596,0.11651083259523644
WBDS02,walkT01,truncated,0.1,2.8072133569463844,0.09943447962809843
WBDS02,walkT01,truncated,0.15,2.797040139050191,0.03713079143053917
WBDS02,walkT01,truncated,0.3,2.7980763207592965,0.006247422982795019
WBDS02,walkT01,designed,0.0,6.111969587237627,5.172704858142489
WBDS02,walkT01,designed,0.02,3.1922930761928514,1.4455970304267498
WBDS02,walkT01,designed,0.05,2.8864643322259327,0.5921053741189806
WBDS02,walkT01,designed,0.1,2.8122257336696985,0.2476860518640799
WBDS02,walkT01,designed,0.15,2.8063371213610346,0.1823337997142356
WBDS02,walkT01,designed,0.3,2.801198453002119,0.0819137772733337
WBDS02,walkT02,batch,,2.8436144540129447,0.0
WBDS02,walkT02,truncated,0.0,3.264130425488278,0.988947810685702
WBDS02,walkT02,truncated,0.02,2.939691311458457,0.49991619261598025
WBDS02,walkT02,truncated,0.05,2.8215067474884417,0.16490137710621366
WBDS02,walkT02,truncated,0.1,2.861359555317269,0.12423664676177729
WBDS02,walkT02,truncated,0.15,2.847615296905304,0.05071804328366921
WBDS02,walkT02,truncated,0.3,2.8454869675826164,0.0075329293432399155
WBDS02,walkT02,designed,0.0,7.176358111121408,6.35555899079798
WBDS02,walkT02,designed,0.02,3.5257031835349135,1.7911516347601208
WBDS02,walkT02,designed,0.05,3.0157886372055227,0.743476630001317
WBDS02,walkT02,designed,0.1,2.8770828127322647,0.31697411252574065
WBDS02,walkT02,designed,0.15,2.863992703950111,0.2351795439211762
WBDS02,walkT02,designed,0.3,2.846277047199976,0.10206890631214208
WBDS02,walkT03,batch,,2.543680201359951,0.0
WBDS02,walkT03,truncated,0.0,3.0209516208994085,1.034560449586431
WBDS02,walkT03,truncated,0.02,2.6796090805491874,0.5278810312157513
WBDS02,walkT03,truncated,0.05,2.507809977756696,0.20811774999097973
WBDS02,walkT03,truncated,0.1,2.5714261548841244,0.1299009640120906
WBDS02,walkT03,truncated,0.15,2.552065036120944,0.06618543701794588
WBDS02,walkT03,truncated,0.3,2.547811497349183,0.011116030005158936
WBDS02,walkT03,designed,0.0,6.696211959118645,6.186418028180479
WBDS02,walkT03,designed,0.02,3.0743240460109953,1.6541681935078867
WBDS02,walkT03,designed,0.05,2.6258063262825813,0.7014801304674776
WBDS02,walkT03,designed,0.1,2.542279620208753,0.32394453844192755
WBDS02,walkT03,designed,0.15,2.5394551830977874,0.25201755582164775
WBDS02,walkT03,designed,0.3,2.5493921134887683,0.11095018118662249
WBDS02,walkT04,batch,,2.9049807144137416,0.0
WBDS02,walkT04,truncated,0.0,3.386378660645701,1.4273088196206476
WBDS02,walkT04,truncated,0.02,3.0352428373565834,0.7326668922275094
WBDS02,walkT04,truncated,0.05,2.838812872356324,0.31025924522697174
WBDS02,walkT04,truncated,0.1,2.9296483308076886,0.18681785883555704
WBDS02,walkT04,truncated,0.15,2.909553478009771,0.09633556024901403
WBDS02,walkT04,truncated,0.3,2.9091491140316337,0.011289372630867909
WBDS02,walkT04,designed,0.0,9.322374119753855,9.119449392126846
WBDS02,walkT04,designed,0.02,3.660117889912297,2.5371762951966446
WBDS02,walkT04,designed,0.05,2.974136505932893,1.0911067493772633
WBDS02,walkT04,designed,0.1,2.869733507498145,0.49342550665032603
WBDS02,walkT04,designed,0.15,2.8691482832970427,0.3801434946735926
WBDS02,walkT04,designed,0.3,2.9198321398691616,0.1628494815966378
WBDS02,walkT05,batch,,4.054201074993681,0.0
WBDS02,walkT05,truncated,0.0,4.672227726876451,1.4999197869298269
WBDS02,walkT05,truncated,0.02,4.195669303303127,0.72056655758913
WBDS02,walkT05,truncated,0.05,3.936517728674322,0.2914552766033912
WBDS02,walkT05,truncated,0.1,4.074442521561664,0.17149346662654835
WBDS02,walkT05,truncated,0.15,4.050021948986883,0.08641842374674882
WBDS02,walkT05,truncated,0.3,4.054408817435132,0.009045056651637018
WBDS02,walkT05,designed,0.0,10.822118865896835,9.85072962488435
WBDS02,walkT05,designed,0.02,5.028521720918903,2.872490624386066
WBDS02,walkT05,designed,0.05,4.244309694550359,1.1992813012843988
WBDS02,walkT05,designed,0.1,4.003274152361872,0.525359932443246
WBDS02,walkT05,designed,0.15,4.005283575799059,0.3961496158118484
WBDS02,walkT05,designed,0.3,4.063925295589298,0.19676560564343498
WBDS02,walkT06,batch,,3.8548472795842113,0.0
WBDS02,walkT06,truncated,0.0,4.399114388919853,1.9750548084426882
WBDS02,walkT06,truncated,0.02,3.890476822965507,0.977848422143381
WBDS02,walkT06,truncated,0.05,3.608180426446287,0.5159351344247335
WBDS02,walkT06,truncated,0.1,3.912080208453164,0.24465754712261342
WBDS02,walkT06,truncated,0.15,3.8338254678049157,0.15692912900192182
WBDS02,walkT06,truncated,0.3,3.8576243667243113,0.015200378765823173
WBDS02,walkT06,designed,0.0,12.706827280505928,12.567903983825921
WBDS02,walkT06,designed,0.02,5.050040561056813,3.683435922004081
WBDS02,walkT06,designed,0.05,3.894186020009469,1.5303112930845117
WBDS02,walkT06,designed,0.1,3.692591395420673,0.6934582219046733
WBDS02,walkT06,designed,0.15,3.740392678430234,0.5221403325545811
WBDS02,walkT06,designed,0.3,3.886715184243142,0.2184634728273601
WBDS02,walkT07,batch,,5.294235168624292,0.0
WBDS02,walkT07,truncated,0.0,6.302180951101227,2.1454433975849785
WBDS02,walkT07,truncated,0.02,5.749592274920623,1.1094547092687577
WBDS02,walkT07,truncated,0.05,5.105107875007706,0.48723189100003766
WBDS02,walkT07,truncated,0.1,5.344373076609798,0.2779638131731466
WBDS02,walkT07,truncated,0.15,5.295073939354996,0.14555722106891855
WBDS02,walkT07,truncated,0.3,5.289482432090545,0.011193812370433164
WBDS02,walkT07,designed,0.0,20.720126912537925,19.114366289882955
WBDS02,walkT07,designed,0.02,8.272983461735143,5.255158810412456
WBDS02,walkT07,designed,0.05,5.709215818275359,2.646269486844723
WBDS02,walkT07,designed,0.1,5.198825669007631,1.214753402970732
WBDS02,walkT07,designed,0.15,5.202888225189607,0.9199397977119783
WBDS02,walkT07,designed,0.3,5.188021962448751,0.3399955830674511
WBDS02,walkT08,batch,,5.03007915206315,0.0
WBDS02,walkT08,truncated,0.0,6.139648905391906,2.15798846207673
WBDS02,walkT08,truncated,0.02,5.472494968044039,1.1691370380867812
WBDS02,walkT08,truncated,0.05,4.775473450288445,0.5120115319408045
WBDS02,walkT08,truncated,0.1,5.061021172026098,0.2776322651475416
WBDS02,walkT08,truncated,0.15,5.015080031034462,0.1457288437594968
WBDS02,walkT08,truncated,0.3,5.022452901711504,0.014623024736268166
WBDS02,walkT08,designed,0.0,25.529489685532525,23.23785214401569
WBDS02,walkT08,designed,0.02,9.152522196219001,5.953298672808605
WBDS02,walkT08,designed,0.05,5.960404354526807,3.0110990524647754
WBDS02,walkT08,designed,0.1,4.9916908104349345,1.404788809768349
WBDS02,walkT08,designed,0.15,4.950436023666025,1.089193451481988
WBDS02,walkT08,designed,0.3,4.8881902068575895,0.46801579068524807
WBDS03,walkT01,batch,,1.552260114697301,0.0
WBDS03,walkT01,truncated,0.0,1.7846406112703417,0.5673340322211176
WBDS03,walkT01,truncated,0.02,1.5623986034394868,0.2717087609565779
WBDS03,walkT01,truncated,0.05,1.5446580302837996,0.10698650192622211
WBDS03,walkT01,truncated,0.1,1.5605976483071833,0.0705442544273768
WBDS03,walkT01,truncated,0.15,1.5535413009668126,0.03395227407760224
WBDS03,walkT01,truncated,0.3,1.5531820652311044,0.006496926039769943
WBDS03,walkT01,designed,0.0,4.676193537287364,4.356612606552432
WBDS03,walkT01,designed,0.02,2.018564358759078,1.2704726191552287
WBDS03,walkT01,designed,0.05,1.6763001101268742,0.5235592543303729
WBDS03,walkT01,designed,0.1,1.585622917851631,0.22253277803592877
WBDS03,walkT01,designed,0.15,1.574921459894422,0.16675116972475038
WBDS03,walkT01,designed,0.3,1.5583930311108434,0.07223352994980912
WBDS03,walkT02,batch,,1.8011622256845483,0.0
WBDS03,walkT02,truncated,0.0,2.584545281332682,0.7974910959683937
WBDS03,walkT02,truncated,0.02,1.8275511091234684,0.35459905501290656
WBDS03,walkT02,truncated,0.05,1.7911326782598742,0.16519746393685628
WBDS03,walkT02,truncated,0.1,1.8108259595814569,0.1030991677677062
WBDS03,walkT02,truncated,0.15,1.8015064613880352,0.0676991959682455
WBDS03,walkT02,truncated,0.3,1.800365227035148,0.052457435426139364
WBDS03,walkT02,designed,0.0,5.955921348951151,5.478313261777427
WBDS03,walkT02,designed,0.02,2.4387627859768166,1.5560431738951899
WBDS03,walkT02,designed,0.05,2.0550132559676255,0.7125474650561756
WBDS03,walkT02,designed,0.1,1.8869639283286357,0.32690932942454953
WBDS03,walkT02,designed,0.15,1.8618333539678786,0.2509763555222184
WBDS03,walkT02,designed,0.3,1.8165001068025999,0.11336039753758503
WBDS03,walkT03,batch,,1.9958776879621238,0.0
WBDS03,walkT03,truncated,0.0,2.450341121395289,0.8665899545125393
WBDS03,walkT03,truncated,0.02,2.0123911214824615,0.3860036822546804
WBDS03,walkT03,truncated,0.05,1.9498974272336425,0.18466925668555884
WBDS03,walkT03,truncated,0.1,2.0125704512754243,0.10800741050431191
WBDS03,walkT03,truncated,0.15,1.9937340447837357,0.06503423963369635
WBDS03,walkT03,truncated,0.3,1.9961864600295245,0.03108765702087228
WBDS03,walkT03,designed,0.0,6.998588078849501,6.6220934376313885
WBDS03,walkT03,designed,0.02,2.844749446037014,1.9664682764519985
WBDS03,walkT03,designed,0.05,2.272125771824545,0.8237974788692418
WBDS03,walkT03,designed,0.1,2.072088247750154,0.3460621955797083
WBDS03,walkT03,designed,0.15,2.0473457962576664,0.2504383553635141
WBDS03,walkT03,designed,0.3,2.0152865136670743,0.11225778521610405
WBDS03,walkT04,batch,,1.9974623505583322,0.0
WBDS03,walkT04,truncated,0.0,2.7989172682252033,1.148581648871284
WBDS03,walkT04,truncated,0.02,2.060280050412602,0.49394580005077204
WBDS03,walkT04,truncated,0.05,1.946302815988005,0.23784743480681086
WBDS03,walkT04,truncated,0.1,2.011983753442819,0.13451705468051234
WBDS03,walkT04,truncated,0.15,1.9910018679746901,0.07376307793063401
WBDS03,walkT04,truncated,0.3,2.000089909986738,0.010654176664293628
WBDS03,walkT04,designed,0.0,7.748367109867745,7.187744107375789
WBDS03,walkT04,designed,0.02,3.150450178187163,2.167078021282648
WBDS03,walkT04,designed,0.05,2.3642044034111502,0.8346889319697085
WBDS03,walkT04,designed,0.1,2.093186006965344,0.3537127147029261
WBDS03,walkT04,designed,0.15,2.05575138289911,0.2590907550963361
WBDS03,walkT04,designed,0.3,2.0179554437775273,0.13040585726259116
