subject,trial,look_s,stance,vs_batch
WBDS02,walkT01,,2.8419803547283458,0.0
WBDS02,walkT01,0.0,3.6498783913132016,0.8156391816778332
WBDS02,walkT01,0.05,2.826112634333846,0.11636111008891709
WBDS02,walkT01,0.1,2.8506430761504924,0.09650294494193136
WBDS02,walkT01,0.15,2.8419592658650106,0.036607656909769665
WBDS02,walkT01,0.2,2.8416204127518685,0.019581926089667273
WBDS02,walkT01,0.3,2.843188536392673,0.006123153078007671
WBDS02,walkT02,,2.8205820156697095,0.0
WBDS02,walkT02,0.0,3.2246402457396695,1.004713429947826
WBDS02,walkT02,0.05,2.797606581353413,0.16132819899064563
WBDS02,walkT02,0.1,2.8395043073541775,0.1240711094754127
WBDS02,walkT02,0.15,2.8246147577506067,0.049643430597194824
WBDS02,walkT02,0.2,2.8192975577676247,0.025979595117029238
WBDS02,walkT02,0.3,2.822258871499763,0.007293645687304259
WBDS02,walkT03,,2.616133560243481,0.0
WBDS02,walkT03,0.0,3.078883162000626,1.0656430882237864
WBDS02,walkT03,0.05,2.57766253328431,0.21200474937732677
WBDS02,walkT03,0.1,2.6443557437391214,0.13430640353483866
WBDS02,walkT03,0.15,2.624820246898337,0.06748595112148452
WBDS02,walkT03,0.2,2.6183320361829736,0.029728616178037848
WBDS02,walkT03,0.3,2.620193203987922,0.011098733320901054
WBDS02,walkT04,,2.8901455241463663,0.0
WBDS02,walkT04,0.0,3.355179660652358,1.4061801113627481
WBDS02,walkT04,0.05,2.8239076489192443,0.3074423572526247
WBDS02,walkT04,0.1,2.913974014175667,0.18438693337598355
WBDS02,walkT04,0.15,2.8942426082944293,0.09574339208069896
WBDS02,walkT04,0.2,2.892537231517338,0.03907615038961332
WBDS02,walkT04,0.3,2.8942129934763337,0.0113629907491552
WBDS02,walkT05,,4.040921600448286,0.0
WBDS02,walkT05,0.0,4.647454217239014,1.5122669911386395
WBDS02,walkT05,0.05,3.9261141817022973,0.2873960402556922
WBDS02,walkT05,0.1,4.06332458176475,0.17135218546376274
WBDS02,walkT05,0.15,4.0384044005046515,0.08504135538678301
WBDS02,walkT05,0.2,4.035617965787452,0.03700438652856216
WBDS02,walkT05,0.3,4.041154314678258,0.009206440058243783
WBDS02,walkT06,,3.8299583758218008,0.0
WBDS02,walkT06,0.0,4.345503902708655,1.978205191612449
WBDS02,walkT06,0.05,3.5836890840914717,0.5097679379209453
WBDS02,walkT06,0.1,3.8859058262141812,0.24372039909741977
WBDS02,walkT06,0.15,3.8086087537382065,0.15504676275058696
WBDS02,walkT06,0.2,3.8283064836429173,0.053360816070660934
WBDS02,walkT06,0.3,3.8327043407419823,0.015188470785001082
WBDS02,walkT07,,5.2964181355246085,0.0
WBDS02,walkT07,0.0,6.2973174506335425,2.143954772436129
WBDS02,walkT07,0.05,5.10246521814718,0.49070541492748904
WBDS02,walkT07,0.1,5.34582270951096,0.277873283367247
WBDS02,walkT07,0.15,5.295476686315537,0.1472209049105826
WBDS02,walkT07,0.2,5.288849804454538,0.0527618051655374
WBDS02,walkT07,0.3,5.291635119974387,0.011127102005287519
WBDS02,walkT08,,5.038927127857028,0.0
WBDS02,walkT08,0.0,6.1891847265163955,2.2159893241908977
WBDS02,walkT08,0.05,4.78156343215418,0.5229582644729783
WBDS02,walkT08,0.1,5.0685063663754475,0.2812473885141131
WBDS02,walkT08,0.15,5.022438490522775,0.14902688374518727
WBDS02,walkT08,0.2,5.023437380379737,0.05952362986774897
WBDS02,walkT08,0.3,5.0311273711614914,0.014664410806600676
WBDS03,walkT01,,1.553353461839082,0.0
WBDS03,walkT01,0.0,1.8065121147458785,0.5941978559880626
WBDS03,walkT01,0.05,1.5445876252450128,0.11309149262247625
WBDS03,walkT01,0.1,1.5609092819209032,0.07439816154424764
WBDS03,walkT01,0.15,1.5542626374896475,0.03963607036525665
WBDS03,walkT01,0.2,1.5535576101970907,0.023339668699108185
WBDS03,walkT01,0.3,1.554301541301504,0.018191705544133574
WBDS03,walkT02,,1.784580256371498,0.0
WBDS03,walkT02,0.0,2.5540530397797525,0.7949534099206034
WBDS03,walkT02,0.05,1.7735633970386588,0.16248823082826802
WBDS03,walkT02,0.1,1.7948004117714176,0.10178008173469284
WBDS03,walkT02,0.15,1.7848084527210493,0.06518337151840291
WBDS03,walkT02,0.2,1.783160276598333,0.054739098271109496
WBDS03,walkT02,0.3,1.783881033773863,0.04933141776841707
WBDS03,walkT03,,1.9795973730319585,0.0
WBDS03,walkT03,0.0,2.4334411103552656,0.871230448666717
WBDS03,walkT03,0.05,1.93281989742558,0.19101281960126731
WBDS03,walkT03,0.1,1.9959493273162567,0.10974567810277815
WBDS03,walkT03,0.15,1.9762055203790632,0.06920111809315758
WBDS03,walkT03,0.2,1.9790619724790899,0.041591830083443734
WBDS03,walkT03,0.3,1.9795515973790327,0.034597443684207495
WBDS03,walkT04,,1.9854742001342096,0.0
WBDS03,walkT04,0.0,2.7888594777571627,1.1488113793836672
WBDS03,walkT04,0.05,1.9339942638509608,0.2399167950716309
WBDS03,walkT04,0.1,2.000304429264974,0.13517137330846135
WBDS03,walkT04,0.15,1.978966451662419,0.07429149471351519
WBDS03,walkT04,0.2,1.9866594683887295,0.02879211909523953
WBDS03,walkT04,0.3,1.987858513848144,0.010456270847500074
