subject,trial,arm,stance,vs_batch
WBDS02,walkT01,batch,2.797036067791003,0.0
WBDS02,walkT01,marker,2.9394018616223367,0.801883579913519
WBDS02,walkT01,force,3.499433924900776,0.20799359011679563
WBDS02,walkT01,cop,2.79384009435614,0.014798980075854591
WBDS02,walkT01,marker+force+cop,3.6101119083074353,0.8360851601992643
WBDS02,walkT02,batch,2.8436144540129447,0.0
WBDS02,walkT02,marker,3.067737516822719,0.975258721512042
WBDS02,walkT02,force,3.0392875042857175,0.12878618563895775
WBDS02,walkT02,cop,2.8406024400752354,0.009363196865677036
WBDS02,walkT02,marker+force+cop,3.264130425488278,0.988947810685702
WBDS02,walkT03,batch,2.543680201359951,0.0
WBDS02,walkT03,marker,2.7955288929003985,1.015079359321574
WBDS02,walkT03,force,2.7779402061810052,0.23424143472290274
WBDS02,walkT03,cop,2.541767409666931,0.007152249784980664
WBDS02,walkT03,marker+force+cop,3.0209516208994085,1.034560449586431
WBDS02,walkT04,batch,2.9049807144137416,0.0
WBDS02,walkT04,marker,3.163875420323172,1.4103623453542828
WBDS02,walkT04,force,3.1513448475005013,0.3442557606835122
WBDS02,walkT04,cop,2.9010108600336424,0.011830499816061765
WBDS02,walkT04,marker+force+cop,3.386378660645701,1.4273088196206476
WBDS02,walkT05,batch,4.054201074993681,0.0
WBDS02,walkT05,marker,4.314539967003033,1.4676065657601431
WBDS02,walkT05,force,4.427004966835778,0.3459648296767479
WBDS02,walkT05,cop,4.053661375457687,0.008456975245189086
WBDS02,walkT05,marker+force+cop,4.672227726876451,1.4999197869298269
WBDS02,walkT06,batch,3.8548472795842113,0.0
WBDS02,walkT06,marker,4.154523704800739,1.9998448146543704
WBDS02,walkT06,force,4.153668444055461,0.5593256272434397
WBDS02,walkT06,cop,3.853838417433666,0.008084559631316464
WBDS02,walkT06,marker+force+cop,4.399114388919853,1.9750548084426882
WBDS02,walkT07,batch,5.294235168624292,0.0
WBDS02,walkT07,marker,5.913494732929388,2.1557318337796847
WBDS02,walkT07,force,5.799888842229722,0.6590050204580138
WBDS02,walkT07,cop,5.293719377214208,0.007974724137668981
WBDS02,walkT07,marker+force+cop,6.302180951101227,2.1454433975849785
WBDS02,walkT08,batch,5.03007915206315,0.0
WBDS02,walkT08,marker,5.871733883271443,2.3309742508145557
WBDS02,walkT08,force,5.640344634350506,0.949623886465796
WBDS02,walkT08,cop,5.029704539492429,0.009839741961247322
WBDS02,walkT08,marker+force+cop,6.139648905391906,2.15798846207673
WBDS03,walkT01,batch,1.552260114697301,0.0
WBDS03,walkT01,marker,1.662776075110849,0.5561859472253207
WBDS03,walkT01,force,1.6818338251637097,0.0934157135634275
WBDS03,walkT01,cop,1.5515069400364658,0.004944437214797954
WBDS03,walkT01,marker+force+cop,1.7846406112703417,0.5673340322211176
WBDS03,walkT02,batch,1.8011622256845483,0.0
WBDS03,walkT02,marker,2.0127032849067454,0.7276222888719175
WBDS03,walkT02,force,2.4024179887573123,0.29011462529210946
WBDS03,walkT02,cop,1.8009177117464368,0.036997904348103676
WBDS03,walkT02,marker+force+cop,2.584545281332682,0.7974910959683937
WBDS03,walkT03,batch,1.9958776879621238,0.0
WBDS03,walkT03,marker,2.2203487763085348,0.8429677781345453
WBDS03,walkT03,force,2.2391104685065506,0.203140738235665
WBDS03,walkT03,cop,1.9955643930045779,0.00882471138914122
WBDS03,walkT03,marker+force+cop,2.450341121395289,0.8665899545125393
WBDS03,walkT04,batch,1.9974623505583322,0.0
WBDS03,walkT04,marker,2.366879325921603,1.0651834971936285
WBDS03,walkT04,force,2.454825494929702,0.3011761577507925
WBDS03,walkT04,cop,1.9966074523627175,0.004519080268468292
WBDS03,walkT04,marker+force+cop,2.7989172682252033,1.148581648871284
