subject,trial,mode,look_s,stance,vs_batch
WBDS02,walkT01,batch,,2.797036067791003,0.0
WBDS02,walkT01,truncated,0.0,3.6101119083074353,0.8360851601992643
WBDS02,walkT01,truncated,0.02,2.836516101426763,0.4061543299741577
WBDS02,walkT01,truncated,0.05,2.7791599952173596,0.11651083259523644
WBDS02,walkT01,truncated,0.1,2.8072133569463844,0.09943447962809843
WBDS02,walkT01,force,0.0,3.309553962227856,0.8268540853225098
WBDS02,walkT01,force,0.02,2.869845088012599,0.40860887224696607
WBDS02,walkT01,force,0.05,2.795268089890185,0.11860404003928952
WBDS02,walkT01,force,0.1,2.8090369295846895,0.1009893297061989
WBDS02,walkT01,state,0.0,6.111969587237627,5.172704858142489
WBDS02,walkT01,state,0.02,3.1922930761928514,1.4455970304267498
WBDS02,walkT01,state,0.05,2.8864643322259327,0.5921053741189806
WBDS02,walkT01,state,0.1,2.8122257336696985,0.2476860518640799
WBDS02,walkT01,pos+state,0.0,6.103695110190297,5.176598497707513
WBDS02,walkT01,pos+state,0.02,3.3955950519311275,1.8647674575530735
WBDS02,walkT01,pos+state,0.05,2.9088274844221784,0.6886449689629788
WBDS02,walkT01,pos+state,0.1,2.8149122836113585,0.26787336630665354
WBDS02,walkT01,pos+grad,0.0,3.3941455827071914,1.1393065435765004
WBDS02,walkT01,pos+grad,0.02,2.931212488100698,0.6772190058084167
WBDS02,walkT01,pos+grad,0.05,2.8398169041039476,0.36652026519598613
WBDS02,walkT01,pos+grad,0.1,2.8082637377026676,0.23886549581875727
WBDS02,walkT02,batch,,2.8436144540129447,0.0
WBDS02,walkT02,truncated,0.0,3.264130425488278,0.988947810685702
WBDS02,walkT02,truncated,0.02,2.939691311458457,0.49991619261598025
WBDS02,walkT02,truncated,0.05,2.8215067474884417,0.16490137710621366
WBDS02,walkT02,truncated,0.1,2.861359555317269,0.12423664676177729
WBDS02,walkT02,force,0.0,3.2242082183737213,0.9853860846671086
WBDS02,walkT02,force,0.02,3.009054736937807,0.5004669828095244
WBDS02,walkT02,force,0.05,2.846748801659501,0.16993167126130176
WBDS02,walkT02,force,0.1,2.864003455172371,0.12419119659427229
WBDS02,walkT02,state,0.0,7.176358111121408,6.35555899079798
WBDS02,walkT02,state,0.02,3.5257031835349135,1.7911516347601208
WBDS02,walkT02,state,0.05,3.0157886372055227,0.743476630001317
WBDS02,walkT02,state,0.1,2.8770828127322647,0.31697411252574065
WBDS02,walkT02,pos+state,0.0,7.238377928550088,6.442282711305302
WBDS02,walkT02,pos+state,0.02,3.8629921581703375,2.351680440956166
WBDS02,walkT02,pos+state,0.05,3.0372840077138825,0.8517327675774707
WBDS02,walkT02,pos+state,0.1,2.8705130511034187,0.3403141666825184
WBDS02,walkT02,pos+grad,0.0,3.290993517574225,1.3463582191637342
WBDS02,walkT02,pos+grad,0.02,3.0885971297368098,0.8146671743535909
WBDS02,walkT02,pos+grad,0.05,2.936028051838914,0.4492957151974585
WBDS02,walkT02,pos+grad,0.1,2.874006612371339,0.2911783062923039
WBDS02,walkT03,batch,,2.543680201359951,0.0
WBDS02,walkT03,truncated,0.0,3.0209516208994085,1.034560449586431
WBDS02,walkT03,truncated,0.02,2.6796090805491874,0.5278810312157513
WBDS02,walkT03,truncated,0.05,2.507809977756696,0.20811774999097973
WBDS02,walkT03,truncated,0.1,2.5714261548841244,0.1299009640120906
WBDS02,walkT03,force,0.0,2.9916059853600343,1.0338713173595333
WBDS02,walkT03,force,0.02,2.7713363030085327,0.540323714070503
WBDS02,walkT03,force,0.05,2.5421314975158165,0.2105431475815072
WBDS02,walkT03,force,0.1,2.576126055234323,0.13189268618643807
WBDS02,walkT03,state,0.0,6.696211959118645,6.186418028180479
WBDS02,walkT03,state,0.02,3.0743240460109953,1.6541681935078867
WBDS02,walkT03,state,0.05,2.6258063262825813,0.7014801304674776
WBDS02,walkT03,state,0.1,2.542279620208753,0.32394453844192755
WBDS02,walkT03,pos+state,0.0,6.909231658974827,6.405698580768754
WBDS02,walkT03,pos+state,0.02,3.3193178673451964,2.0783220516447987
WBDS02,walkT03,pos+state,0.05,2.653762628588838,0.827453551606821
WBDS02,walkT03,pos+state,0.1,2.552483095758859,0.36996599133419467
WBDS02,walkT03,pos+grad,0.0,3.088351580356459,1.4029858095416758
WBDS02,walkT03,pos+grad,0.02,2.7622819104141434,0.7490020641781769
WBDS02,walkT03,pos+grad,0.05,2.5871542229842825,0.4170392832166021
WBDS02,walkT03,pos+grad,0.1,2.5447095433196094,0.29152694689592257
WBDS02,walkT04,batch,,2.9049807144137416,0.0
WBDS02,walkT04,truncated,0.0,3.386378660645701,1.4273088196206476
WBDS02,walkT04,truncated,0.02,3.0352428373565834,0.7326668922275094
WBDS02,walkT04,truncated,0.05,2.838812872356324,0.31025924522697174
WBDS02,walkT04,truncated,0.1,2.9296483308076886,0.18681785883555704
WBDS02,walkT04,force,0.0,3.3594195983055215,1.4257358735538257
WBDS02,walkT04,force,0.02,3.1243342093180066,0.7421138789762133
WBDS02,walkT04,force,0.05,2.867888424431913,0.3215123160505224
WBDS02,walkT04,force,0.1,2.9318004159955313,0.19013916975143122
WBDS02,walkT04,state,0.0,9.322374119753855,9.119449392126846
WBDS02,walkT04,state,0.02,3.660117889912297,2.5371762951966446
WBDS02,walkT04,state,0.05,2.974136505932893,1.0911067493772633
WBDS02,walkT04,state,0.1,2.869733507498145,0.49342550665032603
WBDS02,walkT04,pos+state,0.0,9.286419028206383,9.038819827067284
WBDS02,walkT04,pos+state,0.02,4.126692864195714,3.1450349805165927
WBDS02,walkT04,pos+state,0.05,3.051862492024889,1.3078471606183537
WBDS02,walkT04,pos+state,0.1,2.9130691109634204,0.5566695395469835
WBDS02,walkT04,pos+grad,0.0,3.570238002147856,1.9831679949519931
WBDS02,walkT04,pos+grad,0.02,3.078175632529048,1.1819142676422272
WBDS02,walkT04,pos+grad,0.05,2.8743980507607856,0.6708465414977487
WBDS02,walkT04,pos+grad,0.1,2.857612312214428,0.45206834454445
WBDS02,walkT05,batch,,4.054201074993681,0.0
WBDS02,walkT05,truncated,0.0,4.672227726876451,1.4999197869298269
WBDS02,walkT05,truncated,0.02,4.195669303303127,0.72056655758913
WBDS02,walkT05,truncated,0.05,3.936517728674322,0.2914552766033912
WBDS02,walkT05,truncated,0.1,4.074442521561664,0.17149346662654835
WBDS02,walkT05,force,0.0,4.700712778806549,1.5020146770162652
WBDS02,walkT05,force,0.02,4.344204788865531,0.7432373994920707
WBDS02,walkT05,force,0.05,3.9866250973990076,0.2991645041046576
WBDS02,walkT05,force,0.1,4.0776902353161235,0.18925722135816506
WBDS02,walkT05,state,0.0,10.822118865896835,9.85072962488435
WBDS02,walkT05,state,0.02,5.028521720918903,2.872490624386066
WBDS02,walkT05,state,0.05,4.244309694550359,1.1992813012843988
WBDS02,walkT05,state,0.1,4.003274152361872,0.525359932443246
WBDS02,walkT05,pos+state,0.0,11.857562562805814,11.123776617780269
WBDS02,walkT05,pos+state,0.02,5.414939593351428,3.64983598386303
WBDS02,walkT05,pos+state,0.05,4.324789115950784,1.2497916465435481
WBDS02,walkT05,pos+state,0.1,4.015477492838948,0.5426205038385287
WBDS02,walkT05,pos+grad,0.0,4.8799461311068875,2.0451961815062503
WBDS02,walkT05,pos+grad,0.02,4.361514323718262,1.340999590366033
WBDS02,walkT05,pos+grad,0.05,4.095172061385895,0.7337616353439628
WBDS02,walkT05,pos+grad,0.1,4.020569081628431,0.46816050696157846
WBDS02,walkT06,batch,,3.8548472795842113,0.0
WBDS02,walkT06,truncated,0.0,4.399114388919853,1.9750548084426882
WBDS02,walkT06,truncated,0.02,3.890476822965507,0.977848422143381
WBDS02,walkT06,truncated,0.05,3.608180426446287,0.5159351344247335
WBDS02,walkT06,truncated,0.1,3.912080208453164,0.24465754712261342
WBDS02,walkT06,force,0.0,4.422182253588606,1.9767383741636309
WBDS02,walkT06,force,0.02,3.973325909950104,1.0131747727778677
WBDS02,walkT06,force,0.05,3.653312836458797,0.5365361182737175
WBDS02,walkT06,force,0.1,3.9140341007265818,0.25979033784662187
WBDS02,walkT06,state,0.0,12.706827280505928,12.567903983825921
WBDS02,walkT06,state,0.02,5.050040561056813,3.683435922004081
WBDS02,walkT06,state,0.05,3.894186020009469,1.5303112930845117
WBDS02,walkT06,state,0.1,3.692591395420673,0.6934582219046733
WBDS02,walkT06,pos+state,0.0,14.08357999816248,13.629562706338335
WBDS02,walkT06,pos+state,0.02,5.670613463194677,4.792848653589777
WBDS02,walkT06,pos+state,0.05,3.9535997052223473,1.5587957419736536
WBDS02,walkT06,pos+state,0.1,3.7604192737103275,0.6685391188648004
WBDS02,walkT06,pos+grad,0.0,4.928338278863421,2.652111325463168
WBDS02,walkT06,pos+grad,0.02,4.084161188860894,1.7370232580933889
WBDS02,walkT06,pos+grad,0.05,3.735023015088651,0.9604165930108558
WBDS02,walkT06,pos+grad,0.1,3.734805665480191,0.6098391870881532
