kind,level,SoleID_stance,SoleID_hip,SoleID_noVPP_stance,SoleID_noVPP_hip,Newton_prop_stance,Newton_prop_hip
marker_noise_mm,0,2.771501592687914,0.17196336463034653,4.255614929823182,0.2620191268711716,6.264117473665051,0.3840832024913263
marker_noise_mm,5,3.103461800801079,0.19036557955223554,5.307710670217703,0.328600195078984,6.8878060250286355,0.4260137940162684
marker_noise_mm,10,3.83573381135544,0.2378986908931636,7.099646297719753,0.44171139310491825,8.265391603994868,0.5129959466135829
marker_noise_mm,20,5.849353675684652,0.36693471179497994,11.499340548792475,0.7174745463981479,12.223312671711511,0.760969783579644
marker_fps,150,2.771501592687914,0.17196336463034653,4.255614929823182,0.2620191268711716,6.264117473665051,0.3840832024913263
marker_fps,60,2.8313968348995098,0.17220368970285344,4.5385978819428905,0.2795949083182654,6.347050808236611,0.39162075735680596
marker_fps,30,2.8265827483131156,0.17123070060872267,4.572963993529063,0.28131295452644434,6.344871042522536,0.3913718810773636
fy_scale_pct,0,2.771501592687914,0.17196336463034653,4.255614929823182,0.2620191268711716,6.264117473665051,0.3840832024913263
fy_scale_pct,5,2.8266701206719644,0.1757072117848884,4.255600974343169,0.27893387406718884,6.26390117617718,0.4060722186453901
fy_scale_pct,8,2.8789211046038745,0.17605340092979788,4.255644210042999,0.28940384994060436,6.264453662026436,0.4195151830788809
fy_scale_pct,12,2.96910350609407,0.178089928483484,4.25562967935294,0.3060849279417789,6.264306103462372,0.4391640560133462
cop_shift_mm,0,2.771501592687914,0.17196336463034653,4.255614929823182,0.2620191268711716,6.264117473665051,0.3840832024913263
cop_shift_mm,5,2.8570946664090364,0.1617583700779252,4.255614929823182,0.2659708909640593,6.264117473665051,0.38718128833153836
cop_shift_mm,10,2.951389131579546,0.1535368305910998,4.255614929823182,0.27391116952130057,6.264117473665051,0.39302878360066806
cop_shift_mm,15,3.0534872095054397,0.1477154468969565,4.255614929823182,0.2854171876725217,6.264117473665051,0.40146382115787277
sync_frames,0,2.771501592687914,0.17196336463034653,4.255614929823182,0.2620191268711716,6.264117473665051,0.3840832024913263
sync_frames,1,2.6906007910344116,0.24925941684504577,4.247988162828712,0.33219525472926836,6.287435477497013,0.4355931542550935
sync_frames,2,2.776642109217765,0.2787391306736862,4.362238229250556,0.3755202940574172,6.3354499729832074,0.47155077956929914
sync_frames,3,3.002938684714652,0.31318383280725326,4.586034050420633,0.4289500059206393,6.406480418906703,0.5168072724299743
