subject,trial,bw_ratio,hands,dead_belt,ok,reason
WBDS01,walkT01,0.9199921493268163,No,False,True,
WBDS01,walkT02,0.9224653293692768,No,False,True,
WBDS01,walkT03,0.9290270683589364,No,False,True,
WBDS01,walkT04,0.9355003920001183,No,False,True,
WBDS01,walkT05,0.9372417582032293,No,False,True,
WBDS01,walkT06,0.9362223871625792,No,False,True,
WBDS01,walkT07,0.9338966900189896,No,False,True,
WBDS01,walkT08,0.9328612532997599,No,False,True,
WBDS02,walkT01,0.953487079976388,No,False,True,
WBDS02,walkT02,0.9543666418943757,No,False,True,
WBDS02,walkT03,0.9535606924337031,No,False,True,
WBDS02,walkT04,0.9549075342663729,No,False,True,
WBDS02,walkT05,0.9545454177578142,No,False,True,
WBDS02,walkT06,0.9531383066758218,No,False,True,
WBDS02,walkT07,0.9544147262597629,No,False,True,
WBDS02,walkT08,0.9554318975039506,No,False,True,
WBDS03,walkT01,0.9279560592889452,No,False,True,
WBDS03,walkT02,0.9266493464449757,No,False,True,
WBDS03,walkT03,0.9327271345336535,No,False,True,
WBDS03,walkT04,0.9307911178128228,No,False,True,
WBDS03,walkT05,0.9317546173009739,No,False,True,
WBDS03,walkT06,0.9332152096901856,No,False,True,
WBDS03,walkT07,0.9331933305723117,No,False,True,
WBDS03,walkT08,0.9357719007886831,No,False,True,
WBDS04,walkT01,0.9413425064393465,No,False,True,
WBDS04,walkT02,0.9406333791858766,No,False,True,
WBDS04,walkT03,0.9396758727033958,No,False,True,
WBDS04,walkT04,0.9422576426857773,No,False,True,
WBDS04,walkT05,0.9419774607338319,No,False,True,
WBDS04,walkT06,0.9398689264744311,No,False,True,
WBDS04,walkT07,0.9416488938201476,No,False,True,
WBDS04,walkT08,0.9449011201916401,No,False,True,
WBDS05,walkT01,0.9384062777703657,No,False,True,
WBDS05,walkT02,0.9430602713830857,No,False,True,
WBDS05,walkT03,0.9414430056159079,No,False,True,
WBDS05,walkT04,0.9449042824482563,No,False,True,
WBDS05,walkT05,0.9362226803864734,No,False,True,
WBDS05,walkT06,0.9309669434565873,No,False,True,
WBDS05,walkT07,0.9365268769125018,No,False,True,
WBDS05,walkT08,0.9338149958459239,No,False,True,
WBDS06,walkT01,0.9435948349025006,No,False,True,
WBDS06,walkT02,0.9444942842993969,No,False,True,
WBDS06,walkT03,0.9447405821860079,No,False,True,
WBDS06,walkT04,0.9455768793963096,No,False,True,
WBDS06,walkT05,0.9484011832487469,No,False,True,
WBDS06,walkT06,0.9466037841865764,No,False,True,
WBDS06,walkT07,0.9465114641950653,No,False,True,
WBDS06,walkT08,0.9481914864417653,No,False,True,
WBDS07,walkT01,0.9237555111185304,No,False,True,
WBDS07,walkT02,0.9341772800515249,No,False,True,
WBDS07,walkT03,0.9408869788071696,No,False,True,
WBDS07,walkT04,0.9375214905898878,No,False,True,
WBDS07,walkT05,0.9377067258949858,No,False,True,
WBDS07,walkT06,0.9413169397807272,No,False,True,
WBDS07,walkT07,0.9370635019296166,No,False,True,
WBDS07,walkT08,0.9368393230575671,No,False,True,
WBDS08,walkT01,0.9252900951410125,No,False,True,
WBDS08,walkT02,0.9143494662475932,No,False,True,
WBDS08,walkT03,0.9262689043209877,No,False,True,
WBDS08,walkT04,0.9277410699116546,No,False,True,
WBDS08,walkT05,0.928705586702911,No,False,True,
WBDS08,walkT06,0.929930983831691,No,False,True,
WBDS08,walkT07,0.9343783501104314,No,False,True,
WBDS08,walkT08,0.939067554366293,No,False,True,
WBDS09,walkT01,0.9730709124152549,No,False,True,
WBDS09,walkT02,0.9710766310465743,No,False,True,
WBDS09,walkT03,0.9632749885003269,No,False,True,
WBDS09,walkT04,0.9629666280647494,No,False,True,
WBDS09,walkT05,0.9664210327284157,No,False,True,
WBDS09,walkT06,0.9630239992973063,No,False,True,
WBDS09,walkT07,0.9652197780505337,No,False,True,
WBDS09,walkT08,0.9650180458183952,No,False,True,
WBDS10,walkT01,0.9275811717426712,No,False,True,
WBDS10,walkT02,0.9285204551892033,No,False,True,
WBDS10,walkT03,0.9334327662284283,No,False,True,
WBDS10,walkT04,0.9341654996160618,No,False,True,
WBDS10,walkT05,0.9338621582441683,No,False,True,
WBDS10,walkT06,0.9275600776357125,No,False,True,
WBDS10,walkT07,0.930072829831998,No,False,True,
WBDS10,walkT08,0.9218857885636569,No,False,True,
WBDS11,walkT01,0.9431442540441175,No,False,True,
WBDS11,walkT02,0.9417933807753142,No,False,True,
WBDS11,walkT03,0.9421306945292458,No,False,True,
WBDS11,walkT04,0.9464210441836399,No,False,True,
WBDS11,walkT05,0.9466511180003709,No,False,True,
WBDS11,walkT06,0.9422665868932163,No,False,True,
WBDS11,walkT07,0.9416282342514803,No,False,True,
WBDS11,walkT08,0.9429925136078215,No,False,True,
WBDS12,walkT01,0.8945642132205901,No,False,True,
WBDS12,walkT02,0.9011080404739226,No,False,True,
WBDS12,walkT03,0.9169633812009232,No,False,True,
WBDS12,walkT04,0.9273714161973674,No,False,True,
WBDS12,walkT05,0.9287141991091206,No,False,True,
WBDS12,walkT06,0.9300382123739019,No,False,True,
WBDS12,walkT07,0.9256261662850999,No,False,True,
WBDS12,walkT08,0.9169213253083633,No,False,True,
WBDS13,walkT01,0.9446781166885476,No,False,True,
WBDS13,walkT02,0.9439360094295692,No,False,True,
WBDS13,walkT03,0.9456784709622591,No,False,True,
WBDS13,walkT04,0.9479215886848964,No,False,True,
WBDS13,walkT05,0.9476187333385095,No,False,True,
WBDS13,walkT06,0.9503965241759752,No,False,True,
WBDS13,walkT07,0.9519943484794842,No,False,True,
WBDS13,walkT08,0.9516881795341394,No,False,True,
WBDS14,walkT01,0.9641038686371132,No,False,True,
WBDS14,walkT02,0.9673498882322418,No,False,True,
WBDS14,walkT03,0.9610257696681739,No,False,True,
WBDS14,walkT04,0.9643867700665566,No,False,True,
WBDS14,walkT05,0.9638275607075882,No,False,True,
WBDS14,walkT06,0.9650936155790748,No,False,True,
WBDS14,walkT07,0.9681548114020985,No,False,True,
WBDS14,walkT08,0.967903501573956,No,False,True,
WBDS15,walkT01,0.928840093162396,No,False,True,
WBDS15,walkT02,0.9248969033003197,No,False,True,
WBDS15,walkT03,0.9192048752095462,No,False,True,
WBDS15,walkT04,0.9197680883913936,No,False,True,
WBDS15,walkT05,0.9235112046134233,No,False,True,
WBDS15,walkT06,0.9276433827898669,No,False,True,
WBDS15,walkT07,0.9352460022751552,No,False,True,
WBDS15,walkT08,0.9420463447787418,No,False,True,
WBDS16,walkT01,0.9351550257924381,No,False,True,
WBDS16,walkT02,0.9370480914584347,No,False,True,
WBDS16,walkT03,0.9353779345723066,No,False,True,
WBDS16,walkT04,0.9342415391802397,No,False,True,
WBDS16,walkT05,0.927063193691114,No,False,True,
WBDS16,walkT06,0.9305313581061128,No,False,True,
WBDS16,walkT07,0.9414568529343214,No,False,True,
WBDS16,walkT08,0.9400231629603166,No,False,True,
WBDS17,walkT01,0.9391553308633236,No,False,True,
WBDS17,walkT02,0.9379596664404988,No,False,True,
WBDS17,walkT03,0.9226007316324094,No,False,True,
WBDS17,walkT04,0.9382342417235363,No,False,True,
WBDS17,walkT05,0.9433787653805179,No,False,True,
WBDS17,walkT06,0.9382668322700857,No,False,True,
WBDS17,walkT07,0.9415273383548795,No,False,True,
WBDS17,walkT08,0.9488117324248213,No,False,True,
WBDS18,walkT01,0.9013390851129298,No,False,True,
WBDS18,walkT02,0.9121523085141964,No,False,True,
WBDS18,walkT03,0.9134081003560817,No,False,True,
WBDS18,walkT04,0.9092800629995015,No,False,True,
WBDS18,walkT05,0.9205443390696418,No,False,True,
WBDS18,walkT06,0.9198096587647981,No,False,True,
WBDS18,walkT07,0.9226748983926761,No,False,True,
WBDS18,walkT08,0.9198526872866648,No,False,True,
WBDS19,walkT01,0.9272350816456061,No,False,True,
WBDS19,walkT02,0.9268105595411349,No,False,True,
WBDS19,walkT03,0.9308902813840325,No,False,True,
WBDS19,walkT04,0.9337464487740872,No,False,True,
WBDS19,walkT05,0.9353044721832212,No,False,True,
WBDS19,walkT06,0.9349405582375406,No,False,True,
WBDS19,walkT07,0.9297751876855217,No,False,True,
WBDS19,walkT08,0.9362742693995131,No,False,True,
WBDS20,walkT01,0.9187013645348263,No,False,True,
WBDS20,walkT02,0.9230063801862649,No,False,True,
WBDS20,walkT03,0.9268851474882478,No,False,True,
WBDS20,walkT04,0.9273480535476065,No,False,True,
WBDS20,walkT05,0.9320132658397644,No,False,True,
WBDS20,walkT06,0.9337702713989062,No,False,True,
WBDS20,walkT07,0.9325320997538772,No,False,True,
WBDS20,walkT08,0.9316437778153205,No,False,True,
WBDS21,walkT01,0.9025823178789043,No,False,True,
WBDS21,walkT02,0.907620592522609,No,False,True,
WBDS21,walkT03,0.9013347293241875,No,False,True,
WBDS21,walkT04,0.9103822123508355,No,False,True,
WBDS21,walkT05,0.9190474001512016,No,False,True,
WBDS21,walkT06,0.9171884633695131,No,False,True,
WBDS21,walkT07,0.9224785743949863,No,False,True,
WBDS21,walkT08,0.9182346719559618,No,False,True,
WBDS22,walkT01,0.9105851942795741,No,False,True,
WBDS22,walkT02,0.9050059368206703,No,False,True,
WBDS22,walkT03,0.9139587327756491,No,False,True,
WBDS22,walkT04,0.9140812477130899,No,False,True,
WBDS22,walkT05,0.9227493318819354,No,False,True,
WBDS22,walkT06,0.9304480060737922,No,False,True,
WBDS22,walkT07,0.9291582624605397,No,False,True,
WBDS22,walkT08,0.9369225736897854,No,False,True,
WBDS23,walkT01,0.9332692576927472,No,False,True,
WBDS23,walkT02,0.9336593217179365,No,False,True,
WBDS23,walkT03,0.9236108960625555,No,False,True,
WBDS23,walkT04,0.9289132719896294,No,False,True,
WBDS23,walkT05,0.9260146091754219,No,False,True,
WBDS23,walkT06,0.9300224760425819,No,False,True,
WBDS23,walkT07,0.936263838469147,No,False,True,
WBDS23,walkT08,0.9269242078077888,No,False,True,
WBDS24,walkT01,0.9377019851334638,No,False,True,
WBDS24,walkT02,0.9440281182388703,No,False,True,
WBDS24,walkT03,0.9411112422064436,No,False,True,
WBDS24,walkT04,0.9413110542922769,No,False,True,
WBDS24,walkT05,0.9398595260586172,No,False,True,
WBDS24,walkT06,0.9377197343015171,No,False,True,
WBDS24,walkT07,0.9413768055226799,No,False,True,
WBDS24,walkT08,0.9407184252209833,No,False,True,
WBDS25,walkT01,0.9236312186691163,No,False,True,
WBDS25,walkT02,0.9279425143571479,No,False,True,
WBDS25,walkT03,0.9244603281274251,No,False,True,
WBDS25,walkT04,0.9225184111283102,No,False,True,
WBDS25,walkT05,0.9123728151755789,No,False,True,
WBDS25,walkT06,0.9083683366683025,No,False,True,
WBDS25,walkT07,0.9154522260396085,No,False,True,
WBDS25,walkT08,0.9182269440354387,No,False,True,
WBDS26,walkT01,0.9382172596686882,No,False,True,
WBDS26,walkT02,0.9411387856775512,No,False,True,
WBDS26,walkT03,0.9442367060599791,No,False,True,
WBDS26,walkT04,0.9439459308366218,No,False,True,
WBDS26,walkT05,0.9425932924937918,No,False,True,
WBDS26,walkT06,0.9365175439126683,No,False,True,
WBDS26,walkT07,0.933527499415946,No,False,True,
WBDS26,walkT08,0.9357627946362864,No,False,True,
WBDS27,walkT01,0.9557434849727344,Yes,False,False,handrail
WBDS27,walkT02,0.9190096766216493,Yes,False,False,handrail
WBDS27,walkT03,0.925328659905532,Yes,False,False,handrail
WBDS27,walkT04,0.9352813013201094,Yes,False,False,handrail
WBDS27,walkT05,0.9184287413948317,Yes,False,False,handrail
WBDS27,walkT06,0.9083405966345536,Yes,False,False,handrail
WBDS27,walkT07,0.9094948508241789,Yes,False,False,handrail
WBDS27,walkT08,0.9033959001045142,Yes,False,False,handrail
WBDS28,walkT01,0.9207606766267168,No,False,True,
WBDS28,walkT02,0.9199551115010203,No,False,True,
WBDS28,walkT03,0.9215104310588758,No,False,True,
WBDS28,walkT04,0.9204933172791753,No,False,True,
WBDS28,walkT05,0.9250253808028105,No,False,True,
WBDS28,walkT06,0.9286181955805286,No,False,True,
WBDS28,walkT07,0.931025954616616,No,False,True,
WBDS29,walkT01,0.9260610669280993,No,False,True,
WBDS29,walkT02,0.9253267354755227,No,False,True,
WBDS29,walkT03,0.9283720347401443,No,False,True,
WBDS29,walkT04,0.9299501287013834,No,False,True,
WBDS29,walkT05,0.9347233065410184,No,False,True,
WBDS29,walkT06,0.934828494780061,No,False,True,
WBDS29,walkT07,0.9286538337049699,No,False,True,
WBDS30,walkT01,0.9383079310386788,No,False,True,
WBDS30,walkT02,0.9390455710847704,No,False,True,
WBDS30,walkT03,0.9456240305941445,No,False,True,
WBDS30,walkT04,0.9456362110587854,No,False,True,
WBDS30,walkT05,0.9459631249011287,No,False,True,
WBDS30,walkT06,0.9489480735442649,No,False,True,
WBDS30,walkT07,0.9489338548116695,No,False,True,
WBDS30,walkT08,0.9476720944033982,No,False,True,
WBDS31,walkT01,0.9140974178347463,No,False,True,
WBDS31,walkT02,0.9152008366466791,No,False,True,
WBDS31,walkT03,0.9174954464171411,No,False,True,
WBDS31,walkT04,0.9204519825287041,No,False,True,
WBDS31,walkT05,0.9171985298177743,No,False,True,
WBDS31,walkT06,0.9207795699420611,No,False,True,
WBDS31,walkT07,0.9202229893615071,No,False,True,
WBDS31,walkT08,0.9202635058265325,No,False,True,
WBDS32,walkT01,0.8383075152040274,Yes,False,False,handrail
WBDS32,walkT02,0.8405445844459969,Yes,False,False,handrail
WBDS32,walkT03,0.8404426990205831,Yes,False,False,handrail
WBDS32,walkT04,0.8476653005257222,Yes,False,False,handrail
WBDS32,walkT05,0.8439921224744273,Yes,False,False,handrail
WBDS32,walkT06,0.8411129116012329,Yes,False,False,handrail
WBDS33,walkT01,0.8767472465110845,No,False,True,
WBDS33,walkT02,0.8753950542820313,No,False,True,
WBDS33,walkT03,0.8855178056271779,No,False,True,
WBDS33,walkT04,0.887491526234127,No,False,True,
WBDS33,walkT05,0.8784046628345327,No,False,True,
WBDS33,walkT06,0.8867283053134508,No,False,True,
WBDS33,walkT07,0.8634236922127887,No,False,True,
WBDS33,walkT08,0.8841184520499249,No,False,True,
WBDS34,walkT01,0.8964980283382694,No,False,True,
WBDS34,walkT02,0.8935665219951336,No,False,True,
WBDS34,walkT03,0.9017146926352468,No,False,True,
WBDS34,walkT04,0.8975810228863778,No,False,True,
WBDS34,walkT05,0.9134719786262069,No,False,True,
WBDS34,walkT06,0.9011228374577974,No,False,True,
WBDS34,walkT07,0.9015187683399885,No,False,True,
WBDS34,walkT08,0.9022550829833021,No,False,True,
WBDS35,walkT01,0.8955452885166121,No,False,True,
WBDS35,walkT02,0.8967327083305624,No,False,True,
WBDS35,walkT03,0.8992827760667389,No,False,True,
WBDS35,walkT04,0.903218632869922,No,False,True,
WBDS35,walkT05,0.9172367589982703,No,False,True,
WBDS35,walkT06,0.9143910898611781,No,False,True,
WBDS35,walkT07,0.9072517572912622,No,False,True,
WBDS35,walkT08,0.8992134880644462,No,False,True,
WBDS36,walkT01,0.9452067082749781,No,False,True,
WBDS36,walkT02,0.9429219217418533,No,False,True,
WBDS36,walkT03,0.9406849350302037,No,False,True,
WBDS36,walkT04,0.9448702703548607,No,False,True,
WBDS36,walkT05,0.9495890501377517,No,False,True,
WBDS36,walkT06,0.947141875912903,No,False,True,
WBDS36,walkT07,0.9556366494633793,No,False,True,
WBDS37,walkT01,0.8225877826431854,Yes,False,False,handrail
WBDS37,walkT02,0.828283419709786,Yes,False,False,handrail
WBDS37,walkT03,0.8408792260453676,Yes,False,False,handrail
WBDS37,walkT04,0.8293616489686834,Yes,False,False,handrail
WBDS37,walkT05,0.8396012370635288,Yes,False,False,handrail
WBDS37,walkT06,0.8306344348153024,Yes,False,False,handrail
WBDS37,walkT07,0.8209438450316066,Yes,False,False,handrail
WBDS38,walkT01,0.9095142055785062,No,False,True,
WBDS38,walkT02,0.9137382146753225,No,False,True,
WBDS38,walkT03,0.9131764460420505,No,False,True,
WBDS38,walkT04,0.9166083153006539,No,False,True,
WBDS38,walkT05,0.9158023379890432,No,False,True,
WBDS38,walkT06,0.9185729146174985,No,False,True,
WBDS38,walkT07,0.9124148082574767,No,False,True,
WBDS38,walkT08,0.8888600291503478,Yes,False,False,handrail
WBDS39,walkT01,1.755682195150034,Yes,False,False,handrail
WBDS39,walkT02,1.7348288331518302,Yes,False,False,handrail
WBDS39,walkT03,1.7352220208750653,Yes,False,False,handrail
WBDS39,walkT04,1.6954563875998487,Yes,False,False,handrail
WBDS39,walkT05,1.7314857294882597,Yes,False,False,handrail
WBDS39,walkT06,1.6709203323329138,Yes,False,False,handrail
WBDS40,walkT01,1.8625838653476576,No,False,False,force/mass scale (bw ratio 1.86)
WBDS40,walkT02,1.875494494768257,No,False,False,force/mass scale (bw ratio 1.88)
WBDS40,walkT03,1.8750893673564661,No,False,False,force/mass scale (bw ratio 1.88)
WBDS40,walkT04,1.8703831032618854,No,False,False,force/mass scale (bw ratio 1.87)
WBDS40,walkT05,1.870067310977221,No,False,False,force/mass scale (bw ratio 1.87)
WBDS40,walkT06,1.8724681689222598,No,False,False,force/mass scale (bw ratio 1.87)
WBDS40,walkT07,1.859259399687099,No,False,False,force/mass scale (bw ratio 1.86)
WBDS40,walkT08,1.8669398080236321,No,False,False,force/mass scale (bw ratio 1.87)
WBDS41,walkT01,0.780153320471355,No,False,True,
WBDS41,walkT02,1.887698278698987,No,False,False,force/mass scale (bw ratio 1.89)
WBDS41,walkT03,1.8762639325670751,No,False,False,force/mass scale (bw ratio 1.88)
WBDS41,walkT04,1.879111434457789,No,False,False,force/mass scale (bw ratio 1.88)
WBDS41,walkT05,1.8778670300263482,No,False,False,force/mass scale (bw ratio 1.88)
WBDS41,walkT06,1.8849740859969093,No,False,False,force/mass scale (bw ratio 1.88)
WBDS41,walkT07,1.8737253047607443,No,False,False,force/mass scale (bw ratio 1.87)
WBDS41,walkT08,1.880210693857767,No,False,False,force/mass scale (bw ratio 1.88)
WBDS42,walkT01,1.8220112765395953,No,False,False,force/mass scale (bw ratio 1.82)
WBDS42,walkT02,1.828985528721566,No,False,False,force/mass scale (bw ratio 1.83)
WBDS42,walkT03,1.8256072733652,No,False,False,force/mass scale (bw ratio 1.83)
WBDS42,walkT04,1.8296840905450094,No,False,False,force/mass scale (bw ratio 1.83)
WBDS42,walkT05,1.8452130155494069,No,False,False,force/mass scale (bw ratio 1.85)
WBDS42,walkT06,1.8378605459546853,No,False,False,force/mass scale (bw ratio 1.84)
WBDS42,walkT07,1.842962754793504,No,False,False,force/mass scale (bw ratio 1.84)
WBDS42,walkT08,1.8408602621818635,No,False,False,force/mass scale (bw ratio 1.84)
WBDS43,walkT01,0.5219224501672444,--,True,False,dead belt
WBDS43,walkT02,0.5296152359434158,--,True,False,dead belt
WBDS43,walkT03,0.5362422719297684,--,True,False,dead belt
WBDS43,walkT04,0.5284365781454964,--,True,False,dead belt
WBDS43,walkT05,0.5338639860281944,--,True,False,dead belt
WBDS43,walkT06,0.5277168841940213,--,True,False,dead belt
WBDS44,walkT01,0.496573742645871,--,True,False,dead belt
WBDS44,walkT02,0.49828843407802526,--,True,False,dead belt
WBDS44,walkT03,0.49147520804985234,--,True,False,dead belt
WBDS44,walkT04,0.496061210694727,--,True,False,dead belt
WBDS44,walkT05,0.4872996643653741,--,True,False,dead belt
WBDS44,walkT06,0.48614619940203285,--,True,False,dead belt
WBDS45,walkT01,0.49038787277276313,--,True,False,dead belt
WBDS45,walkT02,0.49221983302097017,--,True,False,dead belt
WBDS45,walkT03,0.49171330517585415,--,True,False,dead belt
WBDS45,walkT04,0.49048518087799653,--,True,False,dead belt
WBDS45,walkT05,0.49650092702726545,--,True,False,dead belt
WBDS45,walkT06,0.5122370298706603,--,True,False,dead belt
WBDS46,walkT01,0.49829020810872726,--,True,False,dead belt
WBDS46,walkT02,0.5009523705833928,--,True,False,dead belt
WBDS46,walkT03,0.49966178723786386,--,True,False,dead belt
WBDS46,walkT04,0.5043873250646199,--,True,False,dead belt
WBDS46,walkT05,0.5078021369423585,--,True,False,dead belt
WBDS46,walkT06,0.5132408880165436,--,True,False,dead belt
WBDS47,walkT01,0.5145691127830478,--,True,False,dead belt
WBDS47,walkT02,0.5113489769806899,--,True,False,dead belt
WBDS47,walkT03,0.5022738430795738,--,True,False,dead belt
WBDS47,walkT04,0.4962227808683378,--,True,False,dead belt
WBDS47,walkT05,0.5013907442809077,--,True,False,dead belt
WBDS47,walkT06,0.504193729491902,--,True,False,dead belt
WBDS48,walkT01,0.5070927229119374,--,True,False,dead belt
WBDS48,walkT02,0.49798583349205955,--,True,False,dead belt
WBDS48,walkT03,0.5084913135206653,--,True,False,dead belt
WBDS48,walkT04,0.4894723687176758,--,True,False,dead belt
WBDS48,walkT05,0.4940596217983293,--,True,False,dead belt
WBDS48,walkT06,0.49708767280970323,--,True,False,dead belt
WBDS49,walkT01,0.48937486449998413,--,True,False,dead belt
WBDS49,walkT02,0.4945908409362373,--,True,False,dead belt
WBDS49,walkT03,0.4804100140276832,--,True,False,dead belt
WBDS49,walkT04,0.5019398848983251,--,True,False,dead belt
WBDS49,walkT05,0.49698068628659836,--,True,False,dead belt
WBDS49,walkT06,0.4860506784962298,--,True,False,dead belt
WBDS50,walkT01,0.4945772324935876,--,True,False,dead belt
WBDS50,walkT02,0.5086648981408863,--,True,False,dead belt
WBDS50,walkT03,0.5191534652094231,--,True,False,dead belt
WBDS50,walkT04,0.5180634912914629,--,True,False,dead belt
WBDS50,walkT05,0.5157005998891688,--,True,False,dead belt
WBDS50,walkT06,0.5252827265650633,--,True,False,dead belt
WBDS51,walkT01,0.4640207683296855,--,True,False,dead belt
WBDS51,walkT02,0.48282949403426445,--,True,False,dead belt
WBDS51,walkT03,0.4833919464922909,--,True,False,dead belt
WBDS51,walkT04,0.48851914790633766,--,True,False,dead belt
WBDS51,walkT05,0.48270140460272715,--,True,False,dead belt
WBDS51,walkT06,0.4792635615221254,--,True,False,dead belt
