subject,trial,speed,age,R_cycle,R_early,R_mid,R_late,R_swing,R_stance,L_cycle,L_early,L_mid,L_late,L_swing,L_stance
WBDS02,walkT01,0.5,Young,0.11704490036964786,0.3547379227853942,0.12186441281288649,0.03572045983682147,0.00030073698332361336,0.17002226215554994,0.05498352092700809,0.27044333352599176,0.04941855412705744,-0.05239450331224671,-0.02011230043393949,0.08875979128714434
WBDS02,walkT02,0.69,Young,0.09703111653700575,0.3398681112088032,0.07955996822922856,0.02771734147417512,-8.086260439672588e-05,0.14866833958155892,0.07268147880719071,0.3092333694619452,0.032224792671509774,-0.03055194740520617,0.018512083346213414,0.10293192042825594
WBDS02,walkT03,0.88,Young,0.07306759129621253,0.29663858358904116,0.04970183176961645,0.004833034754940874,-0.0002330719268347967,0.11589774117644651,0.08885689649593408,0.3709784565661132,0.04518725514409547,0.01939874143331104,0.0006082936187500003,0.14415753145150487
WBDS02,walkT04,1.06,Young,0.08787211202488847,0.30557326618137753,0.03373935328167541,0.09523443531136419,-0.0005645323623293695,0.1434579206916896,0.08175985251029083,0.3338860235153377,0.00699077341232943,0.06356751931483791,0.0008023237147836856,0.13403963599579075
WBDS02,walkT05,1.25,Young,0.10560373413373582,0.3623025639710422,0.010877085732232129,0.16752773203346413,-0.002951220147285541,0.1808177471966442,0.0652413550048268,0.29678216212322367,-0.030302937488510855,0.07199103257134166,-0.0023809373672500455,0.11126997418245894
WBDS02,walkT06,1.44,Young,0.08612019482333436,0.3278592466518085,0.004523601959237466,0.11653651586605172,-0.001878338901281048,0.14879179629781586,0.04318634976876958,0.29215147362417615,-0.05310255645815789,0.006274593029387417,-0.011822789190091915,0.07953283897409087
WBDS02,walkT07,1.63,Young,0.11046809481703676,0.36555474442475017,-0.069156088732985,0.2894457482955742,-0.003483378661022655,0.19518668717868243,0.04944826521534829,0.1751996057185643,-0.08283122054633595,0.16622384457420716,-0.002337036043599812,0.08525791574358586
WBDS02,walkT08,1.81,Young,0.09685615722909022,0.33412022906155453,-0.04001916832848181,0.22175182115582961,-0.0022556442501663345,0.17294198462730737,0.04410459644342337,0.1947216998847917,-0.0440113167264811,0.10172771779766462,-0.010918979525109737,0.08379373320761117
WBDS03,walkT01,0.39,Young,0.0552205646262292,0.15641922602354955,0.1319637086003481,-0.027296081329572022,-0.0037532963694807825,0.08445547007709399,0.07092174587482651,0.2133719190487227,0.10081093313433853,-0.004682389735666266,-0.0012267681537515872,0.10428289720837516
WBDS03,walkT02,0.54,Young,0.05508551556218767,0.16837778463077152,0.12605185888808348,0.011002537055470163,-0.02168772684137552,0.1020450506317501,0.06907867650519584,0.22515175943642074,0.11254196778564697,0.011739765053888143,-0.030578944874031712,0.11546502225533174
WBDS03,walkT03,0.68,Young,0.07064038969121192,0.18209744283588386,0.12634128649851542,0.012909998379274397,0.009403773227540187,0.10558694044796699,0.07030213451648346,0.2309818179182881,0.10533479286037968,0.0005428675872721191,-0.004133981352615412,0.11366243411468499
WBDS03,walkT04,0.83,Young,0.06998449407734374,0.1590658706895939,0.10736366200322169,0.06369771439367997,0.002976933181625276,0.10990389205777173,0.07206482292725623,0.20752285450666477,0.11965697507281788,0.027644569587714038,-0.0010267589817448573,0.11782134168329754
WBDS03,walkT05,0.98,Young,0.07388169924766037,0.16660676885969303,0.08358143241452044,0.09968562432796031,0.005888320910925885,0.11619044104004325,0.061980308907758914,0.20318184237916725,0.08591430431416887,0.013404232310226293,-0.002092876207257201,0.10156944177543449
WBDS03,walkT06,1.12,Young,0.07826982381341688,0.15626157317861036,0.08287637591570321,0.14512866773302527,0.0018479200689688953,0.12826461787388482,0.05699872234337519,0.1632569932590802,0.06851865901568238,0.04997783935682711,-0.0032440932699432344,0.09343906514654028
WBDS03,walkT07,1.27,Young,0.07927750824159156,0.15565171773935818,0.0667370346397373,0.17615619249072292,-0.0031988407063262155,0.13334064119405006,0.051820229801974024,0.1508936132807494,0.057086259760060716,0.0506457575078539,-0.0020917575209744984,0.08670445689329366
WBDS03,walkT08,1.42,Young,0.07925608293403812,0.17408244327385416,0.05156199269540448,0.18483105676658773,-0.0072834051890850356,0.13660648005126222,0.03690797152177438,0.1396944947079153,0.01894331648268713,0.044255654948840935,-0.009638557191302074,0.06806232539809422
WBDS04,walkT01,0.52,Young,0.059206603507522576,0.2919566754259802,0.037332754887525986,-0.010142873481143254,-0.02741640045851714,0.10247171687720825,-0.015716411631648015,0.20707214778612484,-0.05781683525807214,-0.1057039291869887,-0.08073036366285145,0.01714010176046555
WBDS04,walkT02,0.71,Young,0.07699461579579064,0.30884930168540603,0.021356518758902564,0.021703704950155545,0.006930874321779752,0.11835371195557218,0.00946106006617276,0.19836940742257714,-0.03415788288873958,-0.12048500007326868,0.004986879909256929,0.011933850947721435
WBDS04,walkT03,0.91,Young,0.054323366418352795,0.27626392582225406,-0.01950713312485294,-0.003465613859171425,0.007278294013485969,0.08368560418380332,0.02764651080417302,0.25173138315688687,-0.0427151186765063,-0.0713229208356629,-0.0009396104708551365,0.0454700181936668
WBDS04,walkT04,1.1,Young,0.0578459367044632,0.32349055463368254,-0.04700250588547264,0.0013759164662685594,0.007845685401305653,0.09121251965031782,0.024993234111789227,0.2605028052373227,-0.07626478778312017,-0.049836847177600424,-0.0028351147709977033,0.04294595272124871
WBDS04,walkT05,1.3,Young,0.057642295510898146,0.32331639754595815,-0.11312148785094527,0.0688067850229501,0.007836605033064397,0.09342739881657576,0.020895409652533576,0.24149835027899366,-0.11354246563441404,-0.016135914362478996,-0.0022635539006129477,0.035940549368521146
WBDS04,walkT06,1.49,Young,0.0697359558020017,0.3352933266819874,-0.139971014553145,0.1359342170850739,0.012821274852908593,0.11046901177537222,0.017213959958580393,0.21435074330737763,-0.10558451139639007,0.00037317245292849024,-0.007631212204763843,0.034479249089039946
WBDS04,walkT07,1.69,Young,0.06589706855145261,0.29646602531033517,-0.14821462447818176,0.14868655763635508,0.018632739741351347,0.10059400357389689,0.01167207012815875,0.20276494623135857,-0.14848817696480868,0.01974049681737242,-0.005217062962240833,0.023712120960955846
WBDS04,walkT08,1.88,Young,0.07053000471481553,0.33973292051801,-0.08619643531240935,0.07060002917462682,0.02055686331995058,0.10721549001624822,0.002103456444219837,0.1709321004870986,-0.11250179299509862,0.0019053409644951141,-0.019430991991208246,0.01791198217427398
WBDS06,walkT01,0.51,Young,0.09577097539418442,0.23202541796315967,0.11953300911869272,0.12341581136697202,-0.02168025621278209,0.15835447836723957,0.10268860841923691,0.2493243770844687,0.12237951370682873,0.10943926722874167,-0.01104452723175772,0.1590691372034907
WBDS06,walkT02,0.71,Young,0.109420904523327,0.25364922797088263,0.12024958914421281,0.1507618259800405,0.0005491887100436349,0.17434668259669894,0.10012308243683621,0.23336251001789798,0.13230340285026645,0.09748977430733359,0.008555128187695158,0.15439714860725995
WBDS06,walkT03,0.9,Young,0.11217046978762961,0.23979562962500633,0.1230325376584917,0.19446966099539548,-0.00031707281424825666,0.18583252487207447,0.09169716529647857,0.20864955389334106,0.12436724135610706,0.11210930516453778,0.0008227496179274583,0.14784607236442773
WBDS06,walkT04,1.09,Young,0.11851010312560875,0.2207036044794228,0.11869290555236624,0.24391216042003774,-0.0003150155016538054,0.19478486652903532,0.08674957412999916,0.17087829260308418,0.11909137868998672,0.14332399853558792,0.0012317789745121,0.14432928481237886
WBDS06,walkT05,1.28,Young,0.11318205229677679,0.18741460338660934,0.0963456118656823,0.27399370196012396,0.0023547246586305003,0.18619152405839925,0.07878431699717786,0.1197035793048713,0.10568808890210263,0.16757786092972105,0.003338140349682162,0.13100693242038394
WBDS06,walkT06,1.48,Young,0.08316855636867956,0.12385535096614966,0.06060023570657433,0.24159198778156404,-0.0034424759428345105,0.1435338213130682,0.05751880138277803,0.05794628343703223,0.1068880152238857,0.1284162834232141,-0.0010117020908834715,0.09787329975520598
WBDS06,walkT07,1.67,Young,0.09484131126175592,0.14248149387801462,0.04758815601119089,0.27299812254928874,0.009491279498171116,0.15485629710038368,0.06274037902510157,0.02819809854041937,0.14792049166293456,0.1295622207034687,0.007371531639224684,0.10225082948528054
WBDS06,walkT08,1.86,Young,0.09941845859873641,0.1488172289118919,0.04651287039768845,0.28618100472075764,0.010128725132720798,0.16079842403077846,0.04467747270380092,-0.05355532043113768,0.2011339512287153,0.0728865425743054,0.0030640439190622944,0.07431410543390218
WBDS07,walkT01,0.44,Young,0.060097079105095964,0.1241133423741955,0.07390611032307222,0.05755992026352712,0.01482580502103636,0.0855358649515125,0.019277841684541316,0.09466515109794614,0.010592760932284876,-0.009665390860053509,-0.00509600073446688,0.031360601174306064
WBDS07,walkT02,0.61,Young,0.097489355331524,0.19834711826515483,0.10296691768284191,0.14619583932397967,0.001258262077475814,0.14817596170197683,0.04112658579667388,0.12627593128970674,0.019843888236070046,0.03656675788323799,0.0041256463347426305,0.061259449915665884
WBDS07,walkT03,0.77,Young,0.09586124243832499,0.20697067286831922,0.09083802815954005,0.15213133349232155,0.00016070588495202588,0.14985986920866393,0.03013343738816917,0.13397986447803814,-0.06576990347674931,0.07246246829858534,0.001688844408002617,0.047461752651948796
WBDS07,walkT04,0.94,Young,0.09585995708826027,0.22700873740329527,0.08676414038278762,0.15227564344495162,0.0013480277890644981,0.15562323301899927,0.044891918620458646,0.15651546761433394,-0.01557177282159614,0.07528516214583929,0.003418768120331523,0.07186168839559043
WBDS07,walkT05,1.1,Young,0.10330848852797656,0.2594114089270785,0.09427770869181029,0.14785344298663775,0.0014107741810049958,0.16748388254626712,0.050793731568529545,0.18358282863664685,-0.031791841967524104,0.09066761954890974,0.005814012844073403,0.07966656117977153
WBDS07,walkT06,1.27,Young,0.08729203894209134,0.2682968348713074,0.05699513100301725,0.10360561719257458,0.0019897023804032192,0.1431519614659391,0.034318633064174826,0.20236350145435344,-0.07458460255555409,0.03659202380149763,0.006482695280035106,0.05298664861869336
WBDS07,walkT07,1.43,Young,0.08326131102252599,0.2670848761182582,0.08258392771759582,0.04223556890173801,0.015308253921057427,0.1294693898515246,0.03205615516788948,0.1980576347764886,-0.04484140467320961,0.02249732740765456,-0.004632070102712283,0.05780332136265539
WBDS07,walkT08,1.6,Young,0.0719895539519717,0.27967032464730407,0.10225905292514219,-0.04261939635437351,0.016808584040129346,0.11052474806347663,0.03882450873618922,0.20357545147115658,0.003992567402845129,-0.023399682658959236,0.007501224248490079,0.061484726443129564
WBDS08,walkT01,0.55,Young,0.07177390899980939,0.3017333080224782,0.04339150466948474,0.018445715805235876,-0.023788410564845718,0.12043068471778147,0.0585359846962305,0.2918160579312229,0.001962286984537941,-0.0037594819382336156,-0.013629229148161394,0.09590958478261055
WBDS08,walkT02,0.76,Young,0.09541122959038402,0.31966062431210207,0.022992817873866464,0.08829818333293125,0.013974168570271776,0.14117225569726005,0.06782700128862813,0.27306993478539404,0.024571835995798447,0.018271025869748277,0.0008314074836843537,0.10633627961745411
WBDS08,walkT03,0.97,Young,0.09423262701725459,0.34155858439873293,0.007739439432467484,0.07380761716664833,0.02161545109035392,0.13802466440828629,0.08447960365482426,0.32736811222275364,0.01349914393500505,0.04334962792185348,0.014983250262240629,0.127985450900588
WBDS08,walkT04,1.17,Young,0.041529578391619866,0.2798148923602407,-0.0936881751005272,0.050132488452934006,-0.010417709091558274,0.07564880271489072,0.0799384619143867,0.3359834222434095,-0.01254390841354779,0.04624196061882487,0.01003351874245954,0.1246317862374221
WBDS08,walkT05,1.38,Young,0.04256828312238221,0.2501734131159544,-0.10801171152855561,0.07402949691853047,0.0003055330909056256,0.07108047333500517,0.07715381588919147,0.31877986250421225,-0.013870415824279385,0.05958596372485986,0.00991307611112163,0.12123002804958966
WBDS08,walkT06,1.59,Young,0.0370959645907475,0.21435292788466526,-0.11110649569245958,0.0891903167890165,-0.001991796902888403,0.06375453800831336,0.06509380765673113,0.24997665042630698,-0.02537014706103602,0.07091977285484038,0.019318417584815735,0.09681000900039197
WBDS08,walkT07,1.79,Young,0.08458527413861232,0.23455704553617696,-0.06303961153228232,0.19329671081624303,0.0337917798030482,0.12051237988815765,0.05098290563792625,0.1581402800933387,0.007970094855535882,0.11407443209635515,-0.008190316043076138,0.09296049024923565
WBDS08,walkT08,2.0,Young,0.06778779816234533,0.1920492304705509,-0.12453588402876896,0.24080074809522822,0.018239689709947708,0.10300631109490493,0.06971110879524585,0.10704153798395771,-0.005410356292621743,0.21706594514393354,0.01794812614069801,0.1070483421854115
WBDS09,walkT01,0.47,Young,0.10108809020312817,0.25710766230212934,0.1201274301574236,0.0986056568128439,-0.00410288682853455,0.15731549224818575,0.03613192158705107,0.14881906713525603,0.00738179561992589,-0.019852220226561915,0.015611204527147737,0.04609829743538757
WBDS09,walkT02,0.64,Young,0.11319095958266126,0.24039257109067205,0.12670984987393427,0.15979778767048425,-0.002588499538134688,0.17468956400810776,0.040480080800180014,0.13764139837828412,0.04462366803246192,0.007305459472212823,0.0017024159765097148,0.06386508477781325
WBDS09,walkT03,0.82,Young,0.10398379828135511,0.2424687318295791,0.09123867868175443,0.16771261839541893,-0.003264925263667164,0.1669711438554158,0.049071988719739536,0.1697500745575137,0.012811056918371026,0.06010854162006124,-0.002534499862391861,0.08160651413021368
WBDS09,walkT04,0.99,Young,0.09944012429058342,0.24957478621119203,0.05921641554895803,0.1688912501422812,-0.002279854393181602,0.1586937365909228,0.04212621278459658,0.19703075351248892,-0.035673764956756664,0.05437306540130629,-0.001546905507011119,0.07164826481411911
WBDS09,walkT05,1.17,Young,0.09064217770570704,0.2186583555951121,0.04534778802075204,0.18361711421229554,-0.0026586344674343174,0.14881543245455786,0.042671363479279266,0.18714621273956686,-0.06568497807547256,0.09554980160060517,-0.0017340504699438425,0.0723631837719064
WBDS09,walkT06,1.35,Young,0.08158785851067353,0.19784024025513308,0.04685830139985125,0.1602574468110834,-0.0025390029542726603,0.13462435812987875,0.0459117969337284,0.2066322263550226,-0.020426680299590754,0.053243492053121524,-0.0015408580997735705,0.07924598873472513
WBDS09,walkT07,1.52,Young,0.08521693897257067,0.20581554002575447,0.04922526468222778,0.17060503691972415,-0.0035672929925743644,0.14169713016816157,0.042409776442444785,0.20556579811510292,-0.030238077320875058,0.04407153768017202,-0.0008574506519850146,0.0732846765600122
WBDS09,walkT08,1.7,Young,0.09720802267433179,0.21823350680428313,0.06533414310360801,0.2135905592166289,-0.0028161032570939906,0.165831559895049,0.04278531430983205,0.18055874071894457,-0.0220399828897359,0.062323350350036485,-0.0010335742233485523,0.07341599367283208
WBDS11,walkT01,0.53,Young,0.11072927985546858,0.29135649066962677,0.15582971635172496,0.0978170374010495,-0.036668516713045766,0.1824715702206747,0.06587036740484571,0.2462122589916714,0.03825458688233125,0.023065814931559788,-0.003987557086665572,0.1015152414981411
WBDS11,walkT02,0.72,Young,0.12441907159904368,0.2941334982376079,0.12322446967135554,0.08820638434267852,0.04660566226470086,0.16662634504260757,0.06015659091500386,0.2651703424231119,0.006925935358616666,0.018650947454303356,-0.00034454878189354104,0.09708826821464368
WBDS11,walkT03,0.92,Young,0.13519089118950012,0.34957361853016555,0.0983421872161541,0.13820253229696558,0.030064051125945665,0.1961162242236999,0.054158696195448046,0.291767313610686,-0.05437983582250745,0.033643676858990085,-0.0013338335723108376,0.08834243615627219
WBDS11,walkT04,1.12,Young,0.12917419650722975,0.3846144585620056,0.06942861903521864,0.14814497420737402,0.014327180561247203,0.19992066535275418,0.04463337784086247,0.315738074399562,-0.09981126252063759,0.008994914548764015,-0.0024304401698005845,0.07625906446586218
WBDS11,walkT05,1.31,Young,0.11695211312818599,0.33974868663114627,0.04363938173644605,0.14086232235653234,0.0310062969611328,0.1732334159137031,0.045835836729768105,0.33243808301978456,-0.15860762391139827,0.06081275734569087,-0.00041919487572373497,0.07735147475720891
WBDS11,walkT06,1.51,Young,0.11988696816463086,0.4088736351874173,0.04140808211880784,0.07680719380372637,0.04169718732279338,0.17422223959709418,0.06506308767843848,0.42410202463384716,-0.13749279383617813,0.044175335783855144,-0.00097055040519922,0.10934817670350336
WBDS11,walkT07,1.71,Young,0.11352464088386652,0.3878600588901472,-0.0017644203352293513,0.10328928196445983,0.047636996872351005,0.16161068091204012,0.08061960599829895,0.4668760525200096,-0.14223426348246626,0.09325392764953438,-0.0003891859636913165,0.13625214987581036
WBDS11,walkT08,1.9,Young,0.11749618928904514,0.3946517258014805,-0.09701742442049673,0.19263309524941621,0.05478505899939158,0.16264203984154754,0.07385123469437224,0.40967414125449353,-0.1796629194748067,0.15093524075301445,0.00029718102300866706,0.1269585280585671
WBDS12,walkT01,0.42,Young,0.00241470645490988,0.05490437811061683,-0.02610532173547909,-0.05042877876198204,0.01654782872587359,-0.007007375059065927,0.14663689999835935,0.27966499408498047,0.12935621986350254,0.16411968555743423,0.06289797848086459,0.19069720463401796
WBDS12,walkT02,0.58,Young,0.0073250933147092495,0.07268811375304916,-0.04723485351330209,-0.005522366933062818,0.008137150036181566,0.0067529624427628415,0.10078811312063554,0.2183761440616417,0.08250285328684417,0.15847597186257165,0.012237628085945548,0.15306005790256727
WBDS12,walkT03,0.74,Young,0.018471120109765222,0.06608154856413846,-0.02946333354560549,0.038649605477760536,0.008833841262767953,0.024857820343285972,0.09062027876468912,0.22506135581311032,0.05931654353739875,0.15005961356235584,0.010591008501614055,0.14349845615084905
WBDS12,walkT04,0.9,Young,0.03331593048288603,0.08810464440778443,-0.011436151225038332,0.08524736471171449,0.002678744985999161,0.054273042935848746,0.08806557796851865,0.17863585425754797,0.049727861642523706,0.1534996383948873,0.028723616891772594,0.12684811945962038
WBDS12,walkT05,1.05,Young,0.03701380850515713,0.07478959440550531,-0.006157510617564881,0.11236434097221498,0.002432997647834647,0.06048232042991076,0.07939077994572115,0.15538857078270227,0.052412424230381706,0.16499546464223852,0.013228374653988847,0.1242923643523404
WBDS12,walkT06,1.21,Young,0.04118876402899028,0.08365389182663782,-0.0018114405967095905,0.12062351796092123,0.003845570133503418,0.06736983678439237,0.08294809884882849,0.12715569321396697,0.05672788492421735,0.18509553318628924,0.023666495910544125,0.12329944202530778
WBDS12,walkT07,1.37,Young,0.039998431058281776,0.06959014200678064,-0.015397445467509263,0.11848782786959952,0.015593555382374256,0.05814252916353307,0.07995674642988049,0.11767538734249547,0.08546187980026879,0.14925057438917677,0.025693179312936715,0.11729566399588039
WBDS12,walkT08,1.53,Young,0.023865807589865142,0.0288474574431998,-0.043700769186299025,0.060495613726923185,0.03500447006913865,0.01543025148631492,0.07752383662257761,0.0744269754885383,0.09954109909235459,0.17467324648864932,0.021478368113281212,0.11701041670867281
WBDS13,walkT01,0.41,Young,0.15128092117678416,0.2692049448156257,0.2416536552006096,0.16956834960747003,0.01570094534490887,0.22770239675737208,0.0695706092980779,0.1357021771367948,0.14283580046737568,0.02304854425667441,0.014031919991257361,0.09894728041668373
WBDS13,walkT02,0.56,Young,0.1433314249558838,0.2637258883641143,0.24064899379828072,0.21093883576609043,-0.01369480141103679,0.23831519122979866,0.0730133483836495,0.14545952728068404,0.16183733540237485,0.06175949246797603,-0.0088874279841416,0.12220375370210941
WBDS13,walkT03,0.71,Young,0.14859096491073343,0.28074215018127174,0.20850920550095994,0.22891315308762125,0.005934445463125904,0.2392511828774372,0.07327143240973787,0.16119561621388165,0.11936295443491793,0.07756978041194915,0.005937984616976215,0.11874232475642534
WBDS13,walkT04,0.87,Young,0.15001569561568898,0.26419219972692776,0.2335497330568758,0.2493556265691868,0.004941713668494688,0.249154428769984,0.07168702607145692,0.14698877656184786,0.10696805830854034,0.09017532258872622,0.005201871501757897,0.1143217031519087
WBDS13,walkT05,1.02,Young,0.15415946762395338,0.2834837018138087,0.21593709496748095,0.2502630167161856,0.007772126480207738,0.24982993467065331,0.06583489650534016,0.15727201821507936,0.08951918727582242,0.08336899715262051,0.0030528246620041507,0.11002430609892555
WBDS13,walkT06,1.17,Young,0.1526873505534878,0.33830639797398243,0.16580538154364277,0.24982410576369568,0.004572503997874487,0.250844220361127,0.06499081074323997,0.18844118728411788,0.052297238072422196,0.08319726425160384,0.001559663504957315,0.10795376031038349
WBDS13,walkT07,1.33,Young,0.15050544998527374,0.3483325254092978,0.16215902717636096,0.22227528946985556,0.009205268372233321,0.24377473982471148,0.0643521332004159,0.2227046641018542,0.015784417964224137,0.0809042657797603,0.0038340820282120945,0.10678094914982246
WBDS13,walkT08,1.48,Young,0.1543598177260271,0.37921394683680976,0.15803370635367692,0.2164076471000402,0.016261289856300938,0.25184773057638615,0.06511659581898303,0.24898222590465774,0.011748452766513505,0.06957714502828781,0.0003663643395333661,0.1092338472113062
WBDS14,walkT01,0.45,Young,0.10564960500599871,0.2260496259580307,0.1465867728243082,0.09967909699200259,-0.0009290939236616327,0.15786144722730447,0.05235033870209302,0.13172331376185548,0.08191387751952277,-0.003897179261622614,0.01035241213347387,0.06942518225678279
WBDS14,walkT02,0.62,Young,0.10337059802880552,0.20870360956299522,0.13260061664225653,0.13300113148367937,-0.0011043682649669634,0.15811002158766163,0.05867369463169304,0.13935621266796483,0.07712763266982936,0.04027510028290258,0.006462618002161685,0.08520104595334002
WBDS14,walkT03,0.78,Young,0.08880968420084016,0.18757850421094224,0.10085791012409799,0.13361881441408122,-0.001515662267696375,0.14083572803919048,0.06556074943006991,0.1550925230222823,0.07445166753391781,0.08233905942163185,-0.00032203693129668153,0.10339149482197907
WBDS14,walkT04,0.95,Young,0.10180360083497439,0.21722449679663675,0.09285097774252925,0.1842993582264988,-0.0010908891606527288,0.16474059893667417,0.06133062731928269,0.1760239768540298,0.0375054426696474,0.08371224070319333,-0.0008973241254585243,0.0987813166327082
WBDS14,walkT05,1.12,Young,0.10411520108556244,0.2416016008166143,0.0695134543499697,0.2018351490530269,-0.0008973850675975846,0.17051841821389177,0.058931591664535904,0.18067635352630565,0.013156418268971076,0.09640821951093716,5.5009736832664925e-05,0.09714242398746226
WBDS14,walkT06,1.29,Young,0.10979121075204645,0.28251505494934803,0.06134989926193033,0.20928420886735466,-0.001121777560425671,0.18307535605459332,0.05104458880657511,0.1630106225283781,-0.00673047854217481,0.0980974767811007,0.00031738884392130756,0.08547096192271665
WBDS14,walkT07,1.46,Young,0.10721960640320578,0.2475430191225682,0.0747165916625509,0.23125378591287676,-0.0013139375201976593,0.1845160194623928,0.05549254282266341,0.11398211809677938,0.002192070773527628,0.1601467563300732,0.0009904213778519017,0.0918994404676884
WBDS14,walkT08,1.62,Young,0.10713186496086097,0.22425248002920153,0.09442380292600847,0.23112671090387554,-0.0007332134418076171,0.18365153596446349,0.05800320105164842,0.10195784281578979,0.046247738985431955,0.14562264832347957,0.0008779738765981409,0.09825052019770657
WBDS15,walkT01,0.61,Young,0.07464743542871458,0.17601876941195577,0.12308760856838244,0.09614226644777325,-0.019732067326533785,0.13156331876966587,0.12716720832019754,0.26459893155029485,0.1686632828728466,0.1307946193441918,0.019443408162668225,0.1882013196366045
WBDS15,walkT02,0.85,Young,0.07089656684176356,0.16182693198420084,0.05699253614596902,0.16786235608717368,-0.023842149194220882,0.12872786896188906,0.1250387604717247,0.28111797625484386,0.11467224173190979,0.18922137545205261,0.0018231796945017832,0.1948501991888458
WBDS15,walkT03,1.08,Young,0.06523915047585645,0.15510991339476052,0.02518449079132448,0.1672118720092162,-0.01642240169937189,0.11589955784382217,0.13234529878491896,0.3564968323111226,0.05088922204197865,0.2331335522336153,0.0008227662927079785,0.21328224185704883
WBDS15,walkT04,1.31,Young,0.06754349827772896,0.15648427827419234,0.0007881717619095798,0.20774325483756584,-0.014468240594399252,0.12243529806336641,0.13567873184579968,0.37279631727968265,0.017346269902178357,0.2684556039402166,0.0011127005583719029,0.22059904285242887
WBDS15,walkT05,1.54,Young,0.09347505516011001,0.203369238476345,0.0924307447360315,0.20685484707609234,-0.014852298610054063,0.16728336425411292,0.12106876191864178,0.3437630888142619,0.03580967314078328,0.21519030958695987,0.002912727818611579,0.19851987926525205
WBDS15,walkT06,1.77,Young,0.0786141745585697,0.20606500215056406,0.10243010401266844,0.12500801858867083,-0.0157173219180637,0.14365206070537165,0.09654130444370293,0.3361587578191222,0.02841019911356356,0.11740888017648941,-0.0011403533843368683,0.16114721104515967
WBDS15,walkT07,2.0,Young,0.09525946906442416,0.30962442136953,0.15478682780516573,0.05427734398092099,-0.012504349221656887,0.17200769187151083,0.09940980158537771,0.40082706637930005,0.03216951792120195,0.053719227836468285,0.009315774223179304,0.15870184406969856
WBDS15,walkT08,2.23,Young,0.10510369328436517,0.4402336580068626,0.18725938901290162,-0.054937063062974564,-0.006342305025796543,0.18909535380621983,0.0810627312103059,0.5262307385020736,-0.07343926362044688,-0.060040423238921316,0.012938637860643329,0.12616427777698003
WBDS16,walkT01,0.44,Young,0.15300069275586745,0.31521337055292126,0.2054673104782173,0.10612346091135041,0.031131005078209456,0.20879594372665222,0.052192549169411094,0.18645512891912797,0.07890674333172767,-0.04236738991580971,0.008154114224547137,0.07376653947053105
WBDS16,walkT02,0.61,Young,0.15788669856464665,0.31190365978138973,0.21316171061576106,0.17846935062194813,0.016939694826966546,0.2340994217889095,0.062383034498559156,0.17566827982497163,0.10246584955774515,0.008925921632821774,0.0038314844304060567,0.09525026148848896
WBDS16,walkT03,0.77,Young,0.15607865706058663,0.287631450949695,0.199974770768519,0.18737565898599493,0.03917495147244528,0.22501732977304847,0.059966164012689505,0.17929306464193007,0.07294026251530616,0.03227511714732272,0.00193976224386389,0.09414970830102151
WBDS16,walkT04,0.94,Young,0.15766731020911062,0.28848439127205927,0.18240340844495753,0.20650900006145528,0.04564429806231231,0.22481286280585874,0.0669034810445854,0.18752513565571777,0.07470685800989264,0.04464166951173222,0.011548805847096957,0.10282860004790242
WBDS16,walkT05,1.1,Young,0.15884336799969828,0.29219303580276806,0.16469691340852746,0.24490529475753736,0.039602546350623706,0.23356515321588828,0.08901539363440136,0.2125096497290605,0.08675368141769944,0.11748912402894988,0.011193558590125247,0.1386211247444955
WBDS16,walkT06,1.27,Young,0.15780555138638933,0.323773544048151,0.13766740383553597,0.2373782668892163,0.04410076136962763,0.2320425630502255,0.0808583767028297,0.1995280181895339,0.04881825686094176,0.12604473009781506,0.014207719660760834,0.12441746752559911
WBDS16,walkT07,1.43,Young,0.15525329856671657,0.33972040693915123,0.09751068766740296,0.23819207854535313,0.053573036408727556,0.22473820717568296,0.049762286083008346,0.17874014469484764,-0.01970201912676846,0.10327287435030097,-0.007018884040013893,0.08690821895986532
WBDS16,walkT08,1.6,Young,0.1652318489043874,0.3890455280659319,0.07837592616166818,0.26976867141599975,0.048590700085297894,0.2450980506830419,0.05331400703148021,0.1887294683151977,-0.06228073397778522,0.11672340745109254,0.011752658658188265,0.08085703837625088
WBDS17,walkT01,0.55,Young,0.027761467826791657,0.1576593047826594,0.051710680695315356,-0.0792884035004854,-0.00030023966409420004,0.04379223001855473,0.14241870500538478,0.37905848402184417,0.16638700596638956,0.11807611369918226,0.0025691835261222934,0.21947021388539206
WBDS17,walkT02,0.75,Young,0.011649653148851465,0.16725662975022715,0.04086681142786012,-0.150461881183142,0.001420554552575314,0.018523346791572057,0.13628015352344033,0.40434703733512684,0.1537616818960177,0.08238887862916475,0.0008603784318264167,0.21261132980367245
WBDS17,walkT03,0.96,Young,-0.02676692628962903,-0.19541650565716065,0.010481632423514343,0.0372690551012405,0.004199477599542229,-0.04815917631934638,0.09037574432622844,0.06456462464497886,0.1550631285571848,0.23331132859338763,-0.0010085041711099926,0.15081659222478455
WBDS17,walkT04,1.16,Young,0.02349448982173992,0.23978171294516318,-0.027251398092979447,-0.10153518698219775,0.005130158785564639,0.03585931828832806,0.12976899142851694,0.42996817756272215,0.11011150963325846,0.10348753766835515,-0.001800306812841969,0.21456267385031683
WBDS17,walkT05,1.37,Young,0.025396180527690923,0.24406293741088816,-0.05225055241688855,-0.06706602768939747,0.002818822835908146,0.04158615820201104,0.13837760125948848,0.41130687457442106,0.10295924987986006,0.1578979408241216,-0.0006047185389930466,0.22287374361783027
WBDS17,walkT06,1.57,Young,0.02178047156939611,0.18657329312183393,-0.06938754264095941,-0.027076999932913234,0.00897704565822402,0.030774527955314733,0.1286352498410061,0.3504970910615362,0.0966014125196585,0.20371177567814788,-0.0011238356470846807,0.2164363076862412
WBDS17,walkT07,1.78,Young,0.06009353525472973,-0.8142716985957318,0.4893222516872193,0.593037562820367,0.011090378891288546,0.09568275732386272,0.12728497388221507,-0.6815759594452592,0.5732693541859158,0.7339140066704574,0.0007848351032215433,0.21220567985919964
WBDS17,walkT08,1.98,Young,0.03471446936473775,0.31189597602457775,-0.07284705669602307,-0.06295201455710596,0.004111786233637644,0.05713623720336555,0.10185510172375563,0.33614406091232024,0.05750556801350993,0.12044375067901215,0.002154508236589712,0.16998717061979485
WBDS18,walkT01,0.5,Young,-0.040466236992551446,-0.016521066063558333,-0.037174239014890156,-0.15287701189002958,0.0011203216370011043,-0.06919511565934379,0.23425812916492106,0.4828042313669529,0.28584153975131776,0.3260599275384273,-0.0037759018749658458,0.3640471041469345
WBDS18,walkT02,0.69,Young,-0.03802526374840898,-0.032915695569217085,-0.06705928323433835,-0.08720126528601793,-0.00033663901562562695,-0.0628780154983163,0.23997483317855414,0.5105365501871568,0.2504059127032006,0.37295859459891534,0.008230058253335556,0.37733436416380883
WBDS18,walkT03,0.88,Young,-0.029666985642815204,-0.026112755124853823,-0.1071359795297342,-0.021487054484272114,1.263970487934923e-05,-0.05141245371934389,0.23889537014546236,0.4882064772994448,0.22517048129202744,0.42527688326005825,-0.00011876869149536008,0.3795557332431576
WBDS18,walkT04,1.07,Young,-0.02631912473768219,-0.034082176635752394,-0.12317797166812432,0.022556260833168255,-0.0006986305687430906,-0.04485377029362789,0.2269653619389037,0.47240293206058387,0.19350178952314437,0.476359681761141,-0.0007568200621176274,0.38074823155507004
WBDS18,walkT05,1.26,Young,-0.025762236660425222,-0.008935926805629962,-0.15690774369267024,0.03356564941601141,-0.001733556975803208,-0.04321339860153788,0.2174167078009455,0.46317663983125745,0.1831963594561491,0.4555391859810135,-0.0017766095314861678,0.36705829944135554
WBDS18,walkT06,1.45,Young,-0.02138910027024279,0.0037657361985740647,-0.16213461588627784,0.05063740616665745,-0.001972786934464623,-0.03581034544494939,0.20371382245280498,0.4186151522120164,0.15826473519885825,0.4855271728881471,-0.0013562017285811835,0.3530858153750492
WBDS18,walkT07,1.64,Young,-0.03690921112885239,-0.03779305423730732,-0.22194269131683084,0.06224856667457146,-0.0024006048897187654,-0.06431267076086837,0.15667877906578595,0.31723738856411005,0.09216763511153264,0.41824712000214653,-0.0016845492978045092,0.27522052111313633
WBDS18,walkT08,1.83,Young,-0.02259180687604376,-0.0343416714759552,-0.2447889869801739,0.15795071716424267,-0.001654206546184011,-0.03978860437160072,0.17503874226172153,0.26606935856685704,0.09228980717769136,0.5573648180141244,-0.0009388734176732361,0.30740738684659796
WBDS19,walkT01,0.48,Young,0.07472134087767081,0.31084850546696785,0.09965951977542735,-0.06390678816591998,-0.005453385492570562,0.11038213248301035,0.022174460583055788,0.26719222651994784,-0.013730351297351952,-0.10747168344497716,-0.05425586476087991,0.05082019626842613
WBDS19,walkT02,0.66,Young,0.10670451163968768,0.2811385130214549,0.1463413469274926,0.08806577516492431,0.0038740796418815903,0.17127245731272875,0.05003570622805056,0.17039721872955468,0.0784630531207374,-0.05011444658286497,0.02144479055176498,0.06613472201451133
WBDS19,walkT03,0.84,Young,0.1019704986412452,0.26583245827658114,0.14263757482411787,0.09539557436788153,-0.0021375828844237077,0.16747216979509896,0.043676572884036424,0.17817800142253715,0.06325815836684945,-0.029166590251972175,-0.0006348990315901471,0.07012866828614049
WBDS19,walkT04,1.03,Young,0.11637540529111468,0.3109130243448914,0.12987341510860415,0.12837601484102135,-0.0016077206967443534,0.18979016618970132,0.030547304307990096,0.1495564199890768,0.02866319672920034,-0.023487840246704413,-0.001028013213319242,0.05075501434993698
WBDS19,walkT05,1.21,Young,0.10447742238150061,0.3135384004181918,0.11212203745188137,0.09821334844875489,-0.0023614646211261065,0.175350743462451,0.03026229333620353,0.17494693250390683,0.011429597994809549,-0.03262147896586476,-0.001324900842612985,0.05009611293685576
WBDS19,walkT06,1.39,Young,0.11857931142257405,0.32973578170468393,0.09319562813661042,0.1717098197831902,-0.0027958368039762084,0.19766646069956725,0.03983687506145708,0.16071399372125383,0.023829437756685192,0.022527721329282536,-0.0016856159152747942,0.06773893109996161
WBDS19,walkT07,1.57,Young,0.10370155804185394,0.31668706379121464,0.08020735021798366,0.13170278867361637,0.0007172366847066119,0.17477524461227956,0.04601631200920527,0.15216173986617051,0.050413822344167365,0.03455148537478537,-0.0023746149826252647,0.07905242562862803
WBDS19,walkT08,1.75,Young,0.09283614107340064,0.29324605611874766,0.04091409233357436,0.10823257707135983,0.016373690475163603,0.1466545393646547,0.03929563562321019,0.13164186904441327,0.047620699490409306,0.028843767679174424,-0.0028367206467989807,0.0687763495005254
WBDS21,walkT01,0.57,Young,0.02276602363982846,0.11849425695558788,0.02713689164309213,-0.06215635966327412,0.01781944579422007,0.025862661803339407,0.10380859112498202,0.2802571277104219,0.1267194158397904,0.10206671474132015,0.0003844675523295344,0.17019733659265027
WBDS21,walkT02,0.78,Young,0.02779590123726477,0.12821296541143998,-0.014553140565692886,-0.05674588016787454,0.039999301535196846,0.01961986564998225,0.10791318168027496,0.3105600765546403,0.12309136590544231,0.11000661753830512,0.0011012998372000597,0.1798303451523055
WBDS21,walkT03,0.99,Young,0.03596113768492368,0.12806822876258867,0.008686826279709136,-0.04578545011719776,0.04499902468503678,0.029293966596300725,0.09573618766422129,0.26374866091438204,0.1259317927461828,0.09997223274681233,-0.0006273066389270757,0.16402959981885287
WBDS21,walkT04,1.21,Young,0.03587832103528179,0.1413176327044696,-0.01583276775331393,-0.03643359316569792,0.04362623586533148,0.030251290412717957,0.09155284889967359,0.2578818726582771,0.09805880437390306,0.12216878994680416,-0.0015042612109229542,0.15834844327353736
WBDS21,walkT05,1.42,Young,0.03243622265535152,0.11389898771707609,-0.004437013735271657,-0.024112156528448638,0.039256283050477195,0.027645316832589938,0.08683967276906669,0.22535514233333595,0.09897427354391873,0.13411046220333925,-0.0009612208664755814,0.15243468315568648
WBDS21,walkT06,1.63,Young,0.032223524143228634,0.09772581856500454,0.058298193440312326,-0.0552864249501923,0.030158183439222285,0.03379221400345632,0.09428300798962881,0.22024883098738798,0.1479983718933112,0.1270693702348203,-0.00038820828858643694,0.16439385071203685
WBDS21,walkT07,1.85,Young,0.03592957782394799,0.12919606649408052,0.0525766261763055,-0.06406059081811522,0.03383924889119309,0.037553031259031755,0.07868917536649941,0.18608280148398665,0.11083683614243527,0.11010459053463457,0.0005489185004908842,0.13538420150675048
WBDS21,walkT08,2.06,Young,0.03129820014480343,0.12607682000579726,0.03790750522856581,-0.10171798164779945,0.0453237534386724,0.02004164020508886,0.08491746779368498,0.16518253658522722,0.09163519931449582,0.1873684385110588,0.0010376457850343275,0.14819522825635126
WBDS22,walkT01,0.53,Young,0.1066447116126594,0.3385841896414533,0.12996259611849184,0.0941278877971356,-0.049901420403191676,0.18883995739875986,0.05890440770727467,0.25064865949763837,0.040482854791276064,0.0005010467206994087,-0.015373152133727974,0.09537081355040802
WBDS22,walkT02,0.73,Young,0.10712199876544633,0.34103475421881774,0.09357771281195498,0.08986128145411612,0.0036017338535015817,0.17397207579322255,0.06976545039870108,0.28797144436176053,0.02303289998389413,0.01517998596880133,0.0032474105014309927,0.10807884298493356
WBDS22,walkT03,0.93,Young,0.10569842797489663,0.3490912841240769,0.07494409871822005,0.08078757699773766,0.008004951703113715,0.16815819149292177,0.08406396527564679,0.34215948352283854,0.03454602182858038,0.046649121772758616,0.0009618762607149622,0.13924585956606902
WBDS22,walkT04,1.12,Young,0.10420231489226088,0.30277315266030114,0.05962582794757705,0.15783674998954544,0.0030423461567497694,0.1727873995683146,0.08633232941985386,0.304070996718912,-0.012446579483432895,0.1414201597387865,0.0009116882678754682,0.14378970214215236
WBDS22,walkT05,1.32,Young,0.10963380957941068,0.3377729972213001,0.040809016107123425,0.15975277956975203,0.009154237207168361,0.17836602708825006,0.0566986615075869,0.2576924672209933,-0.055987268286154517,0.09009181896530899,0.0005044449456322428,0.09715297465906778
WBDS22,walkT06,1.52,Young,0.09886970187192094,0.3425923192940734,0.02644321492809473,0.13453380058361072,0.0036778089347319375,0.1670639758068994,0.03930175979696361,0.23046476443425815,-0.07181151985357614,0.044289409969301086,0.0008238931813745481,0.06705628653607704
WBDS22,walkT07,1.72,Young,0.08350084455974595,0.3021325133150965,0.04334391904872802,0.09168655706560322,-0.00159261584625212,0.14524079980912666,0.03896254072296534,0.2436833376468043,-0.03143782479764012,-0.006214195710299124,0.0015884233497902372,0.06666773220855286
WBDS22,walkT08,1.92,Young,0.10002281454940896,0.3861788818227443,0.03650094421709584,0.09115898390848379,0.007550877698233559,0.16957930271906657,0.027103685811451263,0.21089841047834687,-0.0030528909605091374,-0.06874597190129099,0.0008855463273924658,0.046482310647494716
WBDS23,walkT01,0.61,Young,0.18465381419484303,0.4325067274249678,0.24414661609014968,0.17759556041060462,0.0013944692853168168,0.28209806105045543,0.10759829487114257,0.3294103759501992,0.1560894264063573,0.020441618942058197,-0.009446755236493489,0.16989991037900135
WBDS23,walkT02,0.84,Young,0.1706898799981927,0.3791172306993164,0.22681915159351598,0.2201842851258963,0.00018300443076349043,0.2740372596442253,0.09574750804878743,0.31625010136459464,0.11584634057953913,0.02814217245036931,-1.9558045842075292e-05,0.15344159326947418
WBDS23,walkT03,1.06,Young,0.1436717538228995,0.333702142332804,0.14274650543609949,0.23616564850437988,-0.00041596436204124773,0.2369980867861546,0.09714551032205915,0.30143541470094865,0.09941430436423902,0.07985155659712319,-9.572328136677778e-05,0.16019202441658803
WBDS23,walkT04,1.29,Young,0.13788363581469792,0.3542905929720382,0.09639125760564694,0.2398664590643796,-0.0006484856284248602,0.22978118172251205,0.10480186270164032,0.3237962106929121,0.09363541806060309,0.12475423294539578,-0.000524535952699388,0.1785729840263398
WBDS23,walkT05,1.52,Young,0.14124624923636236,0.341574640266966,0.08148307951169356,0.3035861089698567,-0.0005617937423206444,0.24273631921130215,0.09189623581040701,0.24945904074288341,0.10311893671907502,0.12062084323197345,-0.0007913780521121359,0.15758452846643156
WBDS23,walkT06,1.75,Young,0.13807003493903763,0.33070706766084074,0.08350557140289436,0.30989463849358223,-0.0006781694812415264,0.24102338944251317,0.0793597885853826,0.2205720505638431,0.09676948109298401,0.09863459858304559,0.00028933208465608125,0.1378601346128464
WBDS23,walkT07,1.98,Young,0.15745451171520072,0.34943043324640927,0.11154630577055578,0.36991719807563733,-0.00033077621770347267,0.27718103672961547,0.06298332312892058,0.16695082857115617,0.08135943872128588,0.07674224839991448,0.002640537129598925,0.10771504011349232
WBDS23,walkT08,2.2,Young,0.14780724811916834,0.28528509623974535,0.11705101664406337,0.3793562412819504,0.001964142373610261,0.2608572294959026,0.05687254042492763,0.13811412348431548,0.0377668931274959,0.11356659641320185,0.005708295111890797,0.09596021880561391
WBDS24,walkT01,0.41,Young,0.10875504879401016,0.20945411267567807,0.181122106688437,0.11113404780180877,0.00025430129162636777,0.16699529635566293,0.06950015894189776,0.1649641434975642,0.10361376298053582,0.0474918446038487,0.0006188661557978781,0.10532441436485307
WBDS24,walkT02,0.56,Young,0.10847626724949182,0.21372429564817785,0.16304162913284145,0.1348176233561716,-0.0053398066109149045,0.17066443131754908,0.059279699205148036,0.1642943960451089,0.07153040042233898,0.05303402591651453,-0.0018320023954956689,0.09587227880842651
WBDS24,walkT03,0.71,Young,0.10791014293897327,0.2090887100058721,0.14039269785780123,0.15984207195159483,-9.740600970346263e-06,0.1694979298806165,0.06818986227812501,0.17777927135527574,0.05400157244395393,0.09081751202280626,0.0002960390793603659,0.1079013437717421
WBDS24,walkT04,0.86,Young,0.09907255903828918,0.20790836629522289,0.10037601737757018,0.1687615200102449,-0.001220291750001221,0.15900411802969436,0.07469027614531257,0.21152916072575806,0.027038901878112795,0.11968113105504344,0.0002350842929080828,0.11913691158572132
WBDS24,walkT05,1.02,Young,0.09377430607730329,0.18559171184666576,0.08821184707742298,0.18683548523895707,0.0005989064442632982,0.1537639469369318,0.07594658787210717,0.19033280245856465,0.008985001076799238,0.17055091821152182,-0.0001790795856659338,0.12298263201781909
WBDS24,walkT06,1.17,Young,0.08840918552588288,0.21331980523822633,0.06212481283383449,0.16383437524028985,0.0021406672411248676,0.1463220348479628,0.07932969605615324,0.2232319324147697,0.022766994413172002,0.14908524290738168,-0.0007232073311535455,0.13128393606369865
WBDS24,walkT07,1.2,Young,0.08738651791913885,0.1968532704517381,0.06599799415202459,0.18187843692660075,0.0009344197065749123,0.14817643612700007,0.07322536308025347,0.2111469972076634,0.010757459720332561,0.1437999508083737,-0.0007111813397134907,0.12101891923412471
WBDS24,walkT08,1.47,Young,0.09885985628469574,0.20507231810837653,0.1129052521085669,0.18371230805812017,0.0004297320523221534,0.16705872107931494,0.06848325461520113,0.18959780260974063,0.035116301682334795,0.12748144238333997,-0.0012912676027559992,0.11673249128384085
WBDS25,walkT01,0.47,Older,0.10816299285959191,0.2435573765986833,0.23857732507929047,0.0454821049044705,-0.004007048805824239,0.17719071080754034,0.14033208469597505,0.3230827534276205,0.2841260498625812,0.08962639404826538,-0.038882388679684514,0.22888736876527105
WBDS25,walkT02,0.64,Older,0.12314702906796313,0.264013811049511,0.2548741716812235,0.11067959140488677,-0.017659641181757876,0.21085195659599643,0.12757958067079364,0.28423091301870773,0.26752824313562157,0.0551670792241248,0.0019018870229972255,0.20011680002365242
WBDS25,walkT03,0.82,Older,0.12271888737667042,0.25917910665423394,0.24896963470898523,0.13216853707568507,-0.014706294086310589,0.21217490172521464,0.1369082930999063,0.2973101543398138,0.2713181082108408,0.10297771961665947,-0.0017953902674239667,0.2246155969625749
WBDS25,walkT04,0.99,Older,0.13009334366425576,0.26011361092609653,0.24291226360793836,0.14263542334334672,-1.7546734352410787e-05,0.21487263795859068,0.15815397113473523,0.34278177778172886,0.28556859817100766,0.1485637268038723,9.596647289569883e-05,0.2580997051358284
WBDS25,walkT05,1.17,Older,0.09578467389069206,0.25362975966913837,0.16013641533649578,0.1039907156468858,-0.019062813296729795,0.17311226486549,0.15825618809602957,0.36018375101772915,0.24255159639352045,0.18021389063614335,-0.0011309393879800878,0.25954894201110107
WBDS25,walkT06,1.35,Older,0.07927190089961866,0.23434606814679057,0.10100195708850923,0.09882884451757669,-0.011698800294500522,0.14425097318113236,0.13166574476494416,0.31356674844258176,0.16588746357449455,0.18281246108817548,-0.0017399384045032446,0.22016258409517162
WBDS25,walkT07,1.52,Older,0.27927345795615494,0.48825149732284806,0.3618934627448999,0.383465195893138,0.09768838646459495,0.4114100237597624,0.2263536497124032,0.48399099887396035,0.3085565325171359,0.31418524048537594,-9.711352441639738e-05,0.3681155096248838
WBDS25,walkT08,1.7,Older,0.2880926512034188,0.5248600988198692,0.32564950918270746,0.40489062687621963,0.10829593222233272,0.4179089784382251,0.21799088605957026,0.48711749488441025,0.29739799222147484,0.2879508188381053,0.0014463667304802858,0.3571315373140461
WBDS26,walkT01,0.55,Older,0.2402428660635803,0.3296661672468882,0.47779967258329953,0.36138782596842195,-0.019870621655302477,0.3892966623968727,0.213998296791431,0.28883004157521364,0.4535903572549392,0.2857247679719322,-0.009687798944469523,0.34350077327011025
WBDS26,walkT02,0.75,Older,0.15354792110157345,0.25407953146774415,0.2796168943443061,0.21140434037551664,-9.213374984177458e-05,0.24809564716398277,0.126972780162079,0.22554161368566053,0.26640307553309267,0.12670562481884584,0.00013469630268422194,0.2062159157260722
WBDS26,walkT03,0.95,Older,0.10481402139867417,0.20125276509387446,0.15206745847820402,0.16120139709970377,0.0011779903057155346,0.171139462617479,0.07164336033412859,0.19160901370761357,0.13501504774107537,0.02825416339759602,-0.0003031611456316434,0.1186167090688481
WBDS26,walkT04,1.16,Older,0.10447565994116678,0.22405862439730062,0.1478736504298211,0.1518260151188145,-0.0017157209402298768,0.17387632618648902,0.07426062838561995,0.19935972849088152,0.13561275479597007,0.04034782049491627,8.887746831856574e-05,0.12479718565593496
WBDS26,walkT05,1.36,Older,0.1077709309589755,0.23858943774717145,0.1475507878656502,0.15039506006860717,0.004857769296892709,0.17893561020738313,0.07830474953734708,0.2220814501510078,0.1353798314909888,0.03816276063306431,0.0009681410150270598,0.130170112293366
WBDS26,walkT06,1.57,Older,0.1069075372245122,0.21571551593244437,0.15311692289639034,0.1562743076912921,0.009110764742482147,0.17446762642707403,0.08094445542292864,0.21444588614417998,0.13799034585572303,0.055981261706239765,0.004175712293964316,0.1357792719436174
WBDS26,walkT07,1.77,Older,0.10872767927440592,0.23577377112474,0.17949792632378908,0.12521111931871845,0.01574526908771537,0.1794192518136585,0.09152665857142889,0.24896570363689444,0.1461669977139725,0.0763800061654017,-0.0017198394173496836,0.15651664201815335
WBDS26,walkT08,1.98,Older,0.17861604256878258,0.48715235010539965,0.3020308484461597,0.10481141289509181,0.024090608215147767,0.29655359070266507,0.1337445876845418,0.28706983178069856,0.22186123630638985,0.1687336744975221,0.006069712219691119,0.22511974365448395
WBDS28,walkT01,0.58,Older,0.1835994820701361,0.30170087962874154,0.3032777898553606,0.18700854993630528,0.036279551851284154,0.2635917145695715,0.07460773120090247,0.19578568219459513,0.18172330767384048,-0.004692136719301348,-0.0061158838544126725,0.12368472228353665
WBDS28,walkT02,0.8,Older,0.18110544614947982,0.2878324285842512,0.29822469487840225,0.23817997549722655,0.03215399214187247,0.2745391555792808,0.08290487253993897,0.17428546216257,0.2147553569897594,0.032764074967770764,-0.007461116326349735,0.1401612692195128
WBDS28,walkT03,1.02,Older,0.2309517904984007,0.3790329539180465,0.35906309095950717,0.33656669852833154,0.03781276766885516,0.3579326950106434,0.1183352934879517,0.2180551593284893,0.2749504396341029,0.08436796995543094,0.0012017611821202442,0.19322394529004067
WBDS28,walkT04,1.23,Older,0.1956439817829119,0.31363998590110714,0.29113671074465153,0.2942001202537154,0.0365955718707168,0.29958900558379525,0.08783273260605946,0.17722720365565267,0.20556789132594855,0.05586995162517819,0.0023119481495302665,0.1457000897532918
WBDS28,walkT05,1.45,Older,0.22892327526474207,0.4196779375861963,0.3407516837926857,0.3143410106024531,0.03524923333523233,0.3584240351246407,0.11387161133509852,0.21994816135449546,0.2511333600275578,0.11315930405678785,-0.004590880168409946,0.1935542669103378
WBDS28,walkT06,1.67,Older,0.23248075444933583,0.5061808224707395,0.27236301109830163,0.3443094660603427,0.026352658823513727,0.3744580072869044,0.11686499473711318,0.24429359205597256,0.17167918748681854,0.15817055283647827,0.007225888458239681,0.19053968080348996
WBDS28,walkT07,1.89,Older,0.22611238283697102,0.5241621205724682,0.2969134644156651,0.2730936764585747,0.036577881224347165,0.3630934295315745,0.12403231830895005,0.2500669243685761,0.1974531301829241,0.17405091830600034,0.003622132601794137,0.20713230562797316
WBDS29,walkT01,0.57,Older,0.04221401348774564,0.13353336436434737,0.09946953098163942,0.014256066876005837,-0.024939224358541234,0.08287560704604777,0.12251907813307983,0.2523123638961041,0.14321377449347572,0.1588166527292328,0.004954758681550317,0.18353347177248122
WBDS29,walkT02,0.78,Older,0.07360950639094262,0.23497686978855642,0.12330756894016635,0.012540200119495198,0.0007674612159583496,0.12289783635964452,0.1181351808055589,0.24601527679028287,0.1493892724077412,0.16001008855805837,0.0011033312155542799,0.184854272627898
WBDS29,walkT03,1.0,Older,0.06357173959995079,0.2238024863133356,0.05353880578696202,0.034573158744429865,0.004928346052468067,0.10452488988563728,0.11347604693285819,0.26742679541622133,0.12256218680150766,0.15565734343741178,0.006618188882839965,0.1808429574426523
WBDS29,walkT04,1.21,Older,0.08098414071150631,0.27830553159371957,0.03892020831455796,0.09009166503867197,0.0031178125085057884,0.13520124483992832,0.11544616417728532,0.22929234704080534,0.123352535931857,0.20912337781277812,0.008090658105073867,0.18715861898803182
WBDS29,walkT05,1.42,Older,0.08370305060695411,0.2972301285246208,0.02446231470741179,0.08814046293517325,0.006508968110898856,0.1361431730223071,0.0992696273129356,0.2661133596154406,0.06769695022253225,0.1621817538481419,-0.0016677584711497233,0.16497415202144391
WBDS29,walkT06,1.64,Older,0.0882928001677355,0.35399195302844655,-0.007454524313365422,0.10051675121856395,-2.6147280518588368e-05,0.14787639629311267,0.10145874991608156,0.2695344692786241,0.035637916975959236,0.16763149919434572,0.014473175028929697,0.1570724781226213
WBDS29,walkT07,1.85,Older,0.07544079819958291,0.33438458380332914,-0.034353010957570505,0.0827127744288773,0.005642331042026931,0.12500453057856406,0.10126802928507644,0.3261191315787981,0.02364902065810218,0.15212866602194666,0.002220028879730323,0.1670384130724616
WBDS31,walkT01,0.45,Older,0.08347151986428682,0.23217803565647316,0.10130108557987737,0.10444417683265231,-0.029135978129328277,0.14564284359025167,0.0006995728393923111,0.13584233479890936,0.028406179441109895,-0.027335368677862387,-0.0719049698847955,0.0453792914388925
WBDS31,walkT02,0.61,Older,0.05169465405918882,0.19331829340289006,0.04221803987070356,0.0660931869322924,-0.015919057903692132,0.09980123151933151,0.04354596742105968,0.18361321602099576,0.01761670869610675,0.01805598329828388,-0.00544793311842469,0.07366563176655584
WBDS31,walkT03,0.78,Older,0.0930775817792822,0.2747184215782837,0.07468572172298645,0.1378577736002201,-0.012765299203972253,0.16211278896662912,0.02977593013147026,0.17148330068359288,-0.0019684367263947595,-0.017324171557073838,-0.0006099586984038182,0.05062277236762233
WBDS31,walkT04,0.95,Older,0.08208173432408294,0.25393409911750003,0.033908729970755946,0.12835696178351613,-0.000240546367062755,0.13822704630526883,0.03595955780873553,0.2014176551378653,-0.028355200212430223,-0.004682061072646511,0.005263368704392707,0.05704007321774205
WBDS31,walkT05,1.11,Older,0.08387995398028052,0.2723610569485283,-0.001916024555966638,0.15517359416402196,-0.0010619104003448429,0.14124197089148863,0.042065174280574984,0.22869377717211886,-0.05072083300157932,0.033111449439948766,0.004269213248800982,0.06927455163268749
WBDS31,walkT06,1.28,Older,0.07875225688292269,0.24490624642369577,-0.008031017308036842,0.17355658130069385,-0.0022952049240844916,0.13590996746301667,0.04239321689542728,0.21268831899736454,-0.04930760852511301,0.038164273190592214,0.00641649204212086,0.06794020718213997
WBDS31,walkT07,1.45,Older,0.07850276599203275,0.239179932818466,0.01205986970649143,0.15191144572444545,-4.1024105030389455e-05,0.1331915762211672,0.03358827708935771,0.2205640183373578,-0.04139597052368587,0.012627165961841543,-0.006846991582542767,0.0630986955764284
WBDS31,walkT08,1.61,Older,0.14867184264651256,0.28464988656869683,0.15509061318084094,0.21823498312245834,0.04783491787083717,0.2189521235507712,0.02540481754730654,0.16633470039533577,-0.036088978773360515,-0.00017588225231112442,0.002228533132467109,0.0430250103086304
WBDS33,walkT01,0.51,Older,-0.008984880181295087,-0.0015570911349591966,-0.02304162144178261,-0.14898295102182516,0.05318589783479588,-0.05811728531421608,0.1833914997043693,0.3789766469047347,0.21035372012329367,0.25936886847928,0.009967723466641395,0.2826670346603731
WBDS33,walkT02,0.7,Older,0.030187795098055605,0.07079686613012051,0.011089539888513727,-0.05377339614585956,0.05588818785982512,0.007999257247832242,0.20807197482226875,0.3695421328037346,0.24864564497529737,0.29966676677069415,0.04665980650440207,0.3058077831615274
WBDS33,walkT03,0.89,Older,0.023674541734702983,0.05017235248740227,0.0005498304423553473,-0.012650862397145324,0.038775478294383034,0.012048156949816572,0.18925366052357612,0.36340292928178547,0.22424903506606367,0.2891330956145492,0.037260906715753814,0.29271091311545516
WBDS33,walkT04,1.08,Older,0.020910145417096633,0.06506975560690721,-0.04555949633332545,-0.009685053411760219,0.043395192606713186,0.002829385821322503,0.17742837114245893,0.36332318874327013,0.2082797212763073,0.2695638221525871,0.024877983146984257,0.28003992244646403
WBDS33,walkT05,1.27,Older,0.027130731097057974,0.08290427171470781,-0.0602804337957837,0.0046575680472017815,0.04872694156232016,0.008627877037960665,0.18820922057502376,0.3792977843646583,0.1961104169136694,0.3106363337906938,0.032704832327736647,0.2947908799355239
WBDS33,walkT06,1.46,Older,0.031320029915929685,0.10676839287063968,-0.06817203390668161,0.006574662837493553,0.052321755118026114,0.014513248539026977,0.17364111121342615,0.38352655163418364,0.19276023521479652,0.25704958492939073,0.02942818521305164,0.2773587170188532
WBDS33,walkT07,1.65,Older,0.036982497020562256,0.12837954771323387,-0.053013681645339795,-0.015791833764093276,0.05880893212785157,0.017993692835502898,0.16911963580889094,0.34433414739721424,0.19276970983430433,0.2735307714102845,0.029422891398229973,0.27008176199904055
WBDS33,walkT08,1.84,Older,0.016174087415264052,0.12782019547886886,-0.11363686737407626,-0.08664579444124967,0.06623765360880324,-0.02526233682325271,0.14263059940483397,0.3040035147267838,0.17787738128374284,0.22303995715780278,0.019827874264387826,0.23464313690073674
WBDS34,walkT01,0.42,Older,-0.11133477466084572,-0.12986333834263736,-0.1153396233261892,-0.32929025345020396,0.00014455519558636683,-0.1891854833798341,0.24335594131123495,0.5084576609267856,0.25236564567195147,0.3061650422596202,-4.337951748047326e-05,0.35283102416930057
WBDS34,walkT02,0.48,Older,-0.0844906972670319,-0.03559719235852721,-0.11374254736804662,-0.29419284689975833,-8.938467016683434e-06,-0.15023052481759414,0.22903015786514128,0.5075873287909697,0.2565624121048907,0.2892102292979531,0.00207993861574097,0.3514901002167239
WBDS34,walkT03,0.73,Older,-0.07518724807543688,-0.012664727791488231,-0.09922965298965956,-0.26944775197182,-8.133401187241896e-05,-0.1292561247845877,0.1967216973524041,0.4758336543993672,0.24764908833045088,0.2413397958299547,0.0007926653751289156,0.321237343842635
WBDS34,walkT04,0.89,Older,-0.08219922984780034,-0.028986468489396944,-0.11082409130474959,-0.2894283705844296,-0.00015518900973611807,-0.14349336351883335,0.18496257161444307,0.44018098006343753,0.247098137858029,0.23763903845648784,-0.000319636516030398,0.30677794602066594
WBDS34,walkT05,1.05,Older,-0.08498423828085447,-0.03598621705222975,-0.09726753801506689,-0.3008457071463192,-0.0012023448263413631,-0.14343514697224072,0.17602594585036968,0.45183616533885873,0.2362097153169668,0.18001135349174824,0.0003504559983803612,0.28688911905793574
WBDS34,walkT06,1.2,Older,-0.08109057758362044,-0.02587326176368502,-0.10288639046169143,-0.29455865217253885,-0.0013010744832514494,-0.14210607995449084,0.18713792969193746,0.4690542469103933,0.2617706184388442,0.19086263185470817,-0.0006135477395712276,0.3060983173760789
WBDS34,walkT07,1.36,Older,-0.0842920027233812,-0.02016548293978185,-0.10826676244712359,-0.3108772794078356,-0.0017950938133733487,-0.1476229630987408,0.18800517305381212,0.4685395366339672,0.30105063031187485,0.17851116311800325,-0.0008228031042066154,0.31615461490685604
WBDS34,walkT08,1.52,Older,-0.01221915468696881,0.1097611662714682,0.0020227874237877586,-0.16974630539847008,-0.0023131571830310345,-0.019845896128053646,0.22504206620231312,0.5351232322597275,0.389653632883455,0.21638651351859345,-0.0006479614080043503,0.37730184559491964
WBDS35,walkT01,0.52,Older,0.04982219993659247,0.17470797469233246,0.1581356129487738,0.03530040140130233,-0.058871448381656026,0.12199753851875751,0.1475873064369682,0.29878947104296555,0.2691205729223244,0.10994504530593792,-0.013847120513042158,0.22599178758389576
WBDS35,walkT02,0.71,Older,0.02458103832227201,0.1134451929216724,0.05947685327346714,0.03536549314749615,-0.04489758404236368,0.06962761765758527,0.13227526396881184,0.27450434694996356,0.24560918073568944,0.09978647307311672,0.003244724367676458,0.20515540481654698
WBDS35,walkT03,0.9,Older,0.045727604908342025,0.1228867574617654,0.08396597906826263,0.09080225885438747,-0.04194839091637877,0.0993559768748059,0.14986610066602987,0.30832578715562403,0.281241413021727,0.14485521790027825,-3.477135979094141e-05,0.24323557736835724
WBDS35,walkT04,1.1,Older,0.04698236419514586,0.13061876681242984,0.05142812863620832,0.11319590352054555,-0.03522965678779396,0.09803568019728796,0.10318914564538892,0.21845503977486846,0.20932309435510754,0.09583205142825915,-0.00016984748854728,0.17403070273718788
WBDS35,walkT05,1.29,Older,0.047342354864694236,0.16537584240352537,0.02804392317260442,0.1011581683958008,-0.03137070974301401,0.09797000674852538,0.09284143254951865,0.21639642379358243,0.17858947885123974,0.07291240313023165,0.0002824595723166582,0.15559515893478107
WBDS35,walkT06,1.48,Older,0.07680862463065306,0.20113681907187134,0.03477956498104919,0.19187868908332636,-0.021360753555969027,0.14193088540791726,0.1081719284152683,0.272959467732163,0.18777870207126837,0.09417947803760987,-0.0001165351939949703,0.1843911918481575
WBDS35,walkT07,1.68,Older,0.08514983238298109,0.26454390931495453,0.05008123557084537,0.1739176176291757,-0.02785859791940787,0.16245231117042117,0.12267177651496716,0.337701783507258,0.17856063327385283,0.11459820813453066,-4.618074606861269e-05,0.20972810517023183
WBDS35,walkT08,1.87,Older,0.10335015541151027,0.26925110429870475,0.07236160653272479,0.2764021765729532,-0.0358760487187655,0.20595606763655222,0.16774839806967104,0.44232710610422155,0.3542372696125707,0.05897624191377717,0.0005073688824021965,0.28373814411890586
WBDS36,walkT01,0.58,Older,0.13330179958540941,0.28458492912231675,0.274751355277554,0.07637168744789827,-0.007980911037590164,0.21195510994706449,0.13983330078950568,0.32686620367172786,0.2572494273418292,0.0680054380845145,-0.002679326779161409,0.21585044167224487
WBDS38,walkT01,0.58,Older,-0.01601261365712968,0.05572687050157294,-0.09186062305541112,-0.05895239914691778,0.009572406626615347,-0.03145740826140645,0.14173396615680497,0.3688757587209312,0.056182972315809446,0.21252064086994849,-0.001651673160288717,0.20972764770029168
WBDS38,walkT02,0.8,Older,-0.014438669675136295,0.05304936717509988,-0.15764259007472267,-0.0025291600203965086,0.02000268546421531,-0.035420184874971186,0.1367456278847961,0.3704183576163813,-0.017533408560761795,0.2706499000162507,-0.0015938534659411105,0.20725798753804747
WBDS38,walkT03,1.02,Older,-0.0035173219191238438,0.05365458959316373,-0.18419690622496326,0.08827147274251837,0.013111068821352196,-0.013968900589271832,0.11473839851893758,0.28943072870425884,-0.028487822925634957,0.2812909619361295,-0.0018612991527323492,0.18080141260445293
WBDS38,walkT04,1.24,Older,0.0036400375140220433,0.027472654733686687,-0.19226042232721982,0.14823164460067634,0.016148420642884295,-0.004657602779381631,0.12124022363805091,0.26317343580926394,-0.019879561765527458,0.33747124427472885,-0.0019998781213509008,0.19384137325567805
WBDS38,walkT05,1.46,Older,0.004974659441899525,0.03091429613493559,-0.1808122383934223,0.14917117762609275,0.014534267407372294,-0.0014682648584649412,0.11463098300098595,0.22629788847348903,0.008413314180797448,0.3311496206373706,-0.0011854575911351662,0.18897445268521693
WBDS38,walkT06,1.68,Older,-0.007909485156510182,-0.02886953005636944,-0.20494911189499995,0.13404484089485172,0.023770180816043904,-0.03164614450037724,0.10150848647102033,0.1686577590838153,0.014977516691853229,0.30884947629200077,-0.0003289790196864871,0.16481285691118944
WBDS38,walkT07,1.89,Older,0.05452857230857785,0.1372294127229377,-0.13697011231734463,0.2402946308208091,0.020016024929437607,0.08089494092792103,0.15562490739894752,0.2190377286089535,0.28254213711980464,0.27220485493576585,-0.001165896465432884,0.2585034159282571
WBDS41,walkT01,0.47,Older,-0.18566254340838742,-0.2536256218772909,0.0031993338967453667,0.2122707889924401,-0.43267241537168294,-0.010089335027144711,1.2991251619553592,1.3079555330944537,1.4169637964933386,1.6266956420852512,1.2304842862561602,1.4531033425778859
