subject,trial,hip_rmse_cycle,hip_rmse_stance,hip_bias_cycle,hip_bias_stance,n_cycle,n_stance
WBDS02,walkT01,0.20031339738170076,0.24067009680455942,0.11704490036964786,0.17002226215554994,4200,2889
WBDS02,walkT02,0.19278192835675337,0.23830279461369963,0.09703111653700573,0.14866833958155892,4200,2742
WBDS02,walkT03,0.17421840397843324,0.21896999657148317,0.07306759129621253,0.11589774117644651,4200,2651
WBDS02,walkT04,0.1882525500913976,0.23987079664384714,0.08787211202488847,0.1434579206916896,4200,2579
WBDS02,walkT05,0.2635670693527895,0.3421052216406348,0.10560373413373582,0.1808177471966442,4200,2481
WBDS02,walkT06,0.24104225591034836,0.3148331902010032,0.08612019482333436,0.14879179629781586,4200,2453
WBDS02,walkT07,0.3377278416463614,0.4453018159509037,0.11046809481703676,0.19518668717868243,4200,2409
WBDS02,walkT08,0.3167860489753207,0.42057818472673175,0.09685615722909022,0.1729419846273074,4200,2376
WBDS03,walkT01,0.11631799619460403,0.14187452077570467,0.05522056462622921,0.08445547007709399,4200,2808
WBDS03,walkT02,0.1300517906678312,0.16275663889443548,0.05508551556218767,0.1020450506317501,4200,2606
WBDS03,walkT03,0.14363131536590065,0.17954268946734825,0.07064038969121192,0.10558694044796699,4200,2674
WBDS03,walkT04,0.14197331657779297,0.1789486518546728,0.06998449407734374,0.10990389205777173,4200,2632
WBDS03,walkT05,0.15685886895602846,0.19920058379189623,0.07388169924766037,0.11619044104004325,4200,2589
WBDS03,walkT06,0.16243264830237336,0.20830778170155304,0.07826982381341688,0.12826461787388482,4200,2539
WBDS03,walkT07,0.16444882790453572,0.21081995924537983,0.07927750824159156,0.13334064119405006,4200,2537
WBDS03,walkT08,0.1723847912217141,0.2213416950820492,0.07925608293403812,0.13660648005126222,4200,2526
WBDS04,walkT01,0.16504928777950745,0.19993622069129674,0.05920660350752258,0.10247171687720825,4200,2801
WBDS04,walkT02,0.21160726968761084,0.2664176022267255,0.07699461579579064,0.11835371195557218,4200,2641
WBDS04,walkT03,0.22287668747453512,0.28355839396299054,0.054323366418352795,0.08368560418380333,4200,2586
WBDS04,walkT04,0.2206852541491285,0.2843608408347258,0.057845936704463204,0.09121251965031782,4200,2519
WBDS04,walkT05,0.23430817207707305,0.30631966484416345,0.05764229551089815,0.09342739881657576,4200,2444
WBDS04,walkT06,0.25627066840073365,0.3348210037954479,0.0697359558020017,0.11046901177537226,4200,2448
WBDS04,walkT07,0.25172636788009284,0.3302725098636574,0.06589706855145261,0.10059400357389689,4200,2422
WBDS04,walkT08,0.24868311804927604,0.3260700695035481,0.07053000471481553,0.10721549001624822,4200,2422
WBDS06,walkT01,0.1556623237778519,0.19121336530552235,0.09577097539418442,0.15835447836723957,4200,2740
WBDS06,walkT02,0.17538086047778487,0.22141897494553292,0.109420904523327,0.17434668259669894,4200,2631
WBDS06,walkT03,0.18080615385350013,0.23238145820829667,0.11217046978762961,0.18583252487207447,4200,2538
WBDS06,walkT04,0.19251651453827195,0.24634747762481432,0.11851010312560875,0.19478486652903532,4200,2558
WBDS06,walkT05,0.19328501065092432,0.24849325292692942,0.11318205229677679,0.18619152405839925,4200,2532
WBDS06,walkT06,0.18983513951268716,0.2466673244764925,0.08316855636867956,0.1435338213130682,4200,2475
WBDS06,walkT07,0.2108679725237486,0.2742804457098266,0.09484131126175592,0.15485629710038368,4200,2466
WBDS06,walkT08,0.23056083789881948,0.298597831181971,0.09941845859873641,0.16079842403077846,4200,2489
WBDS07,walkT01,0.08680210194731781,0.10701876799642883,0.060097079105095964,0.0855358649515125,4200,2689
WBDS07,walkT02,0.15531006842819742,0.1915662218451979,0.09748935533152399,0.14817596170197683,4200,2751
WBDS07,walkT03,0.1751416058546828,0.21884344419130755,0.09586124243832499,0.14985986920866393,4200,2685
WBDS07,walkT04,0.1859463821467403,0.2373365852658324,0.09585995708826027,0.15562323301899927,4200,2573
WBDS07,walkT05,0.2132577321362708,0.2719714173391545,0.10330848852797656,0.16748388254626712,4200,2577
WBDS07,walkT06,0.21558928546902545,0.27698873516545003,0.08729203894209134,0.1431519614659391,4200,2538
WBDS07,walkT07,0.23931704689062105,0.3092545278702537,0.08326131102252599,0.1294693898515246,4200,2500
WBDS07,walkT08,0.2832742327209509,0.36809580700622446,0.0719895539519717,0.11052474806347663,4200,2473
WBDS08,walkT01,0.16846153051873866,0.20453229712668544,0.07177390899980939,0.12043068471778147,4200,2783
WBDS08,walkT02,0.18956416065346876,0.23632228041840994,0.09541122959038402,0.14117225569726005,4200,2689
WBDS08,walkT03,0.19667324015072468,0.24808029483951247,0.09423262701725459,0.13802466440828629,4200,2620
WBDS08,walkT04,0.165227049907903,0.21208595202197617,0.041529578391619866,0.07564880271489072,4200,2535
WBDS08,walkT05,0.16869922127281511,0.21788769363735008,0.04256828312238221,0.07108047333500517,4200,2508
WBDS08,walkT06,0.18218581407151813,0.2357999718230412,0.0370959645907475,0.06375453800831336,4200,2497
WBDS08,walkT07,0.2071758421789855,0.26834211315250334,0.08458527413861232,0.12051237988815765,4200,2460
WBDS08,walkT08,0.22777578199479864,0.29632826635523885,0.06778779816234533,0.10300631109490493,4200,2455
WBDS09,walkT01,0.15667972196444285,0.1936127878680056,0.10108809020312817,0.15731549224818575,4200,2737
WBDS09,walkT02,0.17764072277466816,0.21962262768645,0.11319095958266127,0.17468956400810776,4200,2743
WBDS09,walkT03,0.1769299764839691,0.22257657365777583,0.10398379828135511,0.1669711438554158,4200,2646
WBDS09,walkT04,0.18185463718703732,0.22850977674785794,0.09944012429058342,0.1586937365909228,4200,2654
WBDS09,walkT05,0.18921682905154402,0.2407275511641368,0.09064217770570704,0.14881543245455786,4200,2587
WBDS09,walkT06,0.20231313338664023,0.2579345255886051,0.08158785851067353,0.13462435812987875,4200,2576
WBDS09,walkT07,0.23719676825181718,0.3027481094822428,0.08521693897257067,0.14169713016816157,4200,2567
WBDS09,walkT08,0.2750495010730828,0.3564890703624876,0.09720802267433179,0.165831559895049,4200,2491
WBDS11,walkT01,0.18403930007266922,0.2218374922513465,0.11072927985546858,0.1824715702206747,4200,2825
WBDS11,walkT02,0.17587773850299826,0.21509203288702466,0.12441907159904368,0.16662634504260757,4200,2723
WBDS11,walkT03,0.21934125367734045,0.27423043272094355,0.1351908911895001,0.1961162242236999,4200,2659
WBDS11,walkT04,0.23396549166942002,0.2967201697133638,0.12917419650722975,0.19992066535275418,4200,2599
WBDS11,walkT05,0.21200092819845526,0.27075868158571076,0.11695211312818599,0.1732334159137031,4200,2538
WBDS11,walkT06,0.23152830188488013,0.2985254165531123,0.11988696816463083,0.17422223959709418,4200,2478
WBDS11,walkT07,0.23811052129772317,0.30914571565615134,0.1135246408838665,0.16161068091204012,4200,2428
WBDS11,walkT08,0.28009750754093904,0.3633005312337654,0.11749618928904512,0.16264203984154754,4200,2442
WBDS12,walkT01,0.06466936023880704,0.08079131242090797,0.0024147064549098806,-0.007007375059065927,4200,2520
WBDS12,walkT02,0.08523669200421177,0.10856548484051001,0.00732509331470925,0.006752962442762845,4200,2464
WBDS12,walkT03,0.08283395779983037,0.10565533573210997,0.018471120109765222,0.024857820343285972,4200,2526
WBDS12,walkT04,0.09523169157217472,0.12304434944124854,0.03331593048288603,0.054273042935848746,4200,2494
WBDS12,walkT05,0.11121649153597421,0.14302305102299,0.03701380850515713,0.06048232042991076,4200,2502
WBDS12,walkT06,0.14599930516847898,0.18942678203866933,0.04118876402899028,0.06736983678439237,4200,2469
WBDS12,walkT07,0.17112881663581178,0.22404971220388137,0.039998431058281776,0.05814252916353307,4200,2409
WBDS12,walkT08,0.19898311979955516,0.25997152739367035,0.023865807589865146,0.01543025148631492,4200,2390
WBDS13,walkT01,0.20042238134125032,0.2502274720133575,0.15128092117678416,0.22770239675737208,4200,2686
WBDS13,walkT02,0.20905314398307737,0.26413237780918636,0.1433314249558838,0.23831519122979866,4200,2617
WBDS13,walkT03,0.2242602934213824,0.2865295337918509,0.14859096491073343,0.23925118287743727,4200,2568
WBDS13,walkT04,0.22316008617068694,0.2892365119593192,0.15001569561568898,0.249154428769984,4200,2495
WBDS13,walkT05,0.23257796637419872,0.29868595736145537,0.15415946762395338,0.24982993467065331,4200,2540
WBDS13,walkT06,0.24977624208268276,0.321749674577832,0.1526873505534878,0.250844220361127,4200,2526
WBDS13,walkT07,0.26132257598018355,0.3362051582241774,0.15050544998527374,0.24377473982471148,4200,2530
WBDS13,walkT08,0.27283971313913047,0.3555472912698012,0.1543598177260271,0.25184773057638615,4200,2462
WBDS14,walkT01,0.14646688750250283,0.17858399032628647,0.10564960500599871,0.15786144722730447,4200,2819
WBDS14,walkT02,0.14391009577078567,0.17750299528227226,0.10337059802880552,0.15811002158766163,4200,2756
WBDS14,walkT03,0.13288058573521294,0.16660334553941228,0.08880968420084016,0.14083572803919048,4200,2665
WBDS14,walkT04,0.15512545526972454,0.19674516630093394,0.10180360083497439,0.16474059893667417,4200,2606
WBDS14,walkT05,0.1703940314737523,0.21754582043017542,0.10411520108556244,0.17051841821389177,4200,2573
WBDS14,walkT06,0.20189941750890317,0.2600362167074857,0.10979121075204645,0.18307535605459332,4200,2529
WBDS14,walkT07,0.20434184860494814,0.2671714363962631,0.10721960640320578,0.18451601946239282,4200,2453
WBDS14,walkT08,0.2214292032910346,0.28936431101221494,0.10713186496086097,0.18365153596446349,4200,2457
WBDS15,walkT01,0.1371995558232511,0.17276371907583943,0.07464743542871458,0.13156331876966587,4200,2620
WBDS15,walkT02,0.17607774367687287,0.22226575846507998,0.07089656684176356,0.12872786896188906,4200,2608
WBDS15,walkT03,0.18515028997457036,0.23497463123907789,0.06523915047585645,0.11589955784382217,4200,2592
WBDS15,walkT04,0.20188395232906498,0.2599936603171609,0.06754349827772896,0.12243529806336644,4200,2516
WBDS15,walkT05,0.24017498486707528,0.31034751711209696,0.09347505516011001,0.16728336425411292,4200,2498
WBDS15,walkT06,0.2546536957163004,0.3298449407930729,0.07861417455856971,0.14365206070537168,4200,2486
WBDS15,walkT07,0.3151620819641379,0.4116535314891551,0.09525946906442416,0.17200769187151085,4200,2453
WBDS15,walkT08,0.36165420448221774,0.47835063039248576,0.10510369328436518,0.1890953538062198,4200,2395
WBDS16,walkT01,0.19923826885154688,0.23927507063238898,0.15300069275586745,0.20879594372665222,4200,2881
WBDS16,walkT02,0.21084157412467747,0.2610354710643081,0.15788669856464665,0.2340994217889095,4200,2726
WBDS16,walkT03,0.20566529163203973,0.25704702108536065,0.15607865706058663,0.22501732977304847,4200,2642
WBDS16,walkT04,0.21302680310561,0.2665280263288622,0.15766731020911062,0.22481286280585874,4200,2626
WBDS16,walkT05,0.21575434960613657,0.27268403630965155,0.15884336799969828,0.23356515321588828,4200,2582
WBDS16,walkT06,0.21809086967142663,0.2772917484028904,0.15780555138638933,0.2320425630502255,4200,2541
WBDS16,walkT07,0.22291764835154068,0.28508566909136823,0.15525329856671657,0.22473820717568296,4200,2495
WBDS16,walkT08,0.2562463015184044,0.32970140938930437,0.16523184890438739,0.2450980506830419,4200,2493
WBDS17,walkT01,0.1466964824246334,0.18350971652446554,0.027761467826791657,0.04379223001855473,4200,2673
WBDS17,walkT02,0.17460359573218923,0.2255631964439904,0.011649653148851465,0.018523346791572064,4200,2512
WBDS17,walkT03,0.38941407687298085,0.5061382325882088,-0.026766926289629022,-0.04815917631934638,4200,2484
WBDS17,walkT04,0.1934929227111965,0.24960677571053136,0.02349448982173992,0.03585931828832805,4200,2510
WBDS17,walkT05,0.18413567550597057,0.24053961653164,0.025396180527690923,0.04158615820201104,4200,2446
WBDS17,walkT06,0.18656883221023213,0.24229286218330537,0.021780471569396116,0.030774527955314733,4200,2467
WBDS17,walkT07,0.8091319177835073,1.0627710755130688,0.06009353525472974,0.09568275732386272,4200,2433
WBDS17,walkT08,0.21800630184771166,0.28630807758716487,0.03471446936473775,0.05713623720336555,4200,2424
WBDS18,walkT01,0.09855292336488389,0.1278626575614616,-0.040466236992551446,-0.06919511565934379,4200,2484
WBDS18,walkT02,0.0986554751324073,0.12674345128446735,-0.03802526374840898,-0.0628780154983163,4200,2531
WBDS18,walkT03,0.09334254162321007,0.12239157180783014,-0.029666985642815204,-0.05141245371934389,4200,2424
WBDS18,walkT04,0.10132182392562053,0.1322638670338519,-0.026319124737682192,-0.04485377029362789,4200,2437
WBDS18,walkT05,0.10931285602364467,0.14270362133580475,-0.025762236660425222,-0.04321339860153788,4200,2433
WBDS18,walkT06,0.12172116575285805,0.15936181447191947,-0.02138910027024279,-0.03581034544494939,4200,2410
WBDS18,walkT07,0.15836559354807642,0.21096942990226009,-0.03690921112885239,-0.06431267076086837,4200,2341
WBDS18,walkT08,0.205764940284284,0.276557731601499,-0.022591806876043754,-0.03978860437160072,4200,2306
WBDS19,walkT01,0.1822048677200487,0.21776946503620126,0.07472134087767081,0.11038213248301035,4200,2907
WBDS19,walkT02,0.17585104301772084,0.2241625650997684,0.10670451163968768,0.17127245731272875,4200,2580
WBDS19,walkT03,0.1853556416322505,0.2363253171702239,0.1019704986412452,0.16747216979509896,4200,2578
WBDS19,walkT04,0.20038476943132688,0.25497401256554364,0.11637540529111469,0.18979016618970135,4200,2589
WBDS19,walkT05,0.205712411038956,0.2648885074525527,0.1044774223815006,0.175350743462451,4200,2525
WBDS19,walkT06,0.21858977311112035,0.28039166253507136,0.11857931142257405,0.19766646069956725,4200,2543
WBDS19,walkT07,0.2115829271497325,0.2744538084402238,0.10370155804185395,0.17477524461227956,4200,2485
WBDS19,walkT08,0.21653144757507656,0.28142956482856246,0.09283614107340064,0.1466545393646547,4200,2465
WBDS21,walkT01,0.1095815763578948,0.13640917205764333,0.02276602363982846,0.02586266180333941,4200,2583
WBDS21,walkT02,0.12810691761359977,0.16075672350649958,0.02779590123726477,0.01961986564998225,4200,2515
WBDS21,walkT03,0.14421126718908966,0.1842732030483141,0.03596113768492368,0.029293966596300732,4200,2417
WBDS21,walkT04,0.17114454080261834,0.22000384872743808,0.03587832103528179,0.030251290412717957,4200,2433
WBDS21,walkT05,0.18260557537295,0.23439902261881765,0.03243622265535152,0.027645316832589934,4200,2467
WBDS21,walkT06,0.2067836308143842,0.2712625623778487,0.032223524143228634,0.03379221400345632,4200,2387
WBDS21,walkT07,0.23880204279611428,0.31510787510441546,0.03592957782394799,0.03755303125903175,4200,2364
WBDS21,walkT08,0.26252862012282385,0.3478487400578045,0.03129820014480343,0.02004164020508886,4200,2330
WBDS22,walkT01,0.19783403549927195,0.24007611829355663,0.1066447116126594,0.18883995739875986,4200,2754
WBDS22,walkT02,0.1987767024004844,0.25472500119420954,0.10712199876544633,0.17397207579322255,4200,2552
WBDS22,walkT03,0.20849452590482737,0.26654708293400314,0.10569842797489663,0.16815819149292177,4200,2562
WBDS22,walkT04,0.1927122779431829,0.24916691687252734,0.1042023148922609,0.17278739956831454,4200,2503
WBDS22,walkT05,0.19994673470260785,0.2587414693439146,0.10963380957941068,0.17836602708825006,4200,2494
WBDS22,walkT06,0.21658330613716656,0.28300082162323936,0.09886970187192094,0.1670639758068994,4200,2447
WBDS22,walkT07,0.23028539862326317,0.3015259193281202,0.08350084455974595,0.14524079980912666,4200,2434
WBDS22,walkT08,0.2850018079134743,0.37591718015686654,0.10002281454940896,0.16957930271906657,4200,2397
WBDS23,walkT01,0.25606861064433684,0.31673139520932875,0.184653814194843,0.28209806105045543,4200,2742
WBDS23,walkT02,0.23628182052148952,0.2992032216740393,0.1706898799981927,0.2740372596442253,4200,2615
WBDS23,walkT03,0.209982163857052,0.26924416946592994,0.14367175382289954,0.23699808678615464,4200,2549
WBDS23,walkT04,0.21759339380104453,0.2802339269544819,0.13788363581469792,0.22978118172251205,4200,2525
WBDS23,walkT05,0.24173103585170294,0.3162281959508111,0.14124624923636236,0.24273631921130215,4200,2448
WBDS23,walkT06,0.25379238105549845,0.33451777851602604,0.13807003493903763,0.24102338944251317,4200,2411
WBDS23,walkT07,0.2911258457930189,0.38562209806033726,0.15745451171520072,0.27718103672961547,4200,2388
WBDS23,walkT08,0.29224998728328866,0.3884052234822261,0.14780724811916834,0.2608572294959026,4200,2366
WBDS24,walkT01,0.1491948630059031,0.18488493818743454,0.10875504879401016,0.16699529635566293,4200,2733
WBDS24,walkT02,0.1620416916768232,0.20118460126884125,0.10847626724949182,0.17066443131754908,4200,2716
WBDS24,walkT03,0.16875147932570148,0.21140355535569827,0.10791014293897327,0.1694979298806165,4200,2674
WBDS24,walkT04,0.1817427783929514,0.22951478558461355,0.09907255903828918,0.15900411802969436,4200,2629
WBDS24,walkT05,0.1613742246330371,0.2065924936118765,0.09377430607730328,0.1537639469369318,4200,2555
WBDS24,walkT06,0.16374853939732165,0.21129247573202406,0.08840918552588288,0.1463220348479628,4200,2513
WBDS24,walkT07,0.15805206530673188,0.20573518596846335,0.08738651791913885,0.14817643612700007,4200,2466
WBDS24,walkT08,0.18001649034575012,0.23365376771980378,0.09885985628469574,0.16705872107931494,4200,2481
WBDS25,walkT01,0.1785678377264904,0.2266722988858896,0.10816299285959192,0.17719071080754034,4200,2600
WBDS25,walkT02,0.1934497654863537,0.24571241352108392,0.12314702906796313,0.21085195659599643,4200,2588
WBDS25,walkT03,0.19122593881735017,0.24515667571904448,0.12271888737667042,0.21217490172521464,4200,2544
WBDS25,walkT04,0.1945070778846166,0.24962746009426243,0.13009334366425576,0.21487263795859068,4200,2543
WBDS25,walkT05,0.16935665038824743,0.21785178565517466,0.09578467389069206,0.17311226486549,4200,2510
WBDS25,walkT06,0.15583699373692964,0.20314889387550147,0.07927190089961866,0.14425097318113236,4200,2450
WBDS25,walkT07,0.3475705130890567,0.44786205693708797,0.27927345795615494,0.4114100237597623,4200,2431
WBDS25,walkT08,0.36972110221566484,0.47375212134931527,0.2880926512034188,0.4179089784382251,4200,2439
WBDS26,walkT01,0.3306779443034233,0.4141000666170031,0.24024286606358033,0.3892966623968727,4200,2670
WBDS26,walkT02,0.205997845748169,0.2616726823290369,0.15354792110157345,0.24809564716398277,4200,2600
WBDS26,walkT03,0.14838540177958998,0.18975170687100235,0.10481402139867418,0.171139462617479,4200,2561
WBDS26,walkT04,0.15651270345074234,0.20088051906235552,0.1044756599411668,0.17387632618648902,4200,2540
WBDS26,walkT05,0.16718825679748459,0.21689710484419628,0.1077709309589755,0.17893561020738313,4200,2483
WBDS26,walkT06,0.18777408941872253,0.2434331597118188,0.1069075372245122,0.17446762642707403,4200,2484
WBDS26,walkT07,0.225994623765163,0.2987106855747096,0.10872767927440591,0.1794192518136585,4200,2386
WBDS26,walkT08,0.3143873062101873,0.41612020924514725,0.17861604256878258,0.296553590702665,4200,2382
WBDS28,walkT01,0.22710991780259446,0.28029283515462333,0.18359948207013607,0.2635917145695715,4200,2722
WBDS28,walkT02,0.22527379333937075,0.28566994573467686,0.18110544614947982,0.2745391555792808,4200,2581
WBDS28,walkT03,0.28949485153796634,0.37097195523604043,0.23095179049840073,0.35793269501064345,4200,2534
WBDS28,walkT04,0.2536955828086372,0.324312282051164,0.1956439817829119,0.29958900558379525,4200,2540
WBDS28,walkT05,0.30305990871933347,0.38992406842806987,0.22892327526474207,0.3584240351246407,4200,2517
WBDS28,walkT06,0.34136487687821515,0.4424950079746085,0.23248075444933583,0.3744580072869044,4200,2487
WBDS28,walkT07,0.35257325751652135,0.4610397127285755,0.22611238283697102,0.3630934295315745,4200,2438
WBDS29,walkT01,0.11948170220232973,0.14829564855017163,0.04221401348774564,0.08287560704604778,4200,2616
WBDS29,walkT02,0.14857370313877852,0.19188566226893805,0.07360950639094262,0.12289783635964452,4200,2505
WBDS29,walkT03,0.14906609045782382,0.19369169351014617,0.0635717395999508,0.10452488988563728,4200,2473
WBDS29,walkT04,0.20481527495187732,0.26594048101914547,0.08098414071150632,0.13520124483992832,4200,2476
WBDS29,walkT05,0.1965419976401826,0.2539379946592223,0.08370305060695411,0.1361431730223071,4200,2501
WBDS29,walkT06,0.24382124007020559,0.31494188733115003,0.0882928001677355,0.14787639629311267,4200,2508
WBDS29,walkT07,0.24984766382517254,0.3256833096752137,0.07544079819958291,0.12500453057856403,4200,2456
WBDS31,walkT01,0.13871070705116087,0.16930794939985996,0.08347151986428682,0.14564284359025167,4200,2706
WBDS31,walkT02,0.11154968652947878,0.14451436458446562,0.05169465405918882,0.09980123151933151,4200,2454
WBDS31,walkT03,0.1596660785557944,0.2047137750416442,0.09307758177928221,0.16211278896662915,4200,2542
WBDS31,walkT04,0.1502719639819679,0.19459147429724913,0.08208173432408294,0.13822704630526883,4200,2497
WBDS31,walkT05,0.16733353520747168,0.21618226778355767,0.08387995398028052,0.14124197089148863,4200,2507
WBDS31,walkT06,0.18387999970373567,0.23954273909852916,0.0787522568829227,0.13590996746301667,4200,2463
WBDS31,walkT07,0.21526608688622592,0.27989972687162107,0.07850276599203274,0.1331915762211672,4200,2476
WBDS31,walkT08,0.2755148661743253,0.35570861077235394,0.14867184264651256,0.2189521235507712,4200,2475
WBDS33,walkT01,0.10969764729919293,0.13499921877779145,-0.00898488018129509,-0.05811728531421609,4200,2346
WBDS33,walkT02,0.10212861556479182,0.12602861377143834,0.030187795098055605,0.007999257247832237,4200,2254
WBDS33,walkT03,0.09714837298024238,0.12278778888521319,0.023674541734702983,0.012048156949816573,4200,2373
WBDS33,walkT04,0.10955010126065272,0.13955338053344002,0.020910145417096637,0.002829385821322502,4200,2328
WBDS33,walkT05,0.12162589536890094,0.15684195712492574,0.027130731097057974,0.008627877037960663,4200,2262
WBDS33,walkT06,0.14620669178077383,0.18797404957166144,0.031320029915929685,0.014513248539026977,4200,2333
WBDS33,walkT07,0.1648183623851333,0.21533643757455623,0.036982497020562256,0.017993692835502895,4200,2246
WBDS33,walkT08,0.19497947886724723,0.25342453736465265,0.016174087415264052,-0.025262336823252705,4200,2298
WBDS34,walkT01,0.17931761691560633,0.23364853589411963,-0.11133477466084572,-0.18918548337983412,4200,2473
WBDS34,walkT02,0.16797533859915234,0.22390273680674894,-0.0844906972670319,-0.15023052481759414,4200,2362
WBDS34,walkT03,0.15473760291361424,0.20273832055334617,-0.07518724807543688,-0.1292561247845877,4200,2442
WBDS34,walkT04,0.1690061211734982,0.22321202340065152,-0.08219922984780034,-0.14349336351883335,4200,2404
WBDS34,walkT05,0.18541334534625864,0.24131787550793896,-0.08498423828085447,-0.14343514697224072,4200,2474
WBDS34,walkT06,0.19642779813078393,0.2605494937955812,-0.08109057758362044,-0.14210607995449084,4200,2380
WBDS34,walkT07,0.22028804392947382,0.29243907968274985,-0.08429200272338122,-0.1476229630987408,4200,2376
WBDS34,walkT08,0.2045922286013971,0.2716006199615913,-0.01221915468696881,-0.019845896128053642,4200,2373
WBDS35,walkT01,0.14108286162804948,0.17203576442022345,0.04982219993659247,0.12199753851875746,4200,2524
WBDS35,walkT02,0.09003934165715809,0.10792318569934319,0.024581038322272007,0.06962761765758527,4200,2548
WBDS35,walkT03,0.1251501034949154,0.15462222873907217,0.045727604908342025,0.0993559768748059,4200,2606
WBDS35,walkT04,0.13414951223319277,0.1678634019439411,0.04698236419514586,0.09803568019728796,4200,2591
WBDS35,walkT05,0.1421051097668408,0.17974507897771713,0.04734235486469424,0.09797000674852538,4200,2556
WBDS35,walkT06,0.18933963232731074,0.24304396396678135,0.07680862463065306,0.14193088540791726,4200,2525
WBDS35,walkT07,0.21306977453423076,0.27493176505343286,0.08514983238298109,0.1624523111704212,4200,2494
WBDS35,walkT08,0.2658577065878207,0.34844238822710566,0.10335015541151027,0.2059560676365522,4200,2418
WBDS36,walkT01,0.21442790062612863,0.26715215349558474,0.13330179958540941,0.21195510994706449,4200,2698
WBDS38,walkT01,0.11153693683132593,0.14005297221980273,-0.01601261365712968,-0.03145740826140645,4200,2619
WBDS38,walkT02,0.14805479230178134,0.18635592283784308,-0.014438669675136295,-0.035420184874971186,4200,2610
WBDS38,walkT03,0.1584437124678605,0.20121177505386628,-0.0035173219191238438,-0.013968900589271829,4200,2579
WBDS38,walkT04,0.17083290398988854,0.21890593507010767,0.003640037514022042,-0.004657602779381629,4200,2525
WBDS38,walkT05,0.18767085125154945,0.24156926751329139,0.004974659441899525,-0.0014682648584649414,4200,2509
WBDS38,walkT06,0.22415053097622553,0.2945155643315797,-0.007909485156510182,-0.03164614450037725,4200,2401
WBDS38,walkT07,0.27444877377188004,0.36298818924100806,0.05452857230857785,0.08089494092792103,4200,2381
WBDS41,walkT01,0.43928252396511513,0.4062666458672233,-0.1856625434083874,-0.010089335027144711,4200,2455
