label,horizon_s,lookahead_s,n,fs,vs_batch_pctBW,solve_ms_mean,solve_ms_p95,solve_ms_max,batch_s,windows,budget_ms,mhe_stance_pctBW,batch_stance_pctBW,dataset,subject,speed
wang:Subj04:walk_18,0.2,0.0,5984,100.0,0.0990353193474661,0.029569505395762755,0.04067997215315702,0.6719999946653843,0.03638629999477416,5965,10.0,1.9513359293249997,1.9270903220361164,wang,Subj04,0.5
wang:Subj04:walk_18,0.2,0.05,5984,100.0,0.005543102528372934,0.03000035213339306,0.043199979700148106,1.0933000012300909,0.03638629999477416,5970,10.0,1.9254636595942511,1.9270903220361164,wang,Subj04,0.5
wang:Subj04:walk_18,0.2,0.1,5984,100.0,0.0006736333567833108,0.029638627676534853,0.04150002496317029,0.8687999797984958,0.03638629999477416,5975,10.0,1.9271120658242593,1.9270903220361164,wang,Subj04,0.5
wang:Subj04:walk_18,0.3,0.0,5984,100.0,0.0990352029495765,0.03900807733060268,0.0543000060133636,0.8833999745547771,0.03638629999477416,5955,10.0,1.9513361759996972,1.9270903220361164,wang,Subj04,0.5
wang:Subj04:walk_18,0.3,0.05,5984,100.0,0.005542696832556307,0.03908468160743906,0.05500001134350896,0.999900046736002,0.03638629999477416,5960,10.0,1.9254612717397095,1.9270903220361164,wang,Subj04,0.5
wang:Subj04:walk_18,0.3,0.1,5984,100.0,0.0003061083320226286,0.0401334619373614,0.05789997521787882,0.7530000293627381,0.03638629999477416,5965,10.0,1.9271409967763677,1.9270903220361164,wang,Subj04,0.5
wang:Subj04:walk_18,0.4,0.0,5984,100.0,0.09903519504793962,0.05119619853841572,0.0735999783501029,1.265200029592961,0.03638629999477416,5945,10.0,1.9513361583307347,1.9270903220361164,wang,Subj04,0.5
wang:Subj04:walk_18,0.4,0.05,5984,100.0,0.005542707455531936,0.050625109051142925,0.07389998063445091,1.8322000396437943,0.03638629999477416,5950,10.0,1.925461263353502,1.9270903220361164,wang,Subj04,0.5
wang:Subj04:walk_18,0.4,0.1,5984,100.0,0.0003062702072359436,0.05149917722398949,0.07313001551665367,0.4561000387184322,0.03638629999477416,5955,10.0,1.9271411616533616,1.9270903220361164,wang,Subj04,0.5
wang:Subj04:walk_18,0.6,0.0,5984,100.0,0.09903520365294831,0.07705053164258222,0.10527999838814141,1.3464000076055527,0.03638629999477416,5925,10.0,1.9513361107923497,1.9270903220361164,wang,Subj04,0.5
wang:Subj04:walk_18,0.6,0.05,5984,100.0,0.0055427120616501685,0.07449161838685142,0.10060000931844115,0.8209000225178897,0.03638629999477416,5930,10.0,1.9254612426386326,1.9270903220361164,wang,Subj04,0.5
wang:Subj04:walk_18,0.6,0.1,5984,100.0,0.00030627144742382216,0.07674515600612021,0.1058999914675951,1.0106000117957592,0.03638629999477416,5935,10.0,1.927141143474936,1.9270903220361164,wang,Subj04,0.5
wang:Subj04:walk_36,0.2,0.0,6868,100.0,0.27692938570004916,0.03269872995160639,0.0439999857917428,0.7293999660760164,0.037885199999436736,6849,10.0,3.420120487101311,3.365055635827484,wang,Subj04,1.0
wang:Subj04:walk_36,0.2,0.05,6868,100.0,0.017429453223892877,0.032315466130453455,0.04279999702703208,0.90079999063164,0.037885199999436736,6854,10.0,3.3557024268628544,3.365055635827484,wang,Subj04,1.0
wang:Subj04:walk_36,0.2,0.1,6868,100.0,0.002395398958376429,0.03262426008493847,0.043899985030293465,0.7090999861247838,0.037885199999436736,6859,10.0,3.365104131043298,3.365055635827484,wang,Subj04,1.0
wang:Subj04:walk_36,0.3,0.0,6868,100.0,0.2769272965234983,0.046647857904046366,0.06120000034570694,0.9051000233739614,0.037885199999436736,6839,10.0,3.4201228150084027,3.365055635827484,wang,Subj04,1.0
wang:Subj04:walk_36,0.3,0.05,6868,100.0,0.0174260847440705,0.04617124442109095,0.05930004408583045,0.4430999979376793,0.037885199999436736,6844,10.0,3.355694317514628,3.365055635827484,wang,Subj04,1.0
wang:Subj04:walk_36,0.3,0.1,6868,100.0,0.0008057175834456962,0.048652081116329585,0.06306001450866455,1.0868000099435449,0.037885199999436736,6849,10.0,3.3651868997681045,3.365055635827484,wang,Subj04,1.0
wang:Subj04:walk_36,0.4,0.0,6868,100.0,0.27692773490615974,0.05933874669966343,0.07379997987300158,0.37750002229586244,0.037885199999436736,6829,10.0,3.4201260877908597,3.365055635827484,wang,Subj04,1.0
wang:Subj04:walk_36,0.4,0.05,6868,100.0,0.017410778769270288,0.07098729873538336,0.08889999880921096,0.6835999665781856,0.037885199999436736,6834,10.0,3.3557033708848762,3.365055635827484,wang,Subj04,1.0
wang:Subj04:walk_36,0.4,0.1,6868,100.0,0.0008088911478700575,0.0598745284039494,0.07501004147343332,0.8151000365614891,0.037885199999436736,6839,10.0,3.365194066234588,3.365055635827484,wang,Subj04,1.0
wang:Subj04:walk_36,0.6,0.0,6868,100.0,0.27692765502684064,0.08735000730847388,0.11560000712051988,1.3093999586999416,0.037885199999436736,6809,10.0,3.4201261053027507,3.365055635827484,wang,Subj04,1.0
wang:Subj04:walk_36,0.6,0.05,6868,100.0,0.01740253071113616,0.08736417699145442,0.11820002691820264,1.0575999622233212,0.037885199999436736,6814,10.0,3.3557044855523324,3.365055635827484,wang,Subj04,1.0
wang:Subj04:walk_36,0.6,0.1,6868,100.0,0.0008109243318220495,0.08700274205957144,0.11741001508198673,0.6037999992258847,0.037885199999436736,6819,10.0,3.3651981467496466,3.365055635827484,wang,Subj04,1.0
wang:Subj04:walk_54,0.2,0.0,6635,100.0,0.4587620781162742,0.03215701337330811,0.043899985030293465,0.3074000123888254,0.04168510000454262,6616,10.0,4.51384701936083,4.4181916131257,wang,Subj04,1.5
wang:Subj04:walk_54,0.2,0.05,6635,100.0,0.03563617798726841,0.032525283112596476,0.04379998426884413,0.3060000017285347,0.04168510000454262,6621,10.0,4.397336368255363,4.4181916131257,wang,Subj04,1.5
wang:Subj04:walk_54,0.2,0.1,6635,100.0,0.0045155884169856605,0.03461909134696001,0.05347499973140657,0.4322999739088118,0.04168510000454262,6626,10.0,4.417922765481636,4.4181916131257,wang,Subj04,1.5
wang:Subj04:walk_54,0.3,0.0,6635,100.0,0.45876244350568335,0.04545782653854829,0.05897499795537442,0.1753999968059361,0.04168510000454262,6606,10.0,4.513850620504592,4.4181916131257,wang,Subj04,1.5
wang:Subj04:walk_54,0.3,0.05,6635,100.0,0.0356358699353408,0.04540691255405715,0.059950019931420684,1.201300008688122,0.04168510000454262,6611,10.0,4.397310716090365,4.4181916131257,wang,Subj04,1.5
wang:Subj04:walk_54,0.3,0.1,6635,100.0,0.0014504433844908975,0.045613044356401365,0.05980000423733145,0.43319998076185584,0.04168510000454262,6616,10.0,4.418041657438098,4.4181916131257,wang,Subj04,1.5
wang:Subj04:walk_54,0.4,0.0,6635,100.0,0.458761457414571,0.05925554890907666,0.07569999434053898,0.6500000017695129,0.04168510000454262,6596,10.0,4.513851550045218,4.4181916131257,wang,Subj04,1.5
wang:Subj04:walk_54,0.4,0.05,6635,100.0,0.03563198416458008,0.06189674302226491,0.08080003317445517,0.5042999982833862,0.04168510000454262,6601,10.0,4.397314000129661,4.4181916131257,wang,Subj04,1.5
wang:Subj04:walk_54,0.4,0.1,6635,100.0,0.0014506039516180831,0.059208477082243006,0.07589999586343765,0.5657000001519918,0.04168510000454262,6606,10.0,4.418049082765996,4.4181916131257,wang,Subj04,1.5
wang:Subj04:walk_54,0.6,0.0,6635,100.0,0.4587612390809427,0.09041292545757565,0.11512500350363553,1.2662000372074544,0.04168510000454262,6576,10.0,4.513851763760513,4.4181916131257,wang,Subj04,1.5
wang:Subj04:walk_54,0.6,0.05,6635,100.0,0.03563197867249065,0.08913233521091726,0.112100038677454,0.7595000206492841,0.04168510000454262,6581,10.0,4.397313806819204,4.4181916131257,wang,Subj04,1.5
wang:Subj04:walk_54,0.6,0.1,6635,100.0,0.0014505372949897948,0.08992872735186494,0.11580000864341855,0.8003999828360975,0.04168510000454262,6586,10.0,4.418049525056512,4.4181916131257,wang,Subj04,1.5
wang:Subj05:walk_18,0.2,0.0,7305,100.0,0.11601830457520115,0.031738279191081756,0.045599997974932194,0.3448000061325729,0.040356900019105524,7286,10.0,2.0470672069285993,2.0126272260124236,wang,Subj05,0.5
wang:Subj05:walk_18,0.2,0.05,7305,100.0,0.005931586236356626,0.03162545536078503,0.0442500167991966,1.3341999729163945,0.040356900019105524,7291,10.0,2.011096314137458,2.0126272260124236,wang,Subj05,0.5
wang:Subj05:walk_18,0.2,0.1,7305,100.0,0.0008943376741597057,0.03196406260828728,0.04549999721348286,0.7744000176899135,0.040356900019105524,7296,10.0,2.0126052682118263,2.0126272260124236,wang,Subj05,0.5
wang:Subj05:walk_18,0.3,0.0,7305,100.0,0.11601753671376512,0.04567365311385696,0.05989999044686556,1.2105000205338001,0.040356900019105524,7276,10.0,2.047066677389951,2.0126272260124236,wang,Subj05,0.5
wang:Subj05:walk_18,0.3,0.05,7305,100.0,0.005935730520974634,0.045083669968685645,0.06220000796020031,0.3404999733902514,0.040356900019105524,7281,10.0,2.0110921687978007,2.0126272260124236,wang,Subj05,0.5
wang:Subj05:walk_18,0.3,0.1,7305,100.0,0.0003283076923048807,0.045172412878295064,0.06207500700838864,0.2964000450447202,0.040356900019105524,7286,10.0,2.012650646800521,2.0126272260124236,wang,Subj05,0.5
wang:Subj05:walk_18,0.4,0.0,7305,100.0,0.11601801711868762,0.060073162820354256,0.08110002090688795,1.0431999689899385,0.040356900019105524,7266,10.0,2.047067044403944,2.0126272260124236,wang,Subj05,0.5
wang:Subj05:walk_18,0.4,0.05,7305,100.0,0.0059358249409810285,0.05915906989434356,0.0811999780125916,0.8855999913066626,0.040356900019105524,7271,10.0,2.011092984450605,2.0126272260124236,wang,Subj05,0.5
wang:Subj05:walk_18,0.4,0.1,7305,100.0,0.0003281155516626956,0.05689579425169715,0.07955000910442322,1.0593999759294093,0.040356900019105524,7276,10.0,2.0126524295290493,2.0126272260124236,wang,Subj05,0.5
wang:Subj05:walk_18,0.6,0.0,7305,100.0,0.1160185661332001,0.08186715409345256,0.1169249735539779,0.8893999620340765,0.040356900019105524,7246,10.0,2.047067308555138,2.0126272260124236,wang,Subj05,0.5
wang:Subj05:walk_18,0.6,0.05,7305,100.0,0.005934058194230881,0.08231037164349975,0.11779999476857483,0.7907000253908336,0.040356900019105524,7251,10.0,2.01109463655488,2.0126272260124236,wang,Subj05,0.5
wang:Subj05:walk_18,0.6,0.1,7305,100.0,0.0003278555589643697,0.08159087686200062,0.11750002158805728,0.7444000220857561,0.040356900019105524,7256,10.0,2.012655629857526,2.0126272260124236,wang,Subj05,0.5
wang:Subj05:walk_36,0.2,0.0,8136,100.0,0.20968032190170124,0.03552700470521673,0.05009998567402363,0.33089995849877596,0.04701249999925494,8117,10.0,2.8429196708669346,2.7869353905929874,wang,Subj05,1.0
wang:Subj05:walk_36,0.2,0.05,8136,100.0,0.013430800685473561,0.032748706756977004,0.04579499945975839,0.9049000218510628,0.04701249999925494,8122,10.0,2.77959667747396,2.7869353905929874,wang,Subj05,1.0
wang:Subj05:walk_36,0.2,0.1,8136,100.0,0.001657765004880173,0.03264656088894692,0.04469999112188816,0.7623000419698656,0.04701249999925494,8127,10.0,2.786883260596721,2.7869353905929874,wang,Subj05,1.0
wang:Subj05:walk_36,0.3,0.0,8136,100.0,0.20968088862147885,0.04408761534665942,0.059699988923966885,0.3173999721184373,0.04701249999925494,8107,10.0,2.842921835455232,2.7869353905929874,wang,Subj05,1.0
wang:Subj05:walk_36,0.3,0.05,8136,100.0,0.013425976603782364,0.04476397918670207,0.061144999926909784,0.8848000434227288,0.04701249999925494,8112,10.0,2.779589051731018,2.7869353905929874,wang,Subj05,1.0
wang:Subj05:walk_36,0.3,0.1,8136,100.0,0.0007627690364548828,0.043557250241027176,0.06029999349266291,0.33139996230602264,0.04701249999925494,8117,10.0,2.786976745543426,2.7869353905929874,wang,Subj05,1.0
wang:Subj05:walk_36,0.4,0.0,8136,100.0,0.20968112768674485,0.056936655079006665,0.07569999434053898,0.9221999789588153,0.04701249999925494,8097,10.0,2.842922104623086,2.7869353905929874,wang,Subj05,1.0
wang:Subj05:walk_36,0.4,0.05,8136,100.0,0.013423812300726047,0.05707649918960721,0.07449998520314693,1.6493999864906073,0.04701249999925494,8102,10.0,2.7795898844442064,2.7869353905929874,wang,Subj05,1.0
wang:Subj05:walk_36,0.4,0.1,8136,100.0,0.0007632517365535061,0.05597158018974062,0.07239996921271086,0.48370001604780555,0.04701249999925494,8107,10.0,2.786976593501137,2.7869353905929874,wang,Subj05,1.0
wang:Subj05:walk_36,0.6,0.0,8136,100.0,0.20968104581487898,0.08378180012951393,0.10659999679774046,1.4340000343509018,0.04701249999925494,8077,10.0,2.8429220816054164,2.7869353905929874,wang,Subj05,1.0
wang:Subj05:walk_36,0.6,0.05,8136,100.0,0.013423876392326358,0.08312270435031234,0.10509498533792791,0.3176999744027853,0.04701249999925494,8082,10.0,2.779590854680694,2.7869353905929874,wang,Subj05,1.0
wang:Subj05:walk_36,0.6,0.1,8136,100.0,0.0007625695555795003,0.08273750472884324,0.10030000703409314,0.44440000783652067,0.04701249999925494,8087,10.0,2.786977332725534,2.7869353905929874,wang,Subj05,1.0
wang:Subj05:walk_54,0.2,0.0,6138,100.0,0.46107140482805514,0.033552328739613585,0.04530999576672907,0.22849999368190765,0.041527000023052096,6119,10.0,4.144761091242102,3.9832659613920733,wang,Subj05,1.5
wang:Subj05:walk_54,0.2,0.05,6138,100.0,0.025895819324895174,0.03332072137792642,0.04518500354606653,0.7608999731019139,0.041527000023052096,6124,10.0,3.9742167185833837,3.9832659613920733,wang,Subj05,1.5
wang:Subj05:walk_54,0.2,0.1,6138,100.0,0.003311793863805933,0.032837901156238254,0.04410002147778869,0.24800002574920654,0.041527000023052096,6129,10.0,3.982914282703515,3.9832659613920733,wang,Subj05,1.5
wang:Subj05:walk_54,0.3,0.0,6138,100.0,0.46107193372431565,0.04577957099089562,0.05890001775696874,0.8331999997608364,0.041527000023052096,6109,10.0,4.144762732618161,3.9832659613920733,wang,Subj05,1.5
wang:Subj05:walk_54,0.3,0.05,6138,100.0,0.025882323066878515,0.046059225202182544,0.05819997750222683,0.4248999757692218,0.041527000023052096,6114,10.0,3.9741988950068547,3.9832659613920733,wang,Subj05,1.5
wang:Subj05:walk_54,0.3,0.1,6138,100.0,0.001342396239668744,0.04615085785071563,0.05859998636879027,0.4465999663807452,0.041527000023052096,6119,10.0,3.983217050662708,3.9832659613920733,wang,Subj05,1.5
wang:Subj05:walk_54,0.4,0.0,6138,100.0,0.4610738632001141,0.05796378085432184,0.07321003358811135,0.7907000253908336,0.041527000023052096,6099,10.0,4.144765044163496,3.9832659613920733,wang,Subj05,1.5
wang:Subj05:walk_54,0.4,0.05,6138,100.0,0.025877092880989983,0.057753096529551774,0.07479998748749495,0.5928999744355679,0.041527000023052096,6104,10.0,3.974203304353248,3.9832659613920733,wang,Subj05,1.5
wang:Subj05:walk_54,0.4,0.1,6138,100.0,0.0013435647306976235,0.057353544136090666,0.07320003351196647,0.519299996085465,0.041527000023052096,6109,10.0,3.9832190629923536,3.9832659613920733,wang,Subj05,1.5
wang:Subj05:walk_54,0.6,0.0,6138,100.0,0.4610736348395014,0.0899224217960724,0.10939996573142707,0.45330001739785075,0.041527000023052096,6079,10.0,4.144765165019181,3.9832659613920733,wang,Subj05,1.5
wang:Subj05:walk_54,0.6,0.05,6138,100.0,0.025876957169431638,0.08537353742864646,0.10360002343077213,1.9210000173188746,0.041527000023052096,6084,10.0,3.9742034688749346,3.9832659613920733,wang,Subj05,1.5
wang:Subj05:walk_54,0.6,0.1,6138,100.0,0.0013443078940618587,0.08391880439725927,0.10036000749096269,0.6007999763824046,0.041527000023052096,6089,10.0,3.983218619609704,3.9832659613920733,wang,Subj05,1.5
wang:Subj06:walk_18,0.2,0.0,7753,100.0,0.13037164686947747,0.03095615499030114,0.04160002572461963,0.70980004966259,0.041995099978521466,7734,10.0,1.9669621400797614,1.9385854394619175,wang,Subj06,0.5
wang:Subj06:walk_18,0.2,0.05,7753,100.0,0.008144090978530475,0.03098640649121325,0.04199997056275606,1.0124000255018473,0.041995099978521466,7739,10.0,1.9373036030725925,1.9385854394619175,wang,Subj06,0.5
wang:Subj06:walk_18,0.2,0.1,7753,100.0,0.0007943129575377056,0.030767032136988618,0.04169996827840805,0.40710001485422254,0.041995099978521466,7744,10.0,1.9386001180735337,1.9385854394619175,wang,Subj06,0.5
wang:Subj06:walk_18,0.3,0.0,7753,100.0,0.13037186018846816,0.04124781192202702,0.055999960750341415,1.0881000198423862,0.041995099978521466,7724,10.0,1.966962610504462,1.9385854394619175,wang,Subj06,0.5
wang:Subj06:walk_18,0.3,0.05,7753,100.0,0.008146925253269164,0.041751300845645115,0.058600015472620726,0.6490999949164689,0.041995099978521466,7729,10.0,1.9372989176939963,1.9385854394619175,wang,Subj06,0.5
wang:Subj06:walk_18,0.3,0.1,7753,100.0,0.0004996778775095976,0.043640483348908056,0.06319995736703277,0.23710000095888972,0.041995099978521466,7734,10.0,1.9386618016669193,1.9385854394619175,wang,Subj06,0.5
wang:Subj06:walk_18,0.4,0.0,7753,100.0,0.130371839455982,0.05325396683136866,0.07259997073560953,0.35879999632015824,0.041995099978521466,7714,10.0,1.966962617485094,1.9385854394619175,wang,Subj06,0.5
wang:Subj06:walk_18,0.4,0.05,7753,100.0,0.00814690403507642,0.05238808068538632,0.07000000914558768,0.5001999670639634,0.041995099978521466,7719,10.0,1.9372989139749692,1.9385854394619175,wang,Subj06,0.5
wang:Subj06:walk_18,0.4,0.1,7753,100.0,0.0004996291144573158,0.05314097597356838,0.07110000879038125,1.1686999932862818,0.041995099978521466,7724,10.0,1.9386620928957192,1.9385854394619175,wang,Subj06,0.5
wang:Subj06:walk_18,0.6,0.0,7753,100.0,0.13037173040793384,0.08346762469782554,0.10323500900994981,0.46300003305077553,0.041995099978521466,7694,10.0,1.966962205644282,1.9385854394619175,wang,Subj06,0.5
wang:Subj06:walk_18,0.6,0.05,7753,100.0,0.00814912457974259,0.08673234224577843,0.11150003410875797,1.0615999926812947,0.041995099978521466,7699,10.0,1.937297466080319,1.9385854394619175,wang,Subj06,0.5
wang:Subj06:walk_18,0.6,0.1,7753,100.0,0.0004980919090813376,0.08580556827445485,0.11168497730977828,1.2032000231556594,0.041995099978521466,7704,10.0,1.938660962880253,1.9385854394619175,wang,Subj06,0.5
wang:Subj06:walk_36,0.2,0.0,6097,100.0,0.1891067677592832,0.030370450591041473,0.041599967516958714,0.7191000040620565,0.03456980001647025,6078,10.0,3.688271908539774,3.6306245507407664,wang,Subj06,1.0
wang:Subj06:walk_36,0.2,0.05,6097,100.0,0.01309766569938706,0.0300573240643324,0.041700026486068964,0.3000999568030238,0.03456980001647025,6083,10.0,3.624376686319082,3.6306245507407664,wang,Subj06,1.0
wang:Subj06:walk_36,0.2,0.1,6097,100.0,0.0014089760454953893,0.03079150772753567,0.04199997056275606,0.7551999879069626,0.03456980001647025,6088,10.0,3.6307543486128764,3.6306245507407664,wang,Subj06,1.0
wang:Subj06:walk_36,0.3,0.0,6097,100.0,0.18910877296155626,0.04161104092011615,0.05646498466376212,1.096300024073571,0.03456980001647025,6068,10.0,3.6882744460610732,3.6306245507407664,wang,Subj06,1.0
wang:Subj06:walk_36,0.3,0.05,6097,100.0,0.013099375627711534,0.03814722544216288,0.05269999383017421,1.1538999970071018,0.03456980001647025,6073,10.0,3.6243713705936362,3.6306245507407664,wang,Subj06,1.0
wang:Subj06:walk_36,0.3,0.1,6097,100.0,0.0008090776067687877,0.0375330702854641,0.052499992307275534,0.6153999711386859,0.03456980001647025,6078,10.0,3.630843731028108,3.6306245507407664,wang,Subj06,1.0
wang:Subj06:walk_36,0.4,0.0,6097,100.0,0.18910859853355608,0.04804135031875785,0.06801499403081832,0.5532000213861465,0.03456980001647025,6058,10.0,3.6882741022058236,3.6306245507407664,wang,Subj06,1.0
wang:Subj06:walk_36,0.4,0.05,6097,100.0,0.0131015739004334,0.048909978283258625,0.06900000153109431,0.6150999688543379,0.03456980001647025,6063,10.0,3.624369520697507,3.6306245507407664,wang,Subj06,1.0
wang:Subj06:walk_36,0.4,0.1,6097,100.0,0.0008072086842118468,0.04912493415672612,0.07146498246584083,0.8387999841943383,0.03456980001647025,6068,10.0,3.6308429194057714,3.6306245507407664,wang,Subj06,1.0
wang:Subj06:walk_36,0.6,0.0,6097,100.0,0.18910890967651575,0.06878015900440403,0.09390001650899649,3.0523999594151974,0.03456980001647025,6038,10.0,3.688274641759519,3.6306245507407664,wang,Subj06,1.0
wang:Subj06:walk_36,0.6,0.05,6097,100.0,0.013100848867715339,0.07132027118782577,0.09689998114481568,14.767899992875755,0.03456980001647025,6043,10.0,3.624371372760005,3.6306245507407664,wang,Subj06,1.0
wang:Subj06:walk_36,0.6,0.1,6097,100.0,0.0008079625796804146,0.06884753642822111,0.09599997429177165,0.9865000029094517,0.03456980001647025,6048,10.0,3.6308417617361304,3.6306245507407664,wang,Subj06,1.0
wang:Subj06:walk_54,0.2,0.0,5888,100.0,0.39762524248319414,0.03188870331538439,0.042899977415800095,0.7342000026255846,0.034696999995503575,5869,10.0,5.156561614492024,5.025218948375171,wang,Subj06,1.5
wang:Subj06:walk_54,0.2,0.05,5888,100.0,0.029288070384917632,0.03178903654187278,0.041700026486068964,0.6535999709740281,0.034696999995503575,5874,10.0,5.0096371820479995,5.025218948375171,wang,Subj06,1.5
wang:Subj06:walk_54,0.2,0.1,5888,100.0,0.003138429727198332,0.03296012961582746,0.041210016934201066,0.7869999972172081,0.034696999995503575,5879,10.0,5.024482560966416,5.025218948375171,wang,Subj06,1.5
wang:Subj06:walk_54,0.3,0.0,5888,100.0,0.39762060663166876,0.04450054616317786,0.057410023873671834,0.8364000241272151,0.034696999995503575,5859,10.0,5.156556857419621,5.025218948375171,wang,Subj06,1.5
wang:Subj06:walk_54,0.3,0.05,5888,100.0,0.029312038697532357,0.04771152843133893,0.060685005155391936,0.7670000195503235,0.034696999995503575,5864,10.0,5.0096081671867045,5.025218948375171,wang,Subj06,1.5
wang:Subj06:walk_54,0.3,0.1,5888,100.0,0.0015394373178963508,0.04512017389789889,0.05709996912628412,0.9687999845482409,0.034696999995503575,5869,10.0,5.0250545249112415,5.025218948375171,wang,Subj06,1.5
wang:Subj06:walk_54,0.4,0.0,5888,100.0,0.3976262410963727,0.0568361085647541,0.07139996159821749,0.8140000281855464,0.034696999995503575,5849,10.0,5.156562791942968,5.025218948375171,wang,Subj06,1.5
wang:Subj06:walk_54,0.4,0.05,5888,100.0,0.029294811545732102,0.05575700402199372,0.0703000114299357,0.8988000336103141,0.034696999995503575,5854,10.0,5.009615443442472,5.025218948375171,wang,Subj06,1.5
wang:Subj06:walk_54,0.4,0.1,5888,100.0,0.0015425462243938341,0.05562998816837659,0.0701100041624158,0.9946999489329755,0.034696999995503575,5859,10.0,5.025060383755124,5.025218948375171,wang,Subj06,1.5
wang:Subj06:walk_54,0.6,0.0,5888,100.0,0.3976269531514735,0.08335868906447666,0.10406003566458816,0.9340000106021762,0.034696999995503575,5829,10.0,5.156562757795767,5.025218948375171,wang,Subj06,1.5
wang:Subj06:walk_54,0.6,0.05,5888,100.0,0.029296724391070467,0.0825609017197358,0.10419999889563769,1.0240999981760979,0.034696999995503575,5834,10.0,5.009611647857075,5.025218948375171,wang,Subj06,1.5
wang:Subj06:walk_54,0.6,0.1,5888,100.0,0.0015392595582260813,0.08172663155789078,0.1013100089039653,0.902900006622076,0.034696999995503575,5839,10.0,5.025056822994385,5.025218948375171,wang,Subj06,1.5
wang:Subj07:walk_18,0.2,0.0,5976,100.0,0.10338882985378396,0.03124005379125886,0.04199997056275606,0.9869000059552491,0.06340349995298311,5957,10.0,1.4812485893362657,1.4506864156294221,wang,Subj07,0.5
wang:Subj07:walk_18,0.2,0.05,5976,100.0,0.00511676063378138,0.03154815498344895,0.04139996599406004,0.6779000395908952,0.06340349995298311,5962,10.0,1.4498651955072188,1.4506864156294221,wang,Subj07,0.5
wang:Subj07:walk_18,0.2,0.1,5976,100.0,0.0006369976212092486,0.03191335710687667,0.042700034100562334,1.2360999826341867,0.06340349995298311,5967,10.0,1.4507251502998602,1.4506864156294221,wang,Subj07,0.5
wang:Subj07:walk_18,0.3,0.0,5976,100.0,0.10338885476723475,0.04306485617966492,0.057399971410632133,1.3261999702081084,0.06340349995298311,5947,10.0,1.4812499674021427,1.4506864156294221,wang,Subj07,0.5
wang:Subj07:walk_18,0.3,0.05,5976,100.0,0.005115463753949709,0.042832022563254545,0.05780000064987689,1.3383000041358173,0.06340349995298311,5952,10.0,1.449866252757361,1.4506864156294221,wang,Subj07,0.5
wang:Subj07:walk_18,0.3,0.1,5976,100.0,0.00029687317800826364,0.04254028944347716,0.056800025049597025,0.5638000438921154,0.06340349995298311,5957,10.0,1.4507131286317423,1.4506864156294221,wang,Subj07,0.5
wang:Subj07:walk_18,0.4,0.0,5976,100.0,0.10338885653547929,0.056023766134588086,0.07279998390004039,1.005500031169504,0.06340349995298311,5937,10.0,1.48124996890533,1.4506864156294221,wang,Subj07,0.5
wang:Subj07:walk_18,0.4,0.05,5976,100.0,0.005115452671132637,0.05510925617114773,0.0714000198058784,0.48619997687637806,0.06340349995298311,5942,10.0,1.4498662455269293,1.4506864156294221,wang,Subj07,0.5
wang:Subj07:walk_18,0.4,0.1,5976,100.0,0.00029692103724470587,0.054618109666576535,0.06989999092184007,0.846399983856827,0.06340349995298311,5947,10.0,1.4507133416348277,1.4506864156294221,wang,Subj07,0.5
wang:Subj07:walk_18,0.6,0.0,5976,100.0,0.1033889773616341,0.07858892965848399,0.09919999865815043,0.7006000378169119,0.06340349995298311,5917,10.0,1.4812500136446378,1.4506864156294221,wang,Subj07,0.5
wang:Subj07:walk_18,0.6,0.05,5976,100.0,0.005115786764827163,0.07877554873046073,0.10060000931844115,0.6094000418670475,0.06340349995298311,5922,10.0,1.4498666518611636,1.4506864156294221,wang,Subj07,0.5
wang:Subj07:walk_18,0.6,0.1,5976,100.0,0.00029659515540597745,0.07970558429303118,0.10210002074018121,1.3876999728381634,0.06340349995298311,5927,10.0,1.4507137412357378,1.4506864156294221,wang,Subj07,0.5
wang:Subj07:walk_36,0.2,0.0,5918,100.0,0.2421229002994362,0.03268838816914903,0.04429998807609081,0.4637999809347093,0.047844799992162734,5899,10.0,2.3013462061244985,2.2166786214134038,wang,Subj07,1.0
wang:Subj07:walk_36,0.2,0.05,5918,100.0,0.014221241565232554,0.03190384488585935,0.04150002496317029,0.5688000237569213,0.047844799992162734,5904,10.0,2.212862467142334,2.2166786214134038,wang,Subj07,1.0
wang:Subj07:walk_36,0.2,0.1,5918,100.0,0.0017795454178951336,0.03191037373442343,0.042059994302689974,0.694699992891401,0.047844799992162734,5909,10.0,2.2168200993946727,2.2166786214134038,wang,Subj07,1.0
wang:Subj07:walk_36,0.3,0.0,5918,100.0,0.2421235375683293,0.043630700932123304,0.05665998905897135,0.8636999991722405,0.047844799992162734,5889,10.0,2.301347624184373,2.2166786214134038,wang,Subj07,1.0
wang:Subj07:walk_36,0.3,0.05,5918,100.0,0.014215464415942956,0.04385602315616028,0.05719996988773346,0.7742000161670148,0.047844799992162734,5894,10.0,2.212866866338923,2.2166786214134038,wang,Subj07,1.0
wang:Subj07:walk_36,0.3,0.1,5918,100.0,0.0006996549323890439,0.044335158666364366,0.05581001169048244,0.5932999774813652,0.047844799992162734,5899,10.0,2.216672999098418,2.2166786214134038,wang,Subj07,1.0
wang:Subj07:walk_36,0.4,0.0,5918,100.0,0.24212349933408492,0.058493196034683906,0.07289997884072363,0.6167000392451882,0.047844799992162734,5879,10.0,2.3013482504062237,2.2166786214134038,wang,Subj07,1.0
wang:Subj07:walk_36,0.4,0.05,5918,100.0,0.014216725189338447,0.05904080587090072,0.07720000576227903,0.8755000308156013,0.047844799992162734,5884,10.0,2.2128688977621778,2.2166786214134038,wang,Subj07,1.0
wang:Subj07:walk_36,0.4,0.1,5918,100.0,0.0006994681663485541,0.05864414987327475,0.07438000757247193,0.7294000242836773,0.047844799992162734,5889,10.0,2.216676222379154,2.2166786214134038,wang,Subj07,1.0
wang:Subj07:walk_36,0.6,0.0,5918,100.0,0.2421235687709928,0.08604210608251447,0.10250002378597856,1.070300000719726,0.047844799992162734,5859,10.0,2.3013478746555567,2.2166786214134038,wang,Subj07,1.0
wang:Subj07:walk_36,0.6,0.05,5918,100.0,0.014213666037641702,0.08680682123226074,0.10398503509350115,1.5617000171914697,0.047844799992162734,5864,10.0,2.2128649035146193,2.2166786214134038,wang,Subj07,1.0
wang:Subj07:walk_36,0.6,0.1,5918,100.0,0.000701139820749407,0.08752140021584782,0.10455998126417393,1.0768999927677214,0.047844799992162734,5869,10.0,2.2166720669827256,2.2166786214134038,wang,Subj07,1.0
wang:Subj07:walk_54,0.2,0.0,6186,100.0,0.4483087467429188,0.03444686235762735,0.0446400081273168,0.9126999648287892,0.04397360002622008,6167,10.0,3.182845276819754,3.0008984169702315,wang,Subj07,1.5
wang:Subj07:walk_54,0.2,0.05,6186,100.0,0.026732074947676435,0.03444787743674894,0.04429998807609081,0.8897000225260854,0.04397360002622008,6172,10.0,2.9924081429592873,3.0008984169702315,wang,Subj07,1.5
wang:Subj07:walk_54,0.2,0.1,6186,100.0,0.0032809036133887395,0.037659883533597054,0.0703400000929832,0.6631000433117151,0.04397360002622008,6177,10.0,3.0003501998288056,3.0008984169702315,wang,Subj07,1.5
wang:Subj07:walk_54,0.3,0.0,6186,100.0,0.44831079725033485,0.048707957939644594,0.07082000374794005,0.37949997931718826,0.04397360002622008,6157,10.0,3.182847445605658,3.0008984169702315,wang,Subj07,1.5
wang:Subj07:walk_54,0.3,0.05,6186,100.0,0.026720604653180702,0.04769761424544317,0.06049999501556158,0.6833000225014985,0.04397360002622008,6162,10.0,2.992399017545618,3.0008984169702315,wang,Subj07,1.5
wang:Subj07:walk_54,0.3,0.1,6186,100.0,0.0011595566471728608,0.04810051919971866,0.061400001868605614,0.7725000032223761,0.04397360002622008,6167,10.0,3.000523362235305,3.0008984169702315,wang,Subj07,1.5
wang:Subj07:walk_54,0.4,0.0,6186,100.0,0.44831118676958565,0.061110851236493145,0.07576999487355349,1.0061999782919884,0.04397360002622008,6147,10.0,3.1828472198545312,3.0008984169702315,wang,Subj07,1.5
wang:Subj07:walk_54,0.4,0.05,6186,100.0,0.026718135293715632,0.060634915330535055,0.07784498448017983,1.1381999938748777,0.04397360002622008,6152,10.0,2.9923983247817922,3.0008984169702315,wang,Subj07,1.5
wang:Subj07:walk_54,0.4,0.1,6186,100.0,0.001159177583742111,0.060279113203102586,0.07780001033097506,0.8208999643102288,0.04397360002622008,6157,10.0,3.000523426663111,3.0008984169702315,wang,Subj07,1.5
wang:Subj07:walk_54,0.6,0.0,6186,100.0,0.4483111414437865,0.08785497022002889,0.10139999794773757,0.9050999651663005,0.04397360002622008,6127,10.0,3.1828473311667875,3.0008984169702315,wang,Subj07,1.5
wang:Subj07:walk_54,0.6,0.05,6186,100.0,0.02671883892402145,0.08914262943970074,0.10529998689889908,0.7214000215753913,0.04397360002622008,6132,10.0,2.9923989207731294,3.0008984169702315,wang,Subj07,1.5
wang:Subj07:walk_54,0.6,0.1,6186,100.0,0.0011585968025502919,0.08785771534192251,0.10409998940303922,1.1055999784730375,0.04397360002622008,6137,10.0,3.0005232379223092,3.0008984169702315,wang,Subj07,1.5
wang:Subj08:walk_18,0.2,0.0,6152,100.0,0.09966829049788463,0.02904280112417299,0.03969995304942131,0.6052000098861754,0.035569500003475696,6133,10.0,5.072444643046829,5.0733989444967555,wang,Subj08,0.5
wang:Subj08:walk_18,0.2,0.05,6152,100.0,0.006488655552830449,0.02888620126814636,0.039700011257082224,0.7909999694675207,0.035569500003475696,6138,10.0,5.07374269126417,5.0733989444967555,wang,Subj08,0.5
wang:Subj08:walk_18,0.2,0.1,6152,100.0,0.0005437471325615331,0.02942796712683645,0.03909994848072529,0.6982000195421278,0.035569500003475696,6143,10.0,5.073401455005315,5.0733989444967555,wang,Subj08,0.5
wang:Subj08:walk_18,0.3,0.0,6152,100.0,0.09966855226471844,0.03915899118343765,0.053099996875971556,0.5804999964311719,0.035569500003475696,6123,10.0,5.072444541669129,5.0733989444967555,wang,Subj08,0.5
wang:Subj08:walk_18,0.3,0.05,6152,100.0,0.006489949395339172,0.040770707801367365,0.05259999306872487,1.0326000046916306,0.035569500003475696,6128,10.0,5.073743913677776,5.0733989444967555,wang,Subj08,0.5
wang:Subj08:walk_18,0.3,0.1,6152,100.0,0.000390218519171763,0.040400293711879635,0.052440026775002445,0.7832000264897943,0.035569500003475696,6133,10.0,5.073392082381558,5.0733989444967555,wang,Subj08,0.5
wang:Subj08:walk_18,0.4,0.0,6152,100.0,0.09966851797940499,0.0522167999345371,0.06849999772384763,0.9148999815806746,0.035569500003475696,6113,10.0,5.072444499822203,5.0733989444967555,wang,Subj08,0.5
wang:Subj08:walk_18,0.4,0.05,6152,100.0,0.0064899616588263145,0.05038350822025591,0.06651503208559002,0.7591000176034868,0.035569500003475696,6118,10.0,5.07374392598556,5.0733989444967555,wang,Subj08,0.5
wang:Subj08:walk_18,0.4,0.1,6152,100.0,0.0003902708930813613,0.05218330861802243,0.06838999688625333,2.9927000286988914,0.035569500003475696,6123,10.0,5.073392221828945,5.0733989444967555,wang,Subj08,0.5
wang:Subj08:walk_18,0.6,0.0,6152,100.0,0.099668529884764,0.08232420829384443,0.10849995305761695,2.1400999976322055,0.035569500003475696,6093,10.0,5.072444461516219,5.0733989444967555,wang,Subj08,0.5
wang:Subj08:walk_18,0.6,0.05,6152,100.0,0.006489980657837789,0.07417271166557869,0.09961500181816516,1.0246000019833446,0.035569500003475696,6098,10.0,5.073743894557583,5.0733989444967555,wang,Subj08,0.5
wang:Subj08:walk_18,0.6,0.1,6152,100.0,0.00039026993667286053,0.07318449926735199,0.09779998799785972,1.2363000423647463,0.035569500003475696,6103,10.0,5.07339217731665,5.0733989444967555,wang,Subj08,0.5
wang:Subj08:walk_36,0.2,0.0,5894,100.0,0.26989289143295137,0.0319974301581053,0.041499966755509377,0.7474999874830246,0.034015299985185266,5875,10.0,6.561165793665225,6.536098309216672,wang,Subj08,1.0
wang:Subj08:walk_36,0.2,0.05,5894,100.0,0.012175686126227844,0.031667108539425365,0.042705031228251776,0.8035000064410269,0.034015299985185266,5880,10.0,6.536871013103982,6.536098309216672,wang,Subj08,1.0
wang:Subj08:walk_36,0.2,0.1,5894,100.0,0.0011949841054019902,0.03236033999224208,0.04139996599406004,0.7890000124461949,0.034015299985185266,5885,10.0,6.53604630118979,6.536098309216672,wang,Subj08,1.0
wang:Subj08:walk_36,0.3,0.0,5894,100.0,0.269893502553086,0.04371935196017619,0.05500001134350896,0.6632000440731645,0.034015299985185266,5865,10.0,6.561165704331406,6.536098309216672,wang,Subj08,1.0
wang:Subj08:walk_36,0.3,0.05,5894,100.0,0.012186511459342277,0.043662300006545175,0.05640002200379968,0.8905999711714685,0.034015299985185266,5870,10.0,6.536872595398492,6.536098309216672,wang,Subj08,1.0
wang:Subj08:walk_36,0.3,0.1,5894,100.0,0.000636697039544097,0.04411613593432815,0.05639998125843704,1.0729000205174088,0.034015299985185266,5875,10.0,6.536097425610212,6.536098309216672,wang,Subj08,1.0
wang:Subj08:walk_36,0.4,0.0,5894,100.0,0.2698934517383872,0.054930640646215945,0.07043001241981986,2.653700008522719,0.034015299985185266,5855,10.0,6.561165617761307,6.536098309216672,wang,Subj08,1.0
wang:Subj08:walk_36,0.4,0.05,5894,100.0,0.012186492315746538,0.05524313965742397,0.07040001219138503,0.9877000120468438,0.034015299985185266,5860,10.0,6.5368725648771875,6.536098309216672,wang,Subj08,1.0
wang:Subj08:walk_36,0.4,0.1,5894,100.0,0.000636761999486887,0.054340732946058214,0.07437998428940776,0.6566999945789576,0.034015299985185266,5865,10.0,6.536097522219778,6.536098309216672,wang,Subj08,1.0
wang:Subj08:walk_36,0.6,0.0,5894,100.0,0.2698935558800159,0.0833792976465239,0.10459998156875372,0.8618999854661524,0.034015299985185266,5835,10.0,6.561165738609332,6.536098309216672,wang,Subj08,1.0
wang:Subj08:walk_36,0.6,0.05,5894,100.0,0.012186668078323602,0.0825977392358329,0.10540499060880396,0.8977000252343714,0.034015299985185266,5840,10.0,6.536872663118592,6.536098309216672,wang,Subj08,1.0
wang:Subj08:walk_36,0.6,0.1,5894,100.0,0.0006367058948223059,0.08258682630248718,0.10559998918324709,1.2094000121578574,0.034015299985185266,5845,10.0,6.536097595588286,6.536098309216672,wang,Subj08,1.0
wang:Subj08:walk_54,0.2,0.0,5871,100.0,0.48759940949013925,0.03503933666894303,0.05089998012408614,0.38979999953880906,0.04309380002086982,5852,10.0,9.34915784613975,9.267011798794536,wang,Subj08,1.5
wang:Subj08:walk_54,0.2,0.05,5871,100.0,0.019847020638217142,0.034515553933042134,0.04290003562346101,0.5154000245966017,0.04309380002086982,5857,10.0,9.26845870668856,9.267011798794536,wang,Subj08,1.5
wang:Subj08:walk_54,0.2,0.1,5871,100.0,0.0026485863929290856,0.03515423045718311,0.04539999645203352,1.0282000293955207,0.04309380002086982,5862,10.0,9.26677060560953,9.267011798794536,wang,Subj08,1.5
wang:Subj08:walk_54,0.3,0.0,5871,100.0,0.4875988444204294,0.05259284518390654,0.06789499311707911,1.2896000407636166,0.04309380002086982,5842,10.0,9.349156229721677,9.267011798794536,wang,Subj08,1.5
wang:Subj08:walk_54,0.3,0.05,5871,100.0,0.01984488338135098,0.049744894946599616,0.06079999729990959,1.0720000136643648,0.04309380002086982,5847,10.0,9.268470679103928,9.267011798794536,wang,Subj08,1.5
wang:Subj08:walk_54,0.3,0.1,5871,100.0,0.0009179194021294168,0.04905415251287705,0.0625450105872005,0.8843000396154821,0.04309380002086982,5852,10.0,9.266948207371811,9.267011798794536,wang,Subj08,1.5
wang:Subj08:walk_54,0.4,0.0,5871,100.0,0.48759919583813344,0.06103662534469012,0.07929998973850161,0.9069999796338379,0.04309380002086982,5832,10.0,9.349157477313465,9.267011798794536,wang,Subj08,1.5
wang:Subj08:walk_54,0.4,0.05,5871,100.0,0.019845625608826252,0.05950786386389481,0.07429998368024826,1.0728000197559595,0.04309380002086982,5837,10.0,9.26847100186214,9.267011798794536,wang,Subj08,1.5
wang:Subj08:walk_54,0.4,0.1,5871,100.0,0.0009186892966920705,0.05993471428576904,0.07549499277956781,0.62519998755306,0.04309380002086982,5842,10.0,9.266948868335799,9.267011798794536,wang,Subj08,1.5
wang:Subj08:walk_54,0.6,0.0,5871,100.0,0.4876002413457077,0.08704463282041763,0.10504498495720324,1.0337999556213617,0.04309380002086982,5812,10.0,9.349157604856623,9.267011798794536,wang,Subj08,1.5
wang:Subj08:walk_54,0.6,0.05,5871,100.0,0.01984312011818683,0.08794722355500656,0.10421997867524621,1.0919999913312495,0.04309380002086982,5817,10.0,9.268470916370703,9.267011798794536,wang,Subj08,1.5
wang:Subj08:walk_54,0.6,0.1,5871,100.0,0.0009174232293623841,0.0863966675781095,0.10519998613744974,0.9787000017240644,0.04309380002086982,5822,10.0,9.266948892309843,9.267011798794536,wang,Subj08,1.5
wang:Subj09:walk_18,0.2,0.0,5904,100.0,0.1307271316164466,0.03402372180249228,0.04659999394789338,0.6234999746084213,0.03629439999349415,5885,10.0,1.274882726710897,1.243188766441171,wang,Subj09,0.5
wang:Subj09:walk_18,0.2,0.05,5904,100.0,0.007405174377121565,0.033837979659833435,0.044000043999403715,0.7877000025473535,0.03629439999349415,5890,10.0,1.241780825041741,1.243188766441171,wang,Subj09,0.5
wang:Subj09:walk_18,0.2,0.1,5904,100.0,0.0008641115702823243,0.032814029211998365,0.04249999183230102,0.5976000102236867,0.03629439999349415,5895,10.0,1.2431353809917176,1.243188766441171,wang,Subj09,0.5
wang:Subj09:walk_18,0.3,0.0,5904,100.0,0.1307273247362982,0.04567935288031685,0.05849997978657484,0.6552999839186668,0.03629439999349415,5875,10.0,1.274882898716583,1.243188766441171,wang,Subj09,0.5
wang:Subj09:walk_18,0.3,0.05,5904,100.0,0.007407021072927902,0.04585137768754685,0.05570001667365432,0.7456000312231481,0.03629439999349415,5880,10.0,1.2417771748208772,1.243188766441171,wang,Subj09,0.5
wang:Subj09:walk_18,0.3,0.1,5904,100.0,0.0004193009939708663,0.04597022946878078,0.058100034948438406,0.9086999925784767,0.03629439999349415,5885,10.0,1.2432374879105574,1.243188766441171,wang,Subj09,0.5
wang:Subj09:walk_18,0.4,0.0,5904,100.0,0.13072597279847922,0.057401569158820165,0.07229996845126152,1.036300032865256,0.03629439999349415,5865,10.0,1.2748848901324008,1.243188766441171,wang,Subj09,0.5
wang:Subj09:walk_18,0.4,0.05,5904,100.0,0.007405284499765608,0.05706262366617736,0.07465501257684083,0.8024999988265336,0.03629439999349415,5870,10.0,1.2417797661336687,1.243188766441171,wang,Subj09,0.5
wang:Subj09:walk_18,0.4,0.1,5904,100.0,0.0004199432689267738,0.057310536157022765,0.07559999357908964,0.818300002720207,0.03629439999349415,5875,10.0,1.2432406975126233,1.243188766441171,wang,Subj09,0.5
wang:Subj09:walk_18,0.6,0.0,5904,100.0,0.13072572475737565,0.08585021428371899,0.10139995720237494,1.5329999732784927,0.03629439999349415,5845,10.0,1.2748848872763885,1.243188766441171,wang,Subj09,0.5
wang:Subj09:walk_18,0.6,0.05,5904,100.0,0.007408279735447976,0.08853220508203037,0.11575500830076638,1.0631000041030347,0.03629439999349415,5850,10.0,1.2417781714817389,1.243188766441171,wang,Subj09,0.5
wang:Subj09:walk_18,0.6,0.1,5904,100.0,0.00041766478909321687,0.08451807021181695,0.10230002226307988,0.9048999636434019,0.03629439999349415,5855,10.0,1.243239057375015,1.243188766441171,wang,Subj09,0.5
wang:Subj09:walk_36,0.2,0.0,5834,100.0,0.22388217800737648,0.031457541399152494,0.04229997284710407,0.6182999932207167,0.039060099981725216,5815,10.0,1.8345461151182818,1.7747013601492296,wang,Subj09,1.0
wang:Subj09:walk_36,0.2,0.05,5834,100.0,0.01452061919521924,0.03284022340645431,0.04850002005696297,0.4732999950647354,0.039060099981725216,5820,10.0,1.7683987944548234,1.7747013601492296,wang,Subj09,1.0
wang:Subj09:walk_36,0.2,0.1,5834,100.0,0.0018392314916808544,0.03112564874661071,0.04267998738214376,0.16930000856518745,0.039060099981725216,5825,10.0,1.7743259739899022,1.7747013601492296,wang,Subj09,1.0
wang:Subj09:walk_36,0.3,0.0,5834,100.0,0.22388384208899265,0.044927752725571445,0.0686999992467463,0.4346999921835959,0.039060099981725216,5805,10.0,1.8345468283967437,1.7747013601492296,wang,Subj09,1.0
wang:Subj09:walk_36,0.3,0.05,5834,100.0,0.014524095041917382,0.043182496092460165,0.056100019719451666,0.5840000230818987,0.039060099981725216,5810,10.0,1.7684158226582911,1.7747013601492296,wang,Subj09,1.0
wang:Subj09:walk_36,0.3,0.1,5834,100.0,0.0007786291562506424,0.043085898790806404,0.05589995998889208,0.7059000199660659,0.039060099981725216,5815,10.0,1.7749215560407394,1.7747013601492296,wang,Subj09,1.0
wang:Subj09:walk_36,0.4,0.0,5834,100.0,0.2238829786133926,0.06120339957265966,0.07650000043213367,0.631400034762919,0.039060099981725216,5795,10.0,1.8345420366346321,1.7747013601492296,wang,Subj09,1.0
wang:Subj09:walk_36,0.4,0.05,5834,100.0,0.014536821466637892,0.05997150005363249,0.0751999905332923,0.6341999978758395,0.039060099981725216,5800,10.0,1.7684017807167285,1.7747013601492296,wang,Subj09,1.0
wang:Subj09:walk_36,0.4,0.1,5834,100.0,0.0007681951162589037,0.0603392417201713,0.07579999510198832,0.8565000025555491,0.039060099981725216,5805,10.0,1.7749060479379717,1.7747013601492296,wang,Subj09,1.0
wang:Subj09:walk_36,0.6,0.0,5834,100.0,0.22388343746503467,0.08757707391748633,0.10672999778762463,0.9966999641619623,0.039060099981725216,5775,10.0,1.8345465829716963,1.7747013601492296,wang,Subj09,1.0
wang:Subj09:walk_36,0.6,0.05,5834,100.0,0.014525599898099798,0.08710911787504969,0.10650499607436362,1.3297999976202846,0.039060099981725216,5780,10.0,1.7684158999699,1.7747013601492296,wang,Subj09,1.0
wang:Subj09:walk_36,0.6,0.1,5834,100.0,0.0007781947669291843,0.08675146068373088,0.10420003673061728,0.5111999926157296,0.039060099981725216,5785,10.0,1.7749197244423862,1.7747013601492296,wang,Subj09,1.0
wang:Subj09:walk_54,0.2,0.0,5946,100.0,0.3899292398054765,0.03390629313735633,0.04340003943070769,0.9566000080667436,0.03735519998008385,5927,10.0,2.115342260159502,2.0391974271343796,wang,Subj09,1.5
wang:Subj09:walk_54,0.2,0.05,5946,100.0,0.02606882536887711,0.0330588676782566,0.042599975131452084,1.215199998114258,0.03735519998008385,5932,10.0,2.02807151460063,2.0391974271343796,wang,Subj09,1.5
wang:Subj09:walk_54,0.2,0.1,5946,100.0,0.0031702900323609547,0.032662320893847054,0.04142001271247862,0.6415999960154295,0.03735519998008385,5937,10.0,2.038276350904703,2.0391974271343796,wang,Subj09,1.5
wang:Subj09:walk_54,0.3,0.0,5946,100.0,0.38992920379398827,0.04451032592988188,0.05672001279890535,0.5436999490484595,0.03735519998008385,5917,10.0,2.115341581135644,2.0391974271343796,wang,Subj09,1.5
wang:Subj09:walk_54,0.3,0.05,5946,100.0,0.02607270023059902,0.04462941497191913,0.05609496438410131,0.5928999744355679,0.03735519998008385,5922,10.0,2.0280883040949997,2.0391974271343796,wang,Subj09,1.5
wang:Subj09:walk_54,0.3,0.1,5946,100.0,0.0011272905448099894,0.044832444210887654,0.05779997445642948,0.7584000122733414,0.03735519998008385,5927,10.0,2.039002245196442,2.0391974271343796,wang,Subj09,1.5
wang:Subj09:walk_54,0.4,0.0,5946,100.0,0.38992931313836143,0.0613913832621629,0.0777699693571776,0.7027999963611364,0.03735519998008385,5907,10.0,2.1153430980636716,2.0391974271343796,wang,Subj09,1.5
wang:Subj09:walk_54,0.4,0.05,5946,100.0,0.02607171429738635,0.058899729434102745,0.07269997149705887,0.8085999870672822,0.03735519998008385,5912,10.0,2.0280891438963407,2.0391974271343796,wang,Subj09,1.5
wang:Subj09:walk_54,0.4,0.1,5946,100.0,0.0011273466558400118,0.06109991554368853,0.07872000569477676,0.44350000098347664,0.03735519998008385,5917,10.0,2.0390025253561603,2.0391974271343796,wang,Subj09,1.5
wang:Subj09:walk_54,0.6,0.0,5946,100.0,0.3899298416000729,0.08834992358505318,0.10156995849683878,0.9828999754972756,0.03735519998008385,5887,10.0,2.1153437187458604,2.0391974271343796,wang,Subj09,1.5
wang:Subj09:walk_54,0.6,0.05,5946,100.0,0.02606984596894879,0.08949988099363256,0.10309997014701366,0.7037000032141805,0.03735519998008385,5892,10.0,2.0280904350219857,2.0391974271343796,wang,Subj09,1.5
wang:Subj09:walk_54,0.6,0.1,5946,100.0,0.001127571860703762,0.09124168235774181,0.10421997867524621,0.9760999819263816,0.03735519998008385,5897,10.0,2.0390052317859992,2.0391974271343796,wang,Subj09,1.5
