stance,ds,hip,hip_bias,hip_bias_stance,sol_bias_N,prior_bias_N,h_single,h_double,blend
2.7915542495405226,3.89035250706479,0.17356736257216268,0.07975089542193277,0.12925378325022838,-10.349855967190624,-20.041152753093343,0.2,0.1,0
2.771501592687914,3.8511412813663397,0.17196336463034653,0.07765022235198211,0.12573075248044616,-10.077900986280534,-19.582785465056258,0.2,0.2,0
2.9571293231386924,4.242201842847438,0.18268016695206316,0.0744196688363102,0.12031234352998652,-9.659031108614432,-18.876611446901425,0.2,0.4,0
3.511154001441991,5.3560070519348635,0.2158770218776273,0.07024005079684234,0.1133013825926712,-9.115956709549007,-17.960678302478716,0.2,0.8,0
2.684860896644234,3.897369431762249,0.16655473907437296,0.07129652497680225,0.11526159056187621,-9.291790609152272,-17.922527051462787,0.4,0.1,0
2.668917369466283,3.8677236518294533,0.1651790190485029,0.06919577540937594,0.11173842030712351,-9.019824402913102,-17.464159763425698,0.4,0.2,0
2.8674302102107228,4.270378608407834,0.17668201850452367,0.06596524740262846,0.10632005650520268,-8.600958528641307,-16.757985745270865,0.4,0.4,0
3.4437122498134562,5.3928771516275775,0.21128444790404516,0.061785651002275566,0.09930913549947044,-8.057887182782517,-15.842052600848154,0.4,0.8,0
2.674238753688281,3.901729111216157,0.16574735235510502,0.06796684109322378,0.10975050691319366,-8.874523976375986,-17.087014274773548,0.5,0.1,0
2.6597484283729536,3.875782720803501,0.1644545979304525,0.06586608006051553,0.10622731550106654,-8.602556135613515,-16.628646986736463,0.5,0.2,0
2.861012889670736,4.282770039306817,0.17612856452997136,0.06263556216089997,0.1008089695878747,-8.183691847564386,-15.922472968581626,0.5,0.4,0
3.4415467699131606,5.408381545887204,0.21100786521340945,0.05845597425230735,0.09379806425235039,-7.6406216998645275,-15.006539824158917,0.5,0.8,0
2.67967928490328,3.906232264737974,0.16596276504391172,0.0650771441338772,0.10496748905410858,-8.512140687766074,-16.361399395393427,0.6,0.1,0
2.6663860775095745,3.883463097313735,0.16473968651454235,0.06297638310116897,0.10144429764198148,-8.240172847003604,-15.903032107356342,0.6,0.2,0
2.868953935025054,4.294103694693041,0.17649675174506904,0.059745874000615665,0.09602596730235113,-7.821309939887485,-15.196858089201504,0.6,0.4,0
3.4510427524072376,5.422277762004226,0.21148449516249462,0.055566293447294565,0.08901507553982353,-7.278240829991804,-14.280924944778794,0.6,0.8,0
2.717971141028481,3.9151073107984273,0.16815503568110174,0.06030936375563913,0.09707552422986813,-7.913719344549674,-15.163155006880817,0.8,0.1,0
2.706574329637106,3.8975074082497594,0.16704538062828472,0.05820860272293118,0.09355233281774149,-7.641751503787242,-14.704787718843727,0.8,0.2,0
2.9092679352173,4.3139609640537175,0.17881727282286158,0.054978110805480575,0.08813403308754605,-7.2228912520521265,-13.998613700688889,0.8,0.4,0
3.48978370014641,5.44608558271784,0.21372746360921888,0.05079853974826781,0.08112315884859266,-6.679823482025522,-13.082680556266183,0.8,0.8,0
2.833006137594959,3.930899012954332,0.17507721902092493,0.05347962526405775,0.0857697008727615,-7.055374858192425,-13.444453907910182,1.2,0.1,0
2.8243278395854423,3.9205383020556126,0.17413700490531575,0.05137886423135026,0.0822465094606357,-6.783407017430067,-12.986086619873095,1.2,0.2,0
3.023658999157642,4.344859892039936,0.18571600629761298,0.048148410584454904,0.07682827876905725,-6.364552498191684,-12.279912601718257,1.2,0.4,0
3.594052442935859,5.482056340511927,0.22002585641514144,0.04396883952724342,0.06981740453010607,-5.8214847281652755,-11.36397945729555,1.2,0.8,0
3.048412290642542,3.9540010294310433,0.18826716744403688,0.045442903210856735,0.0724647040867,-6.043653922326835,-11.418638492983355,2.0,0.1,0
3.0431745595618294,3.951896745760017,0.1875500275946837,0.04334214217814925,0.06894151267457423,-5.771686081564478,-10.960271204946268,2.0,0.2,0
3.2350917124842637,4.384797241844232,0.19869417298676575,0.04011173363972743,0.06352336334669695,-5.352838321220565,-10.254097186791432,2.0,0.4,0
3.784393208809038,5.5271121436064155,0.2317244451169839,0.035932162582516546,0.056512489107746824,-4.80977055119425,-9.338164042368723,2.0,0.8,0
3.3585903443806666,3.984128801823643,0.20741214902481642,0.03679462405156869,0.05814585347556857,-4.952914127656661,-9.234598480793053,4.0,0.1,0
3.3573607102791954,3.9905802290777452,0.20696128505103487,0.034693863018861085,0.05462266206344256,-4.680946286894283,-8.776231192755969,4.0,0.2,0
3.539352331948905,4.431918955598193,0.217522646814567,0.0314635031033087,0.04920460042589586,-4.262105814635625,-8.070057174601128,4.0,0.4,0
4.058925081095376,5.5787654766137535,0.24873579398290824,0.02728393204609808,0.0421937261869462,-3.7190380446093485,-7.154124030178423,4.0,0.8,0
