group,subject,trial,speed,ratio,stance,hip
handrail,WBDS27,walkT01,0.57,0.9557434849727344,3.627812477213585,0.23531090951377454
handrail,WBDS27,walkT02,0.78,0.9190096766216492,4.019673498746962,0.25503109000287905
handrail,WBDS27,walkT03,0.99,0.925328659905532,4.439938967835429,0.27815764053323755
handrail,WBDS27,walkT04,1.2,0.9352813013201094,4.90084837324963,0.30280831678920817
handrail,WBDS27,walkT05,1.41,0.9184287413948315,4.489904169534125,0.2812626202467691
handrail,WBDS27,walkT06,1.63,0.9083405966345536,5.214176425966961,0.3195671057302797
handrail,WBDS27,walkT07,1.84,0.9094948508241788,5.279726446799411,0.3283328560808842
handrail,WBDS27,walkT08,2.05,0.9033959001045142,4.46243513699136,0.2657146183963382
handrail,WBDS32,walkT01,0.54,0.8383075152040274,3.6959854842962905,0.19770134539837006
handrail,WBDS32,walkT02,0.75,0.8405445844459969,3.8875128565911132,0.20236258812650773
handrail,WBDS32,walkT03,0.95,0.8404426990205831,3.3429625091144275,0.17463835784130083
handrail,WBDS32,walkT04,1.15,0.8476653005257222,2.9128374305664,0.15369037938628477
handrail,WBDS32,walkT05,1.36,0.8439921224744273,2.5911190514817783,0.13352440366266535
handrail,WBDS32,walkT06,1.56,0.8411129116012329,3.4636028305735413,0.1768807252208278
handrail,WBDS37,walkT01,0.45,0.8225877826431854,5.384339992998494,0.3449549477816536
handrail,WBDS37,walkT02,0.61,0.828283419709786,4.694430166158802,0.30234981154935714
handrail,WBDS37,walkT03,0.78,0.8408792260453676,5.214560283431608,0.32678148789408923
handrail,WBDS37,walkT04,0.95,0.8293616489686834,4.771309022685867,0.2946030579335512
handrail,WBDS37,walkT05,1.11,0.8396012370635288,4.440442272779026,0.27694885933451147
handrail,WBDS37,walkT06,1.28,0.8306344348153024,4.100464038309336,0.2561512528051169
handrail,WBDS37,walkT07,1.45,0.8209438450316066,3.6524566496181143,0.22292538127300912
handrail,WBDS38,walkT08,2.11,0.8888600291503478,6.031087202454608,0.41757885063150624
handrail,WBDS39,walkT01,0.4,1.755682195150034,7.104145327364089,0.4184230389078946
handrail,WBDS39,walkT05,0.99,1.7314857294882595,6.847742322941175,0.38526630547124746
handrail,WBDS39,walkT06,1.14,1.6709203323329138,7.802913532930962,0.4383981051364156
force scale,WBDS40,walkT01,0.54,1.8625838653476576,2.130213070286483,0.11272652604477194
force scale,WBDS40,walkT02,0.74,1.875494494768257,3.71373993083427,0.19854973132563328
force scale,WBDS40,walkT03,0.94,1.875089367356466,2.8719525805234842,0.14538683107994482
force scale,WBDS40,walkT04,1.14,1.8703831032618852,4.489445869157828,0.2319873454824718
force scale,WBDS40,walkT05,1.34,1.870067310977221,3.9019966572851215,0.1909294661534501
force scale,WBDS40,walkT06,1.54,1.87246816892226,4.378068567518388,0.2124913156473526
force scale,WBDS40,walkT07,1.75,1.859259399687099,7.044023661812539,0.3580413470564297
force scale,WBDS40,walkT08,1.95,1.866939808023632,8.467839374877464,0.4329523937560613
force scale,WBDS41,walkT02,0.64,1.887698278698987,3.6580858901544264,0.2025839058551685
force scale,WBDS41,walkT03,0.82,1.8762639325670751,3.100965758353361,0.1687308366755762
force scale,WBDS41,walkT04,0.99,1.879111434457789,4.124172926281604,0.22354306650780711
force scale,WBDS41,walkT05,1.17,1.877867030026348,4.929256145864482,0.25059037791248373
force scale,WBDS41,walkT06,1.34,1.8849740859969093,4.441476038969204,0.23281240643831985
force scale,WBDS41,walkT07,1.52,1.8737253047607445,4.549947792478419,0.23943930719455847
force scale,WBDS41,walkT08,1.69,1.880210693857767,5.6911415165165105,0.28502796011976894
force scale,WBDS42,walkT01,0.36,1.8220112765395955,3.099564573698796,0.195379730910859
force scale,WBDS42,walkT02,0.49,1.828985528721566,3.3536346480058197,0.2094391419069169
force scale,WBDS42,walkT03,0.63,1.8256072733652,3.3521277094017883,0.2013607641036433
force scale,WBDS42,walkT04,0.76,1.8296840905450091,3.2180381121580104,0.1928711901197181
force scale,WBDS42,walkT05,0.89,1.8452130155494069,4.172260995882678,0.24929718384299515
force scale,WBDS42,walkT06,1.03,1.8378605459546853,4.22858809790403,0.24722506026698687
force scale,WBDS42,walkT07,1.17,1.842962754793504,4.209235217117936,0.24614607718986703
force scale,WBDS42,walkT08,1.3,1.8408602621818635,4.50750800413544,0.26011182918766423
