h_vpp,w_prior,w_torque,fc_smooth,cal_stance,test_stance,test_ds,test_hip,n_test_subj,cal_subjects
0.3,2.0,0.0,12.0,2.5788582627367376,3.2876776584467304,4.227109558080562,0.21037276382573758,31,WBDS10 WBDS12 WBDS18 WBDS22 WBDS29
0.4,1.0,0.0,12.0,3.6526517221691277,3.0247603623261785,4.223941996221804,0.19195153382719168,31,WBDS18 WBDS22 WBDS28 WBDS34 WBDS41
0.3,1.0,0.0,12.0,2.6804234880210775,3.1479311454271572,4.209167876865949,0.20268081681768987,31,WBDS10 WBDS18 WBDS25 WBDS30 WBDS33
0.4,1.0,0.0,12.0,3.3693848963610087,3.070448560037165,4.260811043462902,0.19863486018499574,31,WBDS02 WBDS07 WBDS25 WBDS26 WBDS31
0.3,2.0,0.0,12.0,3.7087454507063216,3.105437789419379,4.112760168894304,0.19559626945262565,31,WBDS03 WBDS10 WBDS15 WBDS17 WBDS41
0.3,1.0,0.0,12.0,3.7772278291209274,2.971027219443311,3.931818055809986,0.18970278009245461,31,WBDS10 WBDS18 WBDS22 WBDS23 WBDS41
0.2,0.5,0.0,12.0,3.147149079381431,3.221891439220011,4.122376520538272,0.20876508407002847,31,WBDS13 WBDS24 WBDS26 WBDS35 WBDS38
0.3,1.0,0.0,12.0,3.1097751855081714,3.078680871638917,4.101948770633752,0.1990470322204651,31,WBDS05 WBDS13 WBDS21 WBDS26 WBDS30
0.4,1.0,0.0,12.0,2.9875986258096985,3.132026990771248,4.448052994041262,0.199861585732379,31,WBDS03 WBDS14 WBDS17 WBDS25 WBDS34
0.4,1.0,0.0,12.0,3.094493516132789,3.1147858794288132,4.275802597301235,0.19880887582216805,31,WBDS09 WBDS11 WBDS19 WBDS22 WBDS26
0.4,1.0,0.0,12.0,3.073997652453569,3.1180916638932037,4.276795854418834,0.19960537663357555,31,WBDS08 WBDS09 WBDS11 WBDS26 WBDS31
0.3,0.5,0.0,12.0,2.905935020536089,3.256837597328695,4.2731335390625445,0.2087872001561105,31,WBDS09 WBDS12 WBDS14 WBDS28 WBDS36
0.2,2.0,0.0,12.0,2.5648323159046256,3.4381672765793048,4.215540970547447,0.21945850216504778,31,WBDS06 WBDS12 WBDS20 WBDS22 WBDS33
0.3,1.0,0.0,12.0,3.258482523616854,3.0546958171052583,4.03745573257978,0.19613011866658048,31,WBDS02 WBDS08 WBDS15 WBDS20 WBDS26
0.3,1.0,0.0,12.0,3.242337972204666,3.0572997770104497,4.045257803312353,0.19345904015787815,31,WBDS11 WBDS20 WBDS33 WBDS35 WBDS41
0.3,1.0,0.0,12.0,3.31389782735519,3.0457578648893975,4.009515321808307,0.19534576146103552,31,WBDS02 WBDS04 WBDS13 WBDS23 WBDS33
0.3,1.0,0.0,12.0,3.161301165733239,3.070370229667131,4.15519016574984,0.19490365842918425,31,WBDS08 WBDS14 WBDS15 WBDS17 WBDS36
0.2,1.0,0.0,12.0,2.7281244656703736,3.216454806551363,4.111288598670459,0.2057058079887522,31,WBDS12 WBDS20 WBDS22 WBDS36 WBDS38
0.3,2.0,0.0,12.0,3.262997940937376,3.177332549059531,4.120113093293175,0.2022680230505473,31,WBDS09 WBDS14 WBDS15 WBDS17 WBDS19
0.2,0.5,0.0,12.0,3.533668842841121,3.159549541887802,4.06118089964126,0.20179900810187282,31,WBDS24 WBDS25 WBDS35 WBDS36 WBDS41
0.4,1.0,0.0,12.0,3.5372721073106574,3.043369977625932,4.262392202830226,0.19299538579349101,31,WBDS23 WBDS33 WBDS34 WBDS36 WBDS41
0.3,1.0,0.0,12.0,2.972917172324119,3.1007547447331185,4.1466896091755805,0.19910168322669256,31,WBDS06 WBDS13 WBDS29 WBDS34 WBDS35
0.3,2.0,0.0,12.0,2.882917072025747,3.2386359150130195,4.226111623500908,0.20570345753223396,31,WBDS08 WBDS12 WBDS13 WBDS17 WBDS29
0.3,2.0,0.0,12.0,3.0835820448978604,3.20627059680784,4.10729393179985,0.2060146510571927,31,WBDS10 WBDS15 WBDS20 WBDS31 WBDS35
0.4,1.0,0.0,12.0,3.490311698369424,3.050944237132582,4.197812513738798,0.19693872768122336,31,WBDS02 WBDS07 WBDS23 WBDS26 WBDS29
0.3,1.0,0.0,12.0,2.820052759794396,3.125410295141138,4.148837440553776,0.19948735160530365,31,WBDS01 WBDS04 WBDS11 WBDS24 WBDS29
0.3,2.0,0.0,12.0,3.228739279415096,3.1828581396276405,4.129160969604029,0.2034882024590382,31,WBDS03 WBDS09 WBDS17 WBDS23 WBDS31
0.3,1.0,0.0,12.0,2.7269146634540182,3.140432568744425,4.143714175674554,0.2024775706866324,31,WBDS05 WBDS14 WBDS21 WBDS30 WBDS35
0.3,2.0,0.0,12.0,2.850314555571198,3.243894385408914,4.179848085588947,0.20724372920261827,31,WBDS05 WBDS07 WBDS08 WBDS31 WBDS38
0.4,0.5,0.0,12.0,2.8985982837587483,3.321387565290921,4.503231083548311,0.2119505168810739,31,WBDS19 WBDS28 WBDS30 WBDS31 WBDS36
0.3,2.0,0.0,12.0,3.2045829692117183,3.1867543186927016,4.132161467400719,0.2046603437611002,31,WBDS14 WBDS15 WBDS17 WBDS30 WBDS31
0.3,1.0,0.0,12.0,2.6562043343062776,3.151837460542448,4.157311638712308,0.2015672220062181,31,WBDS03 WBDS09 WBDS12 WBDS19 WBDS22
0.4,0.5,0.0,12.0,3.0982716130220767,3.2891821896032876,4.4987045325657595,0.20990636362159695,31,WBDS02 WBDS14 WBDS28 WBDS34 WBDS36
0.3,0.5,0.0,12.0,2.7006213442131197,3.2899527064130445,4.313412306839888,0.20988194790037779,31,WBDS01 WBDS04 WBDS14 WBDS30 WBDS36
0.3,2.0,0.0,12.0,2.8063055124290623,3.250992618173775,4.176403610033223,0.207287024902022,31,WBDS09 WBDS10 WBDS18 WBDS22 WBDS38
0.3,1.0,0.0,12.0,3.028941444379253,3.0917185718210005,4.067854878188437,0.19842753748753716,31,WBDS02 WBDS03 WBDS05 WBDS15 WBDS31
0.4,1.0,0.0,12.0,3.092566796427404,3.1150966406716174,4.431515823613705,0.19581470356036876,31,WBDS11 WBDS17 WBDS25 WBDS36 WBDS38
0.4,2.0,0.0,12.0,3.335937820438141,3.168527377474489,4.306635542789816,0.203106454330188,31,WBDS09 WBDS17 WBDS23 WBDS31 WBDS34
0.3,1.0,0.0,12.0,2.682015076679482,3.147674437579028,4.1881992315983085,0.20264179416013747,31,WBDS03 WBDS12 WBDS19 WBDS26 WBDS35
0.3,1.0,0.0,12.0,3.3820538434803367,3.0347649590627612,4.029758674860458,0.19573272701676328,31,WBDS10 WBDS19 WBDS23 WBDS26 WBDS38
0.3,1.0,0.0,12.0,3.3984909347869596,3.032113815303628,4.057351190437004,0.19183220969029216,31,WBDS09 WBDS21 WBDS30 WBDS36 WBDS41
0.3,1.0,0.0,12.0,3.3260040044483814,3.043805255680818,4.037518317193714,0.19639797642155477,31,WBDS06 WBDS15 WBDS23 WBDS24 WBDS29
0.3,1.0,0.0,12.0,3.3001948122386713,3.0479680286178685,4.039432297865102,0.19831834340287313,31,WBDS07 WBDS20 WBDS23 WBDS26 WBDS30
0.3,1.0,0.0,12.0,2.627862869917896,3.156408664476058,4.224223665544603,0.2008714903342254,31,WBDS02 WBDS03 WBDS18 WBDS21 WBDS36
0.3,2.0,0.0,12.0,2.5762988703219087,3.288090463674929,4.282049102387378,0.21073343955209206,31,WBDS18 WBDS21 WBDS24 WBDS35 WBDS38
0.3,2.0,0.0,12.0,2.9191487637029736,3.2327920937747576,4.175455215390706,0.2079498230489574,31,WBDS07 WBDS20 WBDS21 WBDS22 WBDS24
0.2,1.0,0.0,12.0,2.3984145510517525,3.269633825038237,4.163074106341005,0.20943333424606211,31,WBDS03 WBDS18 WBDS20 WBDS35 WBDS38
0.3,0.5,0.0,12.0,2.8982215689277857,3.258081702426808,4.31231115059228,0.2082986274501024,31,WBDS03 WBDS13 WBDS25 WBDS28 WBDS33
0.4,2.0,0.0,12.0,2.8748096759512753,3.2429028846497894,4.409322646006841,0.2058632488894174,31,WBDS08 WBDS17 WBDS22 WBDS30 WBDS34
0.3,2.0,0.0,12.0,2.739087222884508,3.261834277777736,4.193552856917039,0.2086876453449576,31,WBDS03 WBDS05 WBDS10 WBDS21 WBDS31
0.3,2.0,0.0,12.0,2.847144964077181,3.2444056098434335,4.217595686518853,0.20587571118286413,31,WBDS02 WBDS18 WBDS21 WBDS22 WBDS36
0.4,2.0,0.0,12.0,3.0603073180886162,3.2129839101115087,4.403629823703578,0.20229647031311898,31,WBDS01 WBDS04 WBDS11 WBDS17 WBDS25
0.3,2.0,0.0,12.0,2.855357351866897,3.243081031167673,4.127685994139917,0.20538577384462856,31,WBDS02 WBDS04 WBDS08 WBDS10 WBDS21
0.3,1.0,0.0,12.0,2.7885629791214237,3.1304892920238756,4.2129576373948385,0.19964643808328414,31,WBDS07 WBDS16 WBDS18 WBDS36 WBDS38
0.3,1.0,0.0,12.0,3.4106894691188656,3.0301463097662236,4.036086430144603,0.19168408167577833,31,WBDS16 WBDS21 WBDS30 WBDS38 WBDS41
0.3,1.0,0.0,12.0,2.5107557029036576,3.17529691722029,4.192549927020571,0.2042902946620209,31,WBDS03 WBDS20 WBDS31 WBDS33 WBDS35
0.2,0.5,0.0,12.0,3.200867116469259,3.213227239689715,4.051557390449051,0.20720193123792727,31,WBDS05 WBDS13 WBDS23 WBDS29 WBDS35
0.3,1.0,0.0,12.0,2.7844470101844188,3.1311531579814575,4.214952098278923,0.20160327679101153,31,WBDS03 WBDS26 WBDS30 WBDS34 WBDS38
0.4,1.0,0.0,12.0,3.2403645471857985,3.0912582937751023,4.257372655511786,0.19810254810699274,31,WBDS11 WBDS21 WBDS23 WBDS26 WBDS29
0.3,1.0,0.0,12.0,2.776098611732423,3.1324996738608113,4.140267294936718,0.20119447376326577,31,WBDS05 WBDS14 WBDS19 WBDS21 WBDS35
0.3,0.5,0.0,12.0,2.918508514595321,3.254809614415915,4.263062562936667,0.20822487235524315,31,WBDS08 WBDS11 WBDS14 WBDS25 WBDS31
0.4,0.5,0.0,12.0,2.9165899243039055,3.3184856877836384,4.492841237251752,0.2106254827317969,31,WBDS01 WBDS02 WBDS28 WBDS33 WBDS36
0.3,2.0,0.0,12.0,2.7174221744557787,3.2653286404275303,4.2143362069511845,0.2080368016719858,31,WBDS15 WBDS18 WBDS19 WBDS21 WBDS35
0.3,0.5,0.0,12.0,3.138651889114635,3.219302618525703,4.178284793584161,0.20773925455670325,31,WBDS05 WBDS09 WBDS16 WBDS26 WBDS31
0.3,2.0,0.0,12.0,2.7168992322874725,3.265412985938548,4.193485931362976,0.20756124400033063,31,WBDS04 WBDS10 WBDS19 WBDS33 WBDS35
0.3,1.0,0.0,12.0,3.8574865339165436,2.9580822670569216,3.925094484941594,0.18802940478943453,31,WBDS01 WBDS15 WBDS16 WBDS23 WBDS41
0.3,1.0,0.0,12.0,3.01653701451362,3.0937192863154577,4.114489205378154,0.1990421762618762,31,WBDS10 WBDS11 WBDS13 WBDS24 WBDS33
0.4,2.0,0.0,12.0,3.3371455812502284,3.1683325773435067,4.309412730419092,0.20177644018786609,31,WBDS02 WBDS05 WBDS17 WBDS19 WBDS26
0.2,0.5,0.0,12.0,2.8327627915634737,3.2725989049971003,4.12337819845867,0.2112331482148504,31,WBDS09 WBDS18 WBDS19 WBDS26 WBDS30
0.3,0.5,2.0,8.0,3.019567925685767,3.368944426897147,4.566032104098476,0.21519048975229213,31,WBDS06 WBDS11 WBDS14 WBDS26 WBDS29
0.3,0.5,0.0,12.0,2.9645788429080597,3.2473789163009577,4.2708362046294335,0.20720664658299412,31,WBDS05 WBDS08 WBDS11 WBDS25 WBDS26
0.2,2.0,0.0,12.0,2.4525832721560543,3.45627196105488,4.253912963604951,0.22067091464936947,31,WBDS06 WBDS12 WBDS18 WBDS20 WBDS29
0.3,1.0,0.0,12.0,3.0305575389331887,3.0914579114090754,4.060865318648593,0.19831147959752762,31,WBDS06 WBDS08 WBDS12 WBDS22 WBDS23
0.3,1.0,0.0,12.0,3.374004789023185,3.0360631936526237,4.074456293536269,0.19177064006981423,31,WBDS12 WBDS22 WBDS36 WBDS38 WBDS41
0.3,1.0,0.0,12.0,2.969360779197064,3.1013283565278047,4.085706952251155,0.19934039100608633,31,WBDS01 WBDS06 WBDS18 WBDS22 WBDS23
0.3,2.0,0.0,12.0,2.759966084009033,3.2584667195318446,4.205366080456809,0.2078156604537821,31,WBDS08 WBDS18 WBDS21 WBDS23 WBDS29
0.3,0.5,0.0,12.0,3.250654098084327,3.2012377461112362,4.175791680275853,0.2074845619298935,31,WBDS14 WBDS23 WBDS24 WBDS28 WBDS35
0.3,2.0,0.0,12.0,2.992066219576259,3.2210312137951957,4.122660550818838,0.20415775506266493,31,WBDS04 WBDS08 WBDS15 WBDS20 WBDS22
0.3,1.0,0.0,12.0,3.041715893244432,3.089658176842746,4.127872649815576,0.19852016504516687,31,WBDS03 WBDS06 WBDS13 WBDS21 WBDS26
0.2,0.5,0.0,12.0,3.050862616979082,3.237421513801035,4.106629679024812,0.20656829105888247,31,WBDS06 WBDS11 WBDS15 WBDS25 WBDS35
0.4,1.0,0.0,12.0,2.998220869850928,3.130313725603307,4.3535594307317504,0.1990449138620378,31,WBDS11 WBDS21 WBDS28 WBDS29 WBDS34
0.3,1.0,0.0,12.0,3.25286848604467,3.0556013070362558,4.080169136096295,0.19370780468463766,31,WBDS01 WBDS03 WBDS07 WBDS21 WBDS41
0.4,2.0,0.0,12.0,3.2436942792084005,3.1834053679954146,4.374791988344247,0.2025376717104565,31,WBDS04 WBDS16 WBDS17 WBDS26 WBDS34
0.3,0.5,0.0,12.0,3.1460413765243955,3.2181107657176775,4.21332712373027,0.20768784273065022,31,WBDS05 WBDS14 WBDS22 WBDS24 WBDS28
0.3,2.0,0.0,12.0,2.6881124349249346,3.270056017771215,4.251722369830985,0.20938877955739021,31,WBDS15 WBDS18 WBDS21 WBDS30 WBDS34
0.2,1.0,0.0,12.0,3.470746141506969,3.0966771169002985,3.9505066448052903,0.19662475504886967,31,WBDS05 WBDS06 WBDS15 WBDS33 WBDS41
0.2,0.5,0.0,12.0,3.0169565825733966,3.2428902290277586,4.073685530485835,0.20882009401657525,31,WBDS02 WBDS06 WBDS16 WBDS24 WBDS30
0.2,0.5,0.0,12.0,2.776878836217526,3.2816124461819305,4.182187145194322,0.2129962217264357,31,WBDS14 WBDS24 WBDS25 WBDS30 WBDS35
0.3,1.0,0.0,12.0,2.6329458324414294,3.1555888318109715,4.2220365288527475,0.2019021720133581,31,WBDS04 WBDS18 WBDS25 WBDS33 WBDS35
0.3,2.0,0.0,12.0,2.661988812583852,3.274269505245583,4.245592967659088,0.20897772475576804,31,WBDS04 WBDS07 WBDS12 WBDS34 WBDS38
0.3,2.0,0.0,12.0,3.0479670096184037,3.212014957336785,4.16792941057172,0.20584467536940387,31,WBDS10 WBDS14 WBDS17 WBDS30 WBDS35
0.3,1.0,0.0,12.0,3.663995209621658,2.989290545168999,3.9804514112056033,0.19058164555719048,31,WBDS19 WBDS22 WBDS26 WBDS35 WBDS41
0.4,1.0,0.0,12.0,2.961119525916918,3.1362978133345987,4.2849175094467755,0.20024204468828827,31,WBDS11 WBDS16 WBDS22 WBDS31 WBDS35
0.3,1.0,0.0,12.0,3.0164708104411515,3.093729964391662,4.096685839896814,0.1978775694436942,31,WBDS04 WBDS05 WBDS13 WBDS20 WBDS21
0.3,2.0,0.0,12.0,2.7893749128039103,3.2537233600487996,4.18171656824004,0.20645800359161706,31,WBDS06 WBDS07 WBDS08 WBDS19 WBDS21
0.4,1.0,0.0,12.0,3.1913360500763894,3.0991661158895227,4.294621890460493,0.19698730294907713,31,WBDS04 WBDS11 WBDS23 WBDS25 WBDS29
0.3,1.0,0.0,12.0,3.072043343868298,3.084766652548574,4.084865514269686,0.19890749900153165,31,WBDS11 WBDS21 WBDS23 WBDS24 WBDS30
0.3,2.0,0.0,12.0,3.0599629326183577,3.2100801310464697,4.1315023110948665,0.20393483728524645,31,WBDS09 WBDS10 WBDS15 WBDS17 WBDS21
0.3,1.0,0.0,12.0,3.2368011035097743,3.058192820348336,4.046591807695756,0.19578529346777698,31,WBDS02 WBDS06 WBDS07 WBDS13 WBDS38
0.4,2.0,0.0,12.0,3.092048193226369,3.2078644141215484,4.38762652489065,0.20395530752086907,31,WBDS17 WBDS18 WBDS28 WBDS29 WBDS30
0.3,1.0,0.0,12.0,3.4495267091120363,3.0238822387995836,4.0381185012381575,0.1962406704155112,31,WBDS07 WBDS15 WBDS24 WBDS28 WBDS31
0.3,1.0,0.0,12.0,3.2514677571141077,3.055827231057314,4.111798079375852,0.1924923982242087,31,WBDS03 WBDS19 WBDS20 WBDS36 WBDS41
0.3,2.0,0.0,12.0,2.7838940730481356,3.2546073664610216,4.208691433148921,0.20768654712923457,31,WBDS02 WBDS21 WBDS30 WBDS34 WBDS38
0.4,1.0,0.0,12.0,3.3470820594041397,3.0740457918044024,4.223877223708561,0.19648157809433348,31,WBDS02 WBDS07 WBDS21 WBDS22 WBDS28
0.3,1.0,0.0,12.0,3.2902777486995105,3.049567554995152,4.129856873505741,0.19493035236559136,31,WBDS06 WBDS17 WBDS28 WBDS30 WBDS34
0.3,1.0,0.0,12.0,2.809129338998665,3.1271721372049663,4.147503126443596,0.20017187965664213,31,WBDS02 WBDS03 WBDS07 WBDS16 WBDS18
0.3,0.5,2.0,5.0,3.0941838217069373,3.4614793475250605,4.91131437540554,0.22089124905055021,31,WBDS07 WBDS11 WBDS14 WBDS16 WBDS26
0.3,1.0,0.0,12.0,2.8988309933136653,3.112704128444482,4.138441875959088,0.19937182468434061,31,WBDS13 WBDS18 WBDS19 WBDS22 WBDS29
0.3,1.0,0.0,12.0,2.858134780350786,3.1192680337610756,4.097179409927404,0.20081127644437963,31,WBDS02 WBDS12 WBDS14 WBDS19 WBDS20
0.3,2.0,0.0,12.0,2.9179804157881124,3.232980536986832,4.2489010476124145,0.20304376973923746,31,WBDS08 WBDS11 WBDS17 WBDS20 WBDS36
0.3,1.0,0.0,12.0,3.0589561644593406,3.0868774879371155,4.089249527427637,0.19844065769507357,31,WBDS13 WBDS15 WBDS20 WBDS21 WBDS30
0.4,1.0,0.0,12.0,2.9458743387135784,3.138756714496428,4.386234063923371,0.20050461008515427,31,WBDS03 WBDS07 WBDS19 WBDS28 WBDS34
0.3,2.0,0.0,12.0,2.852973813504234,3.2434654728390706,4.229504130707229,0.20710006876877776,31,WBDS01 WBDS09 WBDS14 WBDS17 WBDS18
0.4,2.0,0.0,12.0,3.09573157289878,3.207270320625998,4.315426633662725,0.20396216422311048,31,WBDS02 WBDS17 WBDS22 WBDS30 WBDS35
0.3,1.0,0.0,12.0,3.1203911641512496,3.0769686170190655,4.051576415776188,0.19704678502497022,31,WBDS06 WBDS07 WBDS09 WBDS16 WBDS22
0.3,1.0,0.0,12.0,3.1321943047484653,3.0750648846646755,4.119158355446811,0.1988228295210206,31,WBDS07 WBDS18 WBDS20 WBDS23 WBDS25
0.3,2.0,0.0,12.0,3.0218331585182048,3.2162300946110105,4.1741244419835635,0.2040501145621637,31,WBDS01 WBDS05 WBDS06 WBDS17 WBDS22
0.3,1.0,0.0,12.0,3.0417564557098813,3.089651634509609,4.096545662601817,0.20025252227390666,31,WBDS07 WBDS12 WBDS20 WBDS22 WBDS26
0.3,2.0,0.0,12.0,3.0518687989400566,3.2113856364784534,4.147549363804265,0.2066749894156317,31,WBDS10 WBDS21 WBDS26 WBDS31 WBDS38
0.3,1.0,0.0,12.0,2.947674792303554,3.104826096349339,4.128998566189868,0.19821723299540273,31,WBDS03 WBDS07 WBDS15 WBDS16 WBDS19
0.3,1.0,0.0,12.0,2.907692008199786,3.1112749324951077,4.100224365665166,0.19968879167638046,31,WBDS02 WBDS08 WBDS12 WBDS13 WBDS30
0.2,0.5,0.0,12.0,2.836706767922762,3.2719627797778603,4.117059799463717,0.21001000362118197,31,WBDS05 WBDS06 WBDS11 WBDS24 WBDS35
0.4,1.0,0.0,12.0,2.892550121889271,3.1473573946293816,4.393330714939537,0.20153195330292265,31,WBDS16 WBDS20 WBDS31 WBDS34 WBDS36
0.3,1.0,0.0,12.0,3.1501316337635514,3.0721717670815973,4.048060339818431,0.19687614757306088,31,WBDS05 WBDS08 WBDS10 WBDS19 WBDS23
0.3,2.0,0.0,12.0,2.8560204879315805,3.242974073737885,4.195021577588811,0.20740509789029646,31,WBDS18 WBDS20 WBDS23 WBDS29 WBDS38
0.3,1.0,0.0,12.0,2.82727338515936,3.1242456781467896,4.2134405793962,0.19906161878708786,31,WBDS05 WBDS06 WBDS34 WBDS36 WBDS38
0.2,0.5,0.0,12.0,2.763394349767439,3.283787363351299,4.101823058829908,0.21040977825365237,31,WBDS05 WBDS06 WBDS09 WBDS19 WBDS30
0.3,1.0,0.0,12.0,2.9663541956260273,3.1018132893618433,4.126611843038723,0.19786558421762923,31,WBDS03 WBDS08 WBDS10 WBDS13 WBDS16
0.3,1.0,0.0,12.0,2.8216894114695164,3.1251463190645064,4.185630950549685,0.19959760201832918,31,WBDS14 WBDS15 WBDS33 WBDS36 WBDS38
0.4,1.0,0.0,12.0,3.533046405949989,3.0440515423615238,4.173363587143969,0.19582759426687563,31,WBDS04 WBDS10 WBDS22 WBDS23 WBDS26
0.4,1.0,0.0,12.0,3.1783682014721695,3.101257704374075,4.265133537881719,0.19778745339350418,31,WBDS11 WBDS21 WBDS23 WBDS28 WBDS33
0.4,1.0,0.0,12.0,2.913936634506169,3.143907957110527,4.361711205195032,0.20258521720477324,31,WBDS11 WBDS18 WBDS26 WBDS31 WBDS34
0.4,1.0,0.0,12.0,3.8666208570478644,2.990249211539285,4.25749214274798,0.1877634676485955,31,WBDS10 WBDS17 WBDS25 WBDS36 WBDS41
0.3,2.0,0.0,12.0,2.9499647839210943,3.2278217679331247,4.175335807207652,0.20570556142141533,31,WBDS01 WBDS10 WBDS17 WBDS22 WBDS30
0.3,1.0,0.0,12.0,3.0208258825721623,3.0930275334027892,4.1322423392426995,0.1975442168420466,31,WBDS05 WBDS06 WBDS22 WBDS25 WBDS38
0.3,2.0,0.0,12.0,3.0081360484211253,3.218439305916991,4.141014538763521,0.2054394879721857,31,WBDS01 WBDS07 WBDS15 WBDS22 WBDS29
0.3,1.0,0.0,12.0,3.163984830185111,3.069937380561991,4.031820836235167,0.1968335503384166,31,WBDS04 WBDS05 WBDS15 WBDS22 WBDS31
0.2,0.5,0.0,12.0,3.206811812973151,3.212268417672959,4.039739759973675,0.20648324174755756,31,WBDS06 WBDS08 WBDS19 WBDS23 WBDS26
0.3,1.0,0.0,12.0,2.9060701990318925,3.1115365146189617,4.1172524947183735,0.19835982309768446,31,WBDS05 WBDS11 WBDS15 WBDS16 WBDS18
0.3,0.5,2.0,8.0,3.2061590253656904,3.338849088239095,4.546123727067478,0.21441525405396133,31,WBDS06 WBDS07 WBDS09 WBDS13 WBDS24
0.3,1.0,0.0,12.0,3.746791872044372,2.9759362447782385,3.915526239113009,0.18906131214974098,31,WBDS02 WBDS10 WBDS22 WBDS35 WBDS41
0.3,0.5,0.0,12.0,2.839985111447396,3.267474679439774,4.309807233966126,0.2073220054607316,31,WBDS05 WBDS08 WBDS19 WBDS25 WBDS38
0.4,0.5,0.0,12.0,2.897203004817936,3.321612610281375,4.534600908467921,0.21083618187878508,31,WBDS05 WBDS16 WBDS22 WBDS25 WBDS36
0.3,2.0,0.0,12.0,3.144391504311234,3.1964626194831025,4.093764178428903,0.2042537478314994,31,WBDS09 WBDS15 WBDS22 WBDS31 WBDS38
0.3,1.0,0.0,12.0,3.3839497141115134,3.0344591734770874,4.044358139558621,0.1935789786048623,31,WBDS11 WBDS14 WBDS24 WBDS33 WBDS41
0.2,1.0,0.0,12.0,2.6928942263202,3.2221371032207453,4.114134395045835,0.20721073163330164,31,WBDS06 WBDS12 WBDS18 WBDS28 WBDS33
0.3,1.0,0.0,12.0,2.583014108818328,3.1636423356211494,4.190880580730886,0.20190044077248628,31,WBDS01 WBDS03 WBDS11 WBDS14 WBDS21
0.2,0.5,0.0,12.0,2.8126509564710487,3.2758427493668463,4.168642545447939,0.21068471514975848,31,WBDS03 WBDS12 WBDS13 WBDS18 WBDS28
0.3,0.5,0.0,12.0,2.9458105021931997,3.250406068029161,4.264423391683439,0.2089181846969685,31,WBDS01 WBDS09 WBDS13 WBDS14 WBDS25
0.3,2.0,0.0,12.0,2.720369301794946,3.2648532973083104,4.225605418274773,0.20834651877791718,31,WBDS07 WBDS16 WBDS30 WBDS33 WBDS38
0.3,1.0,0.0,12.0,2.7771667515164595,3.132327393250483,4.157769204820517,0.20285233537545008,31,WBDS01 WBDS10 WBDS14 WBDS24 WBDS33
0.2,1.0,0.0,12.0,2.891327856907953,3.1901316789323984,4.044154834934385,0.20678550812960697,31,WBDS09 WBDS12 WBDS20 WBDS26 WBDS35
0.4,2.0,0.0,12.0,3.0155687089690586,3.220199814808211,4.428957868497364,0.20333916929493592,31,WBDS03 WBDS04 WBDS05 WBDS17 WBDS25
0.3,1.0,0.0,12.0,2.7058419879420113,3.143831387375394,4.201864693360176,0.2014328288043005,31,WBDS06 WBDS07 WBDS18 WBDS30 WBDS36
0.4,1.0,0.0,12.0,3.287827707341606,3.0836029453628755,4.329052537368456,0.19610037758490828,31,WBDS16 WBDS17 WBDS23 WBDS30 WBDS36
0.3,0.5,2.0,5.0,3.0962055913956688,3.4611532556397817,4.926433685934632,0.21963575515658182,31,WBDS10 WBDS14 WBDS15 WBDS16 WBDS36
0.3,1.0,0.0,12.0,2.8442719124365587,3.1215039801988542,4.194730999255793,0.2014605694760291,31,WBDS08 WBDS14 WBDS24 WBDS29 WBDS34
0.3,2.0,0.0,12.0,2.661761314244047,3.274306198526198,4.191977040207044,0.21029035355786904,31,WBDS07 WBDS10 WBDS21 WBDS31 WBDS33
0.3,1.0,0.0,12.0,2.6099750466250478,3.1592937972652266,4.1902813922315065,0.20243555614018655,31,WBDS03 WBDS16 WBDS29 WBDS31 WBDS33
0.4,1.0,0.0,12.0,3.193302627910561,3.0988489259162697,4.324235064436279,0.19735230758945851,31,WBDS11 WBDS15 WBDS23 WBDS34 WBDS36
0.4,1.0,0.0,12.0,2.871432792481307,3.150763415501633,4.354351453966123,0.19996113256231918,31,WBDS04 WBDS05 WBDS22 WBDS35 WBDS36
0.2,0.5,0.0,12.0,2.8926829149759508,3.26293436896283,4.1840049083610555,0.21058954378921094,31,WBDS06 WBDS24 WBDS26 WBDS33 WBDS36
0.3,0.5,0.0,12.0,2.8942447867093852,3.2587231189136467,4.265778244459519,0.20811469621984482,31,WBDS03 WBDS06 WBDS14 WBDS28 WBDS29
0.3,0.5,0.0,12.0,2.667652670566823,3.2952702344205123,4.3591308040320955,0.20824824014076357,31,WBDS03 WBDS16 WBDS19 WBDS36 WBDS38
0.3,0.5,2.0,5.0,3.0093810632991276,3.4751572117843845,4.945598386376162,0.2236952744599993,31,WBDS07 WBDS14 WBDS24 WBDS29 WBDS31
0.3,2.0,0.0,12.0,2.6528309208618857,3.2757465845555775,4.2094794735131975,0.2088224271554851,31,WBDS02 WBDS07 WBDS18 WBDS21 WBDS38
0.3,0.5,0.0,12.0,3.2981305162192003,3.1935802593152895,4.13680165755429,0.20709620057600453,31,WBDS05 WBDS13 WBDS14 WBDS23 WBDS31
0.3,1.0,0.0,12.0,2.9537933287974685,3.1038392356245144,4.178296797407646,0.198704169691826,31,WBDS11 WBDS25 WBDS26 WBDS33 WBDS38
0.3,1.0,0.0,12.0,3.276057893224256,3.0518610800718062,4.047866265684455,0.1935444808253122,31,WBDS08 WBDS12 WBDS16 WBDS30 WBDS41
0.3,1.0,0.0,12.0,3.6182276289715447,2.9966724130157916,3.9583676496757745,0.1903476792867068,31,WBDS06 WBDS07 WBDS11 WBDS31 WBDS41
0.2,0.5,0.0,12.0,3.4387699660614985,3.174855812336129,3.9914175380067123,0.202960309353018,31,WBDS04 WBDS09 WBDS23 WBDS28 WBDS38
0.4,1.0,0.0,12.0,3.001376978719951,3.129804675785723,4.31198733908958,0.20031875809002278,31,WBDS07 WBDS11 WBDS19 WBDS22 WBDS24
0.3,1.0,0.0,12.0,2.867695623438235,3.1177259622953577,4.164201418147651,0.19815616558276739,31,WBDS04 WBDS07 WBDS08 WBDS20 WBDS36
0.3,0.5,0.0,12.0,3.129305856822135,3.2208100430890094,4.1850219145829035,0.20391799519722564,31,WBDS04 WBDS06 WBDS11 WBDS13 WBDS16
0.3,2.0,0.0,12.0,2.8266374220401067,3.2477132779139293,4.176635929906594,0.20719481313845348,31,WBDS07 WBDS08 WBDS10 WBDS29 WBDS35
0.3,2.0,0.0,12.0,2.673154186929968,3.2724686384155643,4.202801321016573,0.20794460280876026,31,WBDS01 WBDS11 WBDS12 WBDS15 WBDS21
0.3,1.0,0.0,12.0,2.9769988417485953,3.1000964109549773,4.128892919790156,0.20002396192975933,31,WBDS03 WBDS05 WBDS21 WBDS23 WBDS24
0.3,1.0,0.0,12.0,3.1160788656148704,3.0776641490410617,4.071996272743794,0.1989739682268838,31,WBDS07 WBDS14 WBDS16 WBDS23 WBDS33
0.3,2.0,0.0,12.0,2.800036510285213,3.2520037475518153,4.209190988254752,0.20740607612265113,31,WBDS07 WBDS17 WBDS21 WBDS31 WBDS38
0.3,2.0,0.0,12.0,2.9459757806585305,3.228465155556119,4.215904022707072,0.20543936055933174,31,WBDS03 WBDS09 WBDS12 WBDS13 WBDS17
0.3,1.0,0.0,12.0,3.213724059026467,3.0619149242972563,4.094784028386623,0.1961059398995532,31,WBDS01 WBDS06 WBDS13 WBDS17 WBDS31
0.3,1.0,0.0,12.0,2.8381040960420725,3.1224987892947387,4.151587580720909,0.20099593222646883,31,WBDS12 WBDS15 WBDS30 WBDS31 WBDS36
0.3,2.0,0.0,12.0,3.11998951634364,3.2003984239940046,4.11319887011605,0.20444742479656058,31,WBDS02 WBDS08 WBDS13 WBDS21 WBDS31
0.3,1.0,0.0,12.0,3.0357061567657584,3.0906274891780154,4.099471169902393,0.19842639048880634,31,WBDS08 WBDS18 WBDS22 WBDS28 WBDS31
0.3,1.0,0.0,12.0,3.7326667574725017,2.9782144890640243,3.945915406453875,0.18959755967148134,31,WBDS05 WBDS15 WBDS16 WBDS31 WBDS41
0.3,1.0,0.0,12.0,3.5278466461483347,3.0112499908905033,3.987622067047988,0.19064337346559146,31,WBDS01 WBDS02 WBDS07 WBDS08 WBDS41
0.3,1.0,0.0,12.0,2.953009906989691,3.103965593980607,4.135810470410518,0.19872540425281418,31,WBDS01 WBDS07 WBDS13 WBDS19 WBDS38
0.3,2.0,0.0,12.0,3.177152505951302,3.1911785869605116,4.18891348468324,0.2041502392790709,31,WBDS10 WBDS16 WBDS17 WBDS18 WBDS26
0.3,1.0,0.0,12.0,3.1620630776695817,3.0702473406451407,4.05182017299075,0.19782649174334727,31,WBDS02 WBDS12 WBDS21 WBDS28 WBDS31
0.3,2.0,0.0,12.0,2.9394459241943522,3.229518358211632,4.170077845803351,0.20700012581081412,31,WBDS01 WBDS10 WBDS18 WBDS23 WBDS29
0.2,1.0,0.0,12.0,3.7343786400813648,3.054155746162493,3.8889364753338524,0.19468802412197087,31,WBDS01 WBDS10 WBDS23 WBDS38 WBDS41
0.2,0.5,0.0,12.0,3.241914634394834,3.2066066722823643,4.025520579257697,0.20670027957819606,31,WBDS08 WBDS09 WBDS13 WBDS14 WBDS23
0.3,2.0,0.0,12.0,3.0865966501386937,3.2057843701560933,4.157874557538492,0.20498985105424808,31,WBDS17 WBDS19 WBDS23 WBDS31 WBDS33
0.3,2.0,0.0,12.0,2.594472131813235,3.2851592924666506,4.231236132435272,0.20929054780641781,31,WBDS12 WBDS15 WBDS19 WBDS29 WBDS33
0.3,1.0,0.0,12.0,3.2049612514881973,3.063328280351816,4.0685422814384715,0.19838719654064563,31,WBDS01 WBDS02 WBDS22 WBDS24 WBDS26
0.4,1.0,0.0,12.0,2.879905472184771,3.149396854259139,4.322266175665218,0.20242854625020532,31,WBDS05 WBDS14 WBDS19 WBDS29 WBDS31
0.3,1.0,0.0,12.0,3.958755385392049,2.941748581335065,3.9124498554872296,0.1893165977816493,31,WBDS21 WBDS23 WBDS26 WBDS31 WBDS41
0.4,2.0,0.0,12.0,2.8423200356580303,3.2481431492132162,4.422446370441338,0.2082400048088829,31,WBDS14 WBDS17 WBDS31 WBDS33 WBDS34
0.3,1.0,0.0,12.0,2.686997363162256,3.1468708429850323,4.174811174227684,0.2006543022723838,31,WBDS01 WBDS03 WBDS16 WBDS21 WBDS22
0.3,2.0,0.0,12.0,2.5888115013843045,3.286072297374543,4.271941978694182,0.20911595447806128,31,WBDS07 WBDS17 WBDS18 WBDS21 WBDS29
0.3,1.0,0.0,12.0,2.7632563460024784,3.134571007043061,4.178463510422088,0.20086878523572568,31,WBDS08 WBDS16 WBDS20 WBDS30 WBDS34
0.2,0.5,0.0,12.0,3.7430534542118705,3.1257778303763915,3.9714520991392157,0.20113768066888943,31,WBDS14 WBDS20 WBDS25 WBDS26 WBDS41
0.3,1.0,0.0,12.0,2.845490674417732,3.121307405685761,4.147265069547882,0.19973200050858966,31,WBDS06 WBDS10 WBDS30 WBDS35 WBDS36
0.3,2.0,0.0,12.0,2.8748363354341984,3.2399392596245598,4.154375421706712,0.2057916263131276,31,WBDS10 WBDS15 WBDS19 WBDS21 WBDS38
0.3,1.0,0.0,12.0,2.8878858212114507,3.1144694787835485,4.131318869907962,0.19893823274015088,31,WBDS01 WBDS04 WBDS20 WBDS28 WBDS33
0.3,1.0,0.0,12.0,2.8039647319147574,3.1280051383475316,4.128820940060499,0.19976122409489747,31,WBDS04 WBDS16 WBDS21 WBDS30 WBDS35
0.4,1.0,0.0,12.0,3.081067907577783,3.116951300163492,4.310674727770588,0.1999750364014053,31,WBDS11 WBDS14 WBDS23 WBDS29 WBDS34
0.4,1.0,0.0,12.0,3.076065071751296,3.117758209167764,4.31462179584887,0.19983764894592831,31,WBDS16 WBDS19 WBDS23 WBDS34 WBDS35
0.2,1.0,0.0,12.0,2.496538681606661,3.25380735236809,4.10735309906172,0.20845874056957606,31,WBDS06 WBDS11 WBDS12 WBDS30 WBDS33
0.4,1.0,0.0,12.0,2.8456442795593646,3.1549228530696887,4.401197356655682,0.20161939607958643,31,WBDS03 WBDS18 WBDS22 WBDS28 WBDS34
0.2,2.0,0.0,12.0,2.153653800590004,3.504486391952631,4.3196435008352845,0.2233946482624499,31,WBDS03 WBDS12 WBDS20 WBDS21 WBDS33
0.3,0.5,0.0,12.0,2.7537028505539176,3.281391173132271,4.3251254105005215,0.20945978130284426,31,WBDS01 WBDS03 WBDS05 WBDS25 WBDS28
0.3,2.0,0.0,12.0,2.652363171448168,3.2758220280094035,4.29582857933934,0.20882583927696843,31,WBDS01 WBDS17 WBDS24 WBDS33 WBDS38
0.3,1.0,0.0,12.0,2.9179904827735035,3.109613888209024,4.128897295760371,0.19878449389107486,31,WBDS10 WBDS11 WBDS18 WBDS28 WBDS33
0.4,1.0,0.0,12.0,2.89885340795641,3.1463407355862936,4.337904461389587,0.20004200190702545,31,WBDS02 WBDS05 WBDS11 WBDS19 WBDS34
0.2,0.5,0.0,12.0,2.927781043851337,3.257273380434542,4.1723105796162185,0.21001664347610985,31,WBDS12 WBDS20 WBDS24 WBDS28 WBDS36
0.3,2.0,0.0,12.0,3.018895698966061,3.2167038784097435,4.148911763588839,0.20583565130691991,31,WBDS10 WBDS18 WBDS19 WBDS23 WBDS29
0.4,1.0,0.0,12.0,2.772385793408471,3.166738737932736,4.430978555518926,0.20213081026167298,31,WBDS03 WBDS09 WBDS21 WBDS25 WBDS34
0.3,1.0,0.0,12.0,3.6510382177375993,2.9913803825696546,3.9652728572280487,0.19052596693442,31,WBDS05 WBDS15 WBDS29 WBDS31 WBDS41
0.3,2.0,0.0,12.0,2.7990960553523756,3.2521554338313052,4.241313233954702,0.20820481497145724,31,WBDS03 WBDS10 WBDS18 WBDS26 WBDS38
0.3,1.0,0.0,12.0,3.166299498170433,3.0695640470159717,4.064365521405234,0.1967983247111931,31,WBDS06 WBDS07 WBDS13 WBDS19 WBDS22
0.4,1.0,0.0,12.0,2.857652161344378,3.152986097943073,4.347694695354628,0.20279874020947314,31,WBDS03 WBDS19 WBDS26 WBDS31 WBDS35
0.3,0.5,0.0,12.0,3.0541883298031185,3.232925773253367,4.2205093447778665,0.2076977687569982,31,WBDS01 WBDS09 WBDS13 WBDS19 WBDS26
0.4,1.0,0.0,12.0,2.628689076251562,3.1899156277967533,4.42221831807412,0.20325981738838553,31,WBDS14 WBDS19 WBDS21 WBDS33 WBDS36
0.3,2.0,0.0,12.0,3.213702266607939,3.1852834642739563,4.100225117544776,0.2039515754791446,31,WBDS02 WBDS10 WBDS15 WBDS24 WBDS38
0.3,1.0,0.0,12.0,2.9273399584706548,3.108105908257871,4.146810817758119,0.1993689971627338,31,WBDS03 WBDS07 WBDS09 WBDS18 WBDS28
0.4,1.0,0.0,12.0,3.348903024214116,3.073752087802793,4.343689806311253,0.1934712421095923,31,WBDS04 WBDS16 WBDS17 WBDS28 WBDS36
0.3,1.0,0.0,12.0,2.4744584521628883,3.181151312501059,4.208205547653853,0.20262076920922006,31,WBDS03 WBDS04 WBDS19 WBDS30 WBDS33
0.3,2.0,0.0,12.0,2.47805298609709,3.303936574033771,4.253437981173911,0.210319531335293,31,WBDS04 WBDS05 WBDS12 WBDS29 WBDS33
0.3,2.0,0.0,12.0,2.6340858445183897,3.278769983965819,4.296990024038231,0.20923891253073928,31,WBDS07 WBDS17 WBDS18 WBDS21 WBDS34
0.3,2.0,0.0,12.0,2.7458591566954476,3.260742030388874,4.1787015870239745,0.20639381879583837,31,WBDS08 WBDS09 WBDS11 WBDS20 WBDS21
0.3,1.0,0.0,12.0,3.2900381284782383,3.0496062034179383,4.0338775465045025,0.19651897487288036,31,WBDS02 WBDS06 WBDS07 WBDS15 WBDS24
0.3,2.0,0.0,12.0,2.928215632957256,3.2313296955079376,4.201755890824085,0.2080139376295375,31,WBDS18 WBDS21 WBDS23 WBDS24 WBDS29
0.4,1.0,0.0,12.0,3.4828625986030985,3.052145704836828,4.199603308621863,0.1911952805097521,31,WBDS04 WBDS05 WBDS11 WBDS19 WBDS41
0.4,1.0,0.0,12.0,3.5289165606802797,3.044717646437283,4.244014214035534,0.19141610769605238,31,WBDS16 WBDS22 WBDS29 WBDS36 WBDS41
0.3,2.0,0.0,12.0,2.6297602250358265,3.2794676645275236,4.207537802636654,0.20799987578108037,31,WBDS04 WBDS15 WBDS21 WBDS29 WBDS33
0.3,1.0,0.0,12.0,2.956541135343297,3.103396041020348,4.158068619379273,0.20023688679014523,31,WBDS13 WBDS14 WBDS30 WBDS34 WBDS38
0.3,1.0,0.0,12.0,3.0339528433892218,3.090910281658102,4.117906598394281,0.20019234963654595,31,WBDS07 WBDS14 WBDS16 WBDS26 WBDS33
0.3,1.0,0.0,12.0,2.7917444343377653,3.1299761540857562,4.121105846269764,0.1997153483256356,31,WBDS02 WBDS08 WBDS30 WBDS35 WBDS38
0.4,2.0,0.0,12.0,3.3141812541097693,3.172036501075839,4.3477692434637945,0.2039588916557772,31,WBDS10 WBDS14 WBDS17 WBDS26 WBDS34
0.2,1.0,0.0,12.0,2.973684217104335,3.1768483950297557,3.9771973486101464,0.20292923675372873,31,WBDS02 WBDS06 WBDS08 WBDS09 WBDS20
0.3,1.0,0.0,12.0,2.984341774448045,3.0989120669711956,4.106097156238527,0.19862089161373295,31,WBDS05 WBDS08 WBDS12 WBDS13 WBDS15
0.4,1.0,0.0,12.0,2.72409201097767,3.1745280576796397,4.420163218080765,0.20176875095767371,31,WBDS10 WBDS11 WBDS33 WBDS34 WBDS36
0.3,1.0,0.0,12.0,3.625150665411463,2.99555579423516,4.026407789813913,0.19013332866707214,31,WBDS01 WBDS05 WBDS15 WBDS25 WBDS41
0.4,2.0,0.0,12.0,3.163255537978256,3.196379358516406,4.3186455465996225,0.20366492170442557,31,WBDS09 WBDS11 WBDS14 WBDS17 WBDS31
0.2,0.5,0.0,12.0,2.9255010888986184,3.257641115104335,4.100021744520026,0.2089960154600682,31,WBDS04 WBDS05 WBDS13 WBDS30 WBDS35
0.2,1.0,0.0,12.0,3.616546372670817,3.0731609505835484,3.9576446075082687,0.19446241976814968,31,WBDS06 WBDS17 WBDS20 WBDS35 WBDS41
0.4,1.0,0.0,12.0,3.490993619969322,3.0508342497777594,4.265246605804967,0.19435207074605382,31,WBDS08 WBDS13 WBDS17 WBDS28 WBDS31
0.3,1.0,0.0,12.0,2.7985693314371405,3.1288753642310185,4.18032070539487,0.2004504773991719,31,WBDS01 WBDS06 WBDS18 WBDS22 WBDS25
0.3,0.5,0.0,12.0,2.7769513798090015,3.2776414103491924,4.298133233509224,0.21015264652185145,31,WBDS14 WBDS16 WBDS19 WBDS25 WBDS30
0.3,1.0,0.0,12.0,2.978369746035125,3.0998752973603754,4.078509012288147,0.20078831771467406,31,WBDS12 WBDS23 WBDS29 WBDS31 WBDS35
0.2,0.5,0.0,12.0,2.8615519862437138,3.2679554865002873,4.1702930768711,0.21064930235758403,31,WBDS12 WBDS18 WBDS20 WBDS25 WBDS28
0.3,2.0,0.0,12.0,2.8436748619062437,3.244965303741972,4.155866286490227,0.20767641368454418,31,WBDS01 WBDS02 WBDS22 WBDS31 WBDS33
0.3,1.0,0.0,12.0,2.902614619394098,3.112093866173444,4.087757086938278,0.198520557185218,31,WBDS02 WBDS11 WBDS20 WBDS29 WBDS35
0.3,1.0,0.0,12.0,2.999791874538998,3.0964201153436224,4.127278596737777,0.19810638455144047,31,WBDS01 WBDS11 WBDS23 WBDS34 WBDS38
0.3,1.0,0.0,12.0,2.6637562431872883,3.15061941072293,4.190271564681687,0.2028595456409139,31,WBDS01 WBDS08 WBDS18 WBDS26 WBDS30
0.3,1.0,0.0,12.0,2.8894947605422394,3.1142099724398737,4.125843948757469,0.20081778720777904,31,WBDS13 WBDS18 WBDS19 WBDS20 WBDS31
0.3,1.0,0.0,12.0,3.0339537557849425,3.0909101344975025,4.103538355579541,0.1980411910821698,31,WBDS06 WBDS10 WBDS19 WBDS22 WBDS34
0.3,2.0,0.0,12.0,2.642184933271994,3.277463679328141,4.259638626797151,0.20865444175695855,31,WBDS11 WBDS24 WBDS29 WBDS33 WBDS38
0.3,2.0,0.0,12.0,2.8248006165027024,3.2480095368715753,4.193574795712688,0.20697995726811494,31,WBDS08 WBDS23 WBDS33 WBDS35 WBDS38
0.3,1.0,0.0,12.0,2.984903568176919,3.0988214550794417,4.137952398393675,0.1968984788311789,31,WBDS04 WBDS15 WBDS20 WBDS29 WBDS36
0.3,0.5,0.0,12.0,3.013227056486419,3.2395324302399313,4.24421262781766,0.20754916810978596,31,WBDS09 WBDS11 WBDS25 WBDS26 WBDS35
0.4,1.0,0.0,12.0,3.2601995496996468,3.0880590998212556,4.274062645314561,0.19754124398894046,31,WBDS02 WBDS05 WBDS22 WBDS28 WBDS34
0.3,1.0,0.0,12.0,2.5835184781233855,3.163560985733237,4.194759892818043,0.20468377828784964,31,WBDS01 WBDS12 WBDS26 WBDS30 WBDS33
0.3,1.0,0.0,12.0,2.6573415194531553,3.151654043583274,4.1508239779386775,0.20322049722952848,31,WBDS01 WBDS21 WBDS30 WBDS31 WBDS35
0.3,1.0,0.0,12.0,2.9330026049366897,3.107192578182704,4.11310874492339,0.1997711752150471,31,WBDS04 WBDS05 WBDS08 WBDS24 WBDS31
0.3,1.0,0.0,12.0,3.8232184244071674,2.963609381493917,3.9969886334104126,0.19054189231638133,31,WBDS06 WBDS17 WBDS23 WBDS26 WBDS28
0.3,1.0,0.0,12.0,3.335646351249868,3.0422500384547724,4.121171430817289,0.19435135528936595,31,WBDS03 WBDS12 WBDS24 WBDS25 WBDS41
0.4,1.0,0.0,12.0,3.0230789694812783,3.126304354695186,4.291995661596135,0.19990329259424963,31,WBDS11 WBDS21 WBDS22 WBDS26 WBDS35
0.3,1.0,0.0,12.0,3.0287510244241127,3.0917492847169905,4.096660161236747,0.20133786423677305,31,WBDS18 WBDS23 WBDS24 WBDS31 WBDS35
0.2,2.0,0.0,12.0,2.6268372805251947,3.4281664758340518,4.222492807312876,0.21919480843549663,31,WBDS12 WBDS17 WBDS20 WBDS21 WBDS31
0.4,1.0,0.0,12.0,3.3924062921810645,3.0667354316790916,4.268603093199937,0.19287153641493818,31,WBDS04 WBDS06 WBDS11 WBDS17 WBDS28
0.4,1.0,0.0,12.0,3.666821507315036,3.022474913109096,4.234371956962481,0.19137039159241212,31,WBDS11 WBDS16 WBDS24 WBDS25 WBDS41
0.3,2.0,0.0,12.0,2.922951319623869,3.2321787783036453,4.1553226444604165,0.20495337745930806,31,WBDS11 WBDS16 WBDS20 WBDS21 WBDS22
0.3,1.0,0.0,12.0,2.950519941057311,3.1043672013890555,4.094964619598715,0.19737689572637973,31,WBDS02 WBDS06 WBDS19 WBDS29 WBDS38
0.4,1.0,0.0,12.0,3.3207292992937503,3.0782962369834967,4.246324131552791,0.19733177731959617,31,WBDS02 WBDS07 WBDS09 WBDS10 WBDS25
0.3,0.5,0.0,12.0,3.0315130777507315,3.236583071971494,4.223869252284682,0.20668548579344376,31,WBDS01 WBDS19 WBDS20 WBDS22 WBDS28
0.4,1.0,0.0,12.0,2.8046836272048687,3.161529409901059,4.381070172194591,0.20008506552473582,31,WBDS02 WBDS03 WBDS06 WBDS29 WBDS36
0.3,2.0,0.0,12.0,2.7751667999369407,3.2560149911563756,4.2006500339284045,0.20637592868855253,31,WBDS05 WBDS11 WBDS20 WBDS29 WBDS38
0.3,1.0,0.0,12.0,2.867195977948671,3.1178065502775456,4.163537341675759,0.20091775525029779,31,WBDS01 WBDS12 WBDS13 WBDS22 WBDS34
0.4,0.5,0.0,12.0,3.143847204016874,3.281831287829933,4.535002628075773,0.20918317829590294,31,WBDS10 WBDS25 WBDS28 WBDS34 WBDS36
0.2,0.5,0.0,12.0,3.1006143891688227,3.2293970344155922,4.056355475000118,0.20974379305751648,31,WBDS20 WBDS23 WBDS26 WBDS30 WBDS35
0.4,1.0,0.0,12.0,2.9237537335123536,3.142324554045013,4.393327714272943,0.20168288500569329,31,WBDS07 WBDS21 WBDS25 WBDS34 WBDS35
0.3,2.0,0.0,12.0,2.661009531470782,3.2744274538122076,4.19817916040591,0.20907840292574967,31,WBDS01 WBDS09 WBDS12 WBDS21 WBDS22
0.4,0.5,0.0,12.0,2.8906771527653548,3.3226651670640495,4.515530851501795,0.2115908776897787,31,WBDS05 WBDS16 WBDS19 WBDS26 WBDS36
0.3,1.0,0.0,12.0,2.937940325339153,3.1063961716661774,4.16462812707256,0.2017321382894445,31,WBDS07 WBDS12 WBDS26 WBDS34 WBDS35
0.3,0.5,0.0,12.0,3.0643519300166746,3.2312864828963415,4.213749482742449,0.20697102192818415,31,WBDS06 WBDS19 WBDS23 WBDS25 WBDS35
0.3,1.0,0.0,12.0,3.5089611012220017,3.0142960465237825,3.9909577962021356,0.19127660414209766,31,WBDS01 WBDS09 WBDS10 WBDS29 WBDS41
0.3,0.5,0.0,12.0,2.972644019211625,3.2460780814132857,4.275874103626345,0.20789871050169562,31,WBDS03 WBDS13 WBDS19 WBDS26 WBDS29
0.3,2.0,0.0,12.0,2.659505460444788,3.274670045913174,4.276433844901125,0.20818974617598313,31,WBDS08 WBDS12 WBDS21 WBDS25 WBDS38
0.3,2.0,0.0,12.0,2.865937126250703,3.2413746159444785,4.2029394658457395,0.2066153380004972,31,WBDS03 WBDS17 WBDS20 WBDS22 WBDS31
0.3,1.0,0.0,12.0,3.1167686050859205,3.0775529007392795,4.163499854170144,0.197488452875648,31,WBDS13 WBDS17 WBDS30 WBDS34 WBDS35
0.3,2.0,0.0,12.0,2.9027194153358478,3.235441988672681,4.182431639655555,0.20406357676482564,31,WBDS09 WBDS11 WBDS17 WBDS19 WBDS21
0.3,2.0,0.0,12.0,2.5683550052166435,3.2893717322402947,4.231377562448217,0.20878159477064964,31,WBDS02 WBDS03 WBDS08 WBDS12 WBDS29
0.3,2.0,0.0,12.0,2.6498511365350406,3.276227194930876,4.227205235443278,0.20835193108784594,31,WBDS05 WBDS09 WBDS29 WBDS33 WBDS38
0.3,1.0,0.0,12.0,3.540843254150505,3.009153763793379,3.9753503978529143,0.19020454347844162,31,WBDS01 WBDS02 WBDS09 WBDS38 WBDS41
0.3,2.0,0.0,12.0,3.209244896402965,3.1860023949521787,4.071613943199373,0.20439916014624615,31,WBDS02 WBDS07 WBDS20 WBDS21 WBDS23
0.3,1.0,0.0,12.0,3.5015393518149893,3.0154931028797516,4.040454118686852,0.19209341623244958,31,WBDS14 WBDS21 WBDS31 WBDS36 WBDS41
0.2,0.5,0.0,12.0,3.0297254609128426,3.240830732521396,4.0914483217789686,0.20792764862971944,31,WBDS06 WBDS14 WBDS20 WBDS28 WBDS38
0.3,2.0,0.0,12.0,2.47805298609709,3.303936574033771,4.253437981173911,0.210319531335293,31,WBDS04 WBDS05 WBDS12 WBDS29 WBDS33
0.3,1.0,0.0,12.0,2.875932004572655,3.1163975137252904,4.124089911482406,0.19920909963181915,31,WBDS01 WBDS04 WBDS13 WBDS19 WBDS30
0.3,1.0,0.0,12.0,3.9988085180275723,2.9352883986519163,3.9639894375298783,0.18450208112488714,31,WBDS04 WBDS05 WBDS17 WBDS28 WBDS41
0.3,1.0,0.0,12.0,3.0154855788027732,3.0938888727204326,4.092490727938997,0.19951749484130216,31,WBDS09 WBDS13 WBDS14 WBDS18 WBDS22
0.3,2.0,0.0,12.0,2.7488262768233254,3.2602634626263134,4.236862713390229,0.2087021139834888,31,WBDS05 WBDS20 WBDS21 WBDS34 WBDS35
0.3,0.5,0.0,12.0,3.2604945752979355,3.1996505723671063,4.19069215981661,0.20479075076579645,31,WBDS02 WBDS06 WBDS20 WBDS28 WBDS34
0.4,0.5,2.0,5.0,2.9677190632136665,3.5095080574373845,5.016294241036909,0.2221736217915597,31,WBDS02 WBDS03 WBDS07 WBDS13 WBDS29
0.3,1.0,0.0,12.0,2.8990923993620648,3.112661966178611,4.095136364053326,0.19976906735655575,31,WBDS01 WBDS09 WBDS22 WBDS31 WBDS38
0.4,1.0,0.0,12.0,3.2198535867703546,3.0945665131969484,4.405177219803273,0.19618586605499136,31,WBDS07 WBDS16 WBDS17 WBDS25 WBDS36
0.3,1.0,0.0,12.0,3.098564833594904,3.0804889929152504,4.062946201698007,0.19631511845049676,31,WBDS02 WBDS05 WBDS15 WBDS19 WBDS38
0.3,1.0,0.0,12.0,2.7507294013248447,3.136591481991066,4.163117483426792,0.2025997126509144,31,WBDS05 WBDS21 WBDS24 WBDS30 WBDS35
0.3,1.0,0.0,12.0,2.694352572336995,3.145684518924591,4.234729247293712,0.20065732953302462,31,WBDS03 WBDS25 WBDS29 WBDS35 WBDS38
0.3,1.0,0.0,12.0,2.660013072198073,3.151223147979255,4.159912588999726,0.20198992293703122,31,WBDS11 WBDS18 WBDS30 WBDS31 WBDS38
0.3,2.0,0.0,12.0,2.9805599357648624,3.2228870660228393,4.170244529813263,0.20649973283315434,31,WBDS07 WBDS09 WBDS10 WBDS29 WBDS34
0.3,1.0,0.0,12.0,2.895802045746516,3.113192668374668,4.081515642269722,0.20045508714416976,31,WBDS02 WBDS05 WBDS12 WBDS19 WBDS31
0.4,1.0,0.0,12.0,2.976509219458656,3.133815604698835,4.323516948515364,0.19907930245291736,31,WBDS04 WBDS06 WBDS07 WBDS11 WBDS34
0.2,0.5,0.0,12.0,3.179680671198864,3.2166444082817143,4.078265989274973,0.20935039203334935,31,WBDS13 WBDS14 WBDS23 WBDS24 WBDS33
0.3,0.5,0.0,12.0,3.2393698603282055,3.203057784458998,4.197405690679131,0.20816510202253283,31,WBDS24 WBDS26 WBDS28 WBDS31 WBDS35
0.3,0.5,0.0,12.0,3.247857527878324,3.201688805821883,4.20905586755449,0.20560523969995212,31,WBDS12 WBDS13 WBDS23 WBDS28 WBDS36
0.3,0.5,0.0,12.0,2.8733335392195634,3.2620959007668433,4.349807909919171,0.2093524324713376,31,WBDS01 WBDS13 WBDS24 WBDS25 WBDS36
0.3,2.0,0.0,12.0,2.629010848478582,3.279588531714175,4.267337737629401,0.20841105778420763,31,WBDS03 WBDS17 WBDS21 WBDS30 WBDS35
0.3,1.0,0.0,12.0,3.2604167985420665,3.0543838372786114,4.0664355335372875,0.1934517539570006,31,WBDS01 WBDS29 WBDS30 WBDS38 WBDS41
0.3,1.0,0.0,12.0,2.9314935236234207,3.1074359783945216,4.1310001924411495,0.199831392089835,31,WBDS01 WBDS05 WBDS15 WBDS19 WBDS24
0.3,2.0,0.0,12.0,2.5676487737887688,3.2894856405351134,4.281974866346786,0.2119695814376564,31,WBDS18 WBDS24 WBDS29 WBDS31 WBDS33
0.3,0.5,0.0,12.0,3.0633173769943043,3.2314533462870463,4.241113394362454,0.2071306920793642,31,WBDS02 WBDS12 WBDS16 WBDS26 WBDS36
0.3,1.0,0.0,12.0,3.093529026079328,3.081301219933892,4.085477265019758,0.1976526110124634,31,WBDS05 WBDS06 WBDS07 WBDS13 WBDS19
0.4,1.0,0.0,12.0,2.706050132035556,3.177438038154174,4.441972740547227,0.20105440504587385,31,WBDS03 WBDS04 WBDS06 WBDS34 WBDS36
0.3,1.0,0.0,12.0,2.9890126139759663,3.0981587057570144,4.137278364325295,0.19923841543825385,31,WBDS09 WBDS13 WBDS21 WBDS34 WBDS35
0.3,0.5,2.0,5.0,3.2223041527476304,3.4408147780023683,4.886165516262939,0.22041064136799116,31,WBDS07 WBDS14 WBDS15 WBDS26 WBDS29
0.4,0.5,0.0,12.0,2.6393659593298815,3.363199230521384,4.581624316701569,0.21270475030945357,31,WBDS01 WBDS03 WBDS19 WBDS28 WBDS36
0.3,1.0,0.0,12.0,3.392861531153082,3.033021783631672,4.023691700644923,0.19237386914834326,31,WBDS16 WBDS19 WBDS30 WBDS35 WBDS41
0.3,2.0,0.0,12.0,2.753941924229608,3.259438358205945,4.226445253870917,0.2076604802616672,31,WBDS05 WBDS13 WBDS21 WBDS33 WBDS38
0.3,2.0,0.0,12.0,2.5889336129104725,3.286052601967096,4.235413723231683,0.20920764281602267,31,WBDS20 WBDS21 WBDS29 WBDS35 WBDS38
0.3,1.0,0.0,12.0,3.273128744268947,3.052333523451695,4.042993909953922,0.198486888893663,31,WBDS05 WBDS07 WBDS10 WBDS26 WBDS31
0.4,1.0,0.0,12.0,3.083697032379946,3.116527247776047,4.311050429733202,0.1983304668353471,31,WBDS02 WBDS04 WBDS08 WBDS14 WBDS25
0.3,1.0,0.0,12.0,3.154337445022592,3.0714934104269136,4.060053343985637,0.19665473396234645,31,WBDS01 WBDS02 WBDS10 WBDS13 WBDS38
0.3,0.5,0.0,12.0,2.9238455607217473,3.2539488005245563,4.221757671026542,0.20827642535122984,31,WBDS03 WBDS05 WBDS11 WBDS14 WBDS23
0.4,2.0,0.0,12.0,3.284694891242077,3.1767923660544994,4.309805129196228,0.20322235289078505,31,WBDS14 WBDS17 WBDS23 WBDS29 WBDS35
0.4,2.0,0.0,12.0,3.924315331959555,3.073627778842003,4.220429553357735,0.1930237193574303,31,WBDS04 WBDS17 WBDS19 WBDS23 WBDS41
0.3,1.0,0.0,12.0,2.5608501503102734,3.1672171676385776,4.170777507458558,0.2038209647766572,31,WBDS04 WBDS12 WBDS14 WBDS30 WBDS33
0.3,2.0,0.0,12.0,2.332393220968611,3.327430084538364,4.315339181441163,0.21185324922937737,31,WBDS01 WBDS03 WBDS18 WBDS22 WBDS33
0.3,1.0,0.0,12.0,3.511622447784201,3.0138667970782667,4.063716278846528,0.19085362101743902,31,WBDS08 WBDS22 WBDS24 WBDS36 WBDS41
0.3,0.5,0.0,12.0,2.8612942804038854,3.264037716704857,4.291630715225052,0.20642021323392218,31,WBDS08 WBDS11 WBDS28 WBDS35 WBDS36
0.3,1.0,0.0,12.0,2.8159347475557723,3.1260744906634974,4.125628897244431,0.20035219139920116,31,WBDS01 WBDS03 WBDS06 WBDS15 WBDS31
0.2,0.5,0.0,12.0,2.820788294037508,3.274530275565805,4.141957767593731,0.2096168252742572,31,WBDS02 WBDS03 WBDS06 WBDS25 WBDS30
0.3,1.0,0.0,12.0,2.922133988200585,3.1089455808820756,4.1487799966388135,0.1997386982585077,31,WBDS04 WBDS14 WBDS15 WBDS18 WBDS34
0.3,1.0,0.0,12.0,3.6094114993832336,2.998094369401003,3.939614892333376,0.18933041246168547,31,WBDS02 WBDS09 WBDS11 WBDS35 WBDS41
0.4,1.0,0.0,12.0,2.79799810037265,3.162607720680449,4.4068858625815865,0.20188799663461832,31,WBDS05 WBDS09 WBDS34 WBDS35 WBDS36
0.4,1.0,0.0,12.0,3.2621227967831112,3.087748898678762,4.321277918611,0.19618372884567178,31,WBDS01 WBDS09 WBDS17 WBDS23 WBDS36
0.4,0.5,0.0,12.0,3.2044097728943997,3.272063131559365,4.434796100622557,0.2085738043340113,31,WBDS02 WBDS05 WBDS16 WBDS28 WBDS34
0.4,1.0,0.0,12.0,2.965022508392285,3.135668300032121,4.343037301086802,0.20242721406160477,31,WBDS19 WBDS22 WBDS24 WBDS31 WBDS34
0.3,2.0,0.0,12.0,2.816971053210926,3.249272369660572,4.170686785893802,0.20653537315215295,31,WBDS01 WBDS02 WBDS10 WBDS11 WBDS18
0.3,1.0,0.0,12.0,3.6866189169463155,2.985641560116635,3.9670966584864114,0.18998079354459677,31,WBDS02 WBDS03 WBDS09 WBDS26 WBDS41
0.3,1.0,0.0,12.0,2.7982215946636044,3.128931450807395,4.155106357984753,0.20005402750445286,31,WBDS11 WBDS13 WBDS18 WBDS29 WBDS35
0.3,2.0,0.0,12.0,2.3858097425388456,3.3188145165431653,4.299091190072752,0.2110468590754433,31,WBDS05 WBDS08 WBDS18 WBDS29 WBDS33
0.3,1.0,0.0,12.0,2.5730847687741223,3.1652438420798923,4.195824873352406,0.20263525347581343,31,WBDS01 WBDS14 WBDS19 WBDS33 WBDS38
0.4,0.5,0.0,12.0,2.860924217498303,3.3274640275909935,4.547399293539761,0.2116061658078328,31,WBDS08 WBDS11 WBDS14 WBDS25 WBDS34
0.2,2.0,0.0,12.0,2.754247747919737,3.407616400447835,4.197257874655206,0.21625092419618738,31,WBDS02 WBDS17 WBDS18 WBDS20 WBDS38
0.3,1.0,0.0,12.0,3.0309082660920703,3.0914013425124813,4.095518832303378,0.19817515817462178,31,WBDS01 WBDS16 WBDS21 WBDS23 WBDS29
0.3,1.0,0.0,12.0,3.630667091465156,2.994666048097468,4.052946413225296,0.1926449724124379,31,WBDS17 WBDS21 WBDS23 WBDS24 WBDS28
0.4,0.5,2.0,5.0,3.353782572431242,3.4472397494990656,4.907272092430074,0.2176378655361307,31,WBDS02 WBDS04 WBDS10 WBDS13 WBDS16
0.3,2.0,0.0,12.0,2.7691807372432256,3.256980485139233,4.169948899715883,0.20650784637922262,31,WBDS01 WBDS02 WBDS04 WBDS21 WBDS29
0.3,2.0,0.0,12.0,3.127415571945316,3.1992006730905085,4.126735322859423,0.20299258163479542,31,WBDS11 WBDS16 WBDS21 WBDS23 WBDS38
0.3,2.0,0.0,12.0,2.9795956973935587,3.2230425883407916,4.150046412800303,0.20393286171357997,31,WBDS04 WBDS10 WBDS16 WBDS19 WBDS38
0.2,0.5,0.0,12.0,3.0467966083576443,3.238077321643202,4.042065211339503,0.20785205019233,31,WBDS04 WBDS06 WBDS23 WBDS30 WBDS35
0.3,1.0,0.0,12.0,3.085404959216087,3.0826115532989307,4.079778971144166,0.19659922649558043,31,WBDS04 WBDS05 WBDS09 WBDS13 WBDS38
0.4,1.0,0.0,12.0,3.039659949521746,3.123630003075756,4.328537217489035,0.20001418063384355,31,WBDS05 WBDS07 WBDS15 WBDS19 WBDS34
0.3,0.5,0.0,12.0,2.9119229542730816,3.2558718015646635,4.277061712641223,0.20907895709773305,31,WBDS03 WBDS13 WBDS16 WBDS18 WBDS26
0.3,2.0,0.0,12.0,2.8308909538107967,3.247027224402528,4.209215316656305,0.20632697835053926,31,WBDS07 WBDS09 WBDS17 WBDS19 WBDS33
0.4,2.0,0.0,12.0,2.856382217895578,3.245875055303934,4.360873947033778,0.20836395637105248,31,WBDS02 WBDS07 WBDS31 WBDS33 WBDS34
0.3,1.0,0.0,12.0,3.0422476984852276,3.089572401803907,4.063700677224285,0.197793526528374,31,WBDS02 WBDS11 WBDS13 WBDS30 WBDS35
0.3,1.0,0.0,12.0,3.121275619859586,3.0768259628725594,4.0875258216495896,0.19869292086525417,31,WBDS02 WBDS13 WBDS24 WBDS29 WBDS30
0.4,1.0,0.0,12.0,2.55732334670292,3.201426229336857,4.48141257044966,0.2036456998314728,31,WBDS03 WBDS21 WBDS34 WBDS35 WBDS36
0.3,0.5,0.0,12.0,3.0533207499844757,3.23306570548218,4.27905198402363,0.20734826281146201,31,WBDS08 WBDS20 WBDS24 WBDS25 WBDS28
0.3,2.0,0.0,12.0,2.7218368315028356,3.264616598968328,4.258576088949161,0.20617122938051852,31,WBDS01 WBDS03 WBDS11 WBDS17 WBDS35
0.4,0.5,2.0,5.0,2.7845573145735467,3.5390502749599846,5.0972913833794475,0.22490966153274874,31,WBDS01 WBDS07 WBDS24 WBDS29 WBDS36
0.2,2.0,0.0,12.0,2.6814921559477614,3.4193511733465405,4.20014350514841,0.21920724825967594,31,WBDS12 WBDS18 WBDS20 WBDS23 WBDS38
0.3,1.0,0.0,12.0,2.9928766854721998,3.0975354684189123,4.1048069630129955,0.19960229384408798,31,WBDS05 WBDS06 WBDS22 WBDS31 WBDS34
0.4,1.0,0.0,12.0,3.2101504799188305,3.0961315304310646,4.338881909066665,0.19779501969449903,31,WBDS14 WBDS17 WBDS22 WBDS25 WBDS35
0.3,1.0,0.0,12.0,3.503227544763166,3.0152208136945626,3.9884913419882317,0.19070727783382338,31,WBDS01 WBDS06 WBDS09 WBDS16 WBDS41
0.3,2.0,0.0,12.0,3.0809243027454754,3.2066992648969346,4.228091278581897,0.20466387761310478,31,WBDS01 WBDS13 WBDS17 WBDS20 WBDS34
0.3,2.0,0.0,12.0,3.3936528422493453,3.156259177880181,4.13921393656631,0.1998824517480984,31,WBDS15 WBDS20 WBDS21 WBDS33 WBDS41
0.3,1.0,0.0,12.0,2.8031099835516375,3.1281430009867446,4.143958884755674,0.19960182051069883,31,WBDS16 WBDS19 WBDS20 WBDS35 WBDS38
0.2,1.0,0.0,12.0,2.7566456171388647,3.2118546208306378,4.097802312666991,0.20746987521814822,31,WBDS20 WBDS26 WBDS30 WBDS33 WBDS38
0.3,1.0,0.0,12.0,2.9149217314760305,3.1101088480957135,4.076999228570439,0.20054062477106718,31,WBDS02 WBDS12 WBDS14 WBDS22 WBDS35
0.3,1.0,0.0,12.0,3.0900837742651377,3.081856905710374,4.120470365229441,0.19913524489674508,31,WBDS06 WBDS12 WBDS15 WBDS26 WBDS34
0.3,1.0,0.0,12.0,3.2914176094167713,3.0493837064923683,4.05017522866717,0.19430471091254245,31,WBDS03 WBDS12 WBDS23 WBDS33 WBDS41
0.2,0.5,0.0,12.0,3.0309721215546492,3.2406296582243304,4.13955634187684,0.20757224864993598,31,WBDS06 WBDS13 WBDS20 WBDS25 WBDS38
0.3,1.0,0.0,12.0,3.253181193689359,3.05555087031937,4.070748831340398,0.19564358474917865,31,WBDS10 WBDS11 WBDS13 WBDS18 WBDS28
0.4,1.0,0.0,12.0,2.621311307301905,3.191105590530569,4.415146167235655,0.20210558550860072,31,WBDS04 WBDS19 WBDS33 WBDS35 WBDS36
0.3,0.5,0.0,12.0,2.9028722647925234,3.25733159019056,4.323173991296854,0.20921069787395175,31,WBDS13 WBDS14 WBDS34 WBDS35 WBDS36
0.3,1.0,0.0,12.0,3.3408405988303023,3.0414122565869603,4.01946271241552,0.1973301774852532,31,WBDS10 WBDS15 WBDS20 WBDS26 WBDS31
0.3,2.0,0.0,12.0,2.9931735403944777,3.220852613663225,4.170408383915057,0.20562819089177667,31,WBDS10 WBDS14 WBDS15 WBDS17 WBDS33
0.3,1.0,0.0,12.0,2.915977464810843,3.1099385685255823,4.183392988079126,0.19993420689458863,31,WBDS07 WBDS19 WBDS20 WBDS24 WBDS36
0.2,1.0,0.0,12.0,3.015343029735173,3.1701292317022016,3.9847832475627887,0.20480009613578434,31,WBDS06 WBDS12 WBDS22 WBDS23 WBDS30
0.2,0.5,0.0,12.0,2.9849855680189785,3.2480468442784707,4.078638502412671,0.2116577097556993,31,WBDS05 WBDS14 WBDS26 WBDS30 WBDS31
0.3,2.0,0.0,12.0,3.2858418330891164,3.1736480503253794,4.173938568296474,0.20124566201496108,31,WBDS15 WBDS17 WBDS22 WBDS25 WBDS38
0.3,2.0,0.0,12.0,2.7727510061045195,3.2564046353228955,4.197188376765735,0.20841993749392954,31,WBDS04 WBDS12 WBDS14 WBDS15 WBDS18
0.3,1.0,0.0,12.0,2.8322402072536352,3.123444577809003,4.140977639865616,0.20044268386693356,31,WBDS02 WBDS03 WBDS08 WBDS12 WBDS26
0.3,1.0,0.0,12.0,3.955188171533215,2.9423239384090714,3.8978729814149444,0.1889594810167702,31,WBDS07 WBDS10 WBDS14 WBDS23 WBDS41
0.3,1.0,0.0,12.0,3.331257474391402,3.0429579218190406,4.018712382864525,0.19352525708105564,31,WBDS02 WBDS04 WBDS09 WBDS28 WBDS38
0.3,1.0,0.0,12.0,3.635365186401419,2.9939082908496832,4.0039965543657,0.19075528494494295,31,WBDS03 WBDS15 WBDS20 WBDS26 WBDS41
0.4,1.0,0.0,12.0,3.5832667477629974,3.035951487230393,4.253755161905198,0.1928049770842812,31,WBDS03 WBDS14 WBDS28 WBDS34 WBDS41
0.4,1.0,0.0,12.0,2.964914626480143,3.1356857003405305,4.348931411156502,0.19906518393639352,31,WBDS04 WBDS11 WBDS13 WBDS25 WBDS33
0.4,2.0,0.0,12.0,3.614218651505786,3.1236433724635786,4.286226222498994,0.19553602635646714,31,WBDS01 WBDS11 WBDS17 WBDS22 WBDS41
0.3,1.0,0.0,12.0,2.552245513898938,3.168605012221051,4.2224354395988595,0.2019179404660465,31,WBDS03 WBDS16 WBDS18 WBDS19 WBDS29
0.4,2.0,0.0,12.0,2.8501706156399407,3.2468769266354887,4.397581623505033,0.20661621984184692,31,WBDS04 WBDS10 WBDS16 WBDS18 WBDS34
0.4,2.0,0.0,12.0,2.951642688520807,3.230510463267607,4.382008228562341,0.20632712508617274,31,WBDS10 WBDS17 WBDS29 WBDS31 WBDS34
0.3,1.0,0.0,12.0,2.99977394931513,3.096423006508762,4.090513184197417,0.1993259343935674,31,WBDS02 WBDS06 WBDS12 WBDS16 WBDS24
0.3,0.5,0.0,12.0,2.887970215782932,3.2597351464824293,4.275113330091582,0.20734841675728216,31,WBDS06 WBDS08 WBDS14 WBDS22 WBDS36
0.3,1.0,0.0,12.0,2.9992491163642145,3.096507656984716,4.10139264396312,0.19917128849580215,31,WBDS04 WBDS18 WBDS28 WBDS30 WBDS31
0.3,2.0,0.0,12.0,2.9064207731912077,3.2348449954702034,4.154066352339183,0.2068693324738881,31,WBDS07 WBDS08 WBDS22 WBDS29 WBDS31
0.3,1.0,0.0,12.0,3.6726507002775306,2.98789449828902,4.0181395454075455,0.19018597587791494,31,WBDS07 WBDS15 WBDS29 WBDS34 WBDS41
0.3,2.0,0.0,12.0,2.6895665401380553,3.2698214846723244,4.198771339020714,0.20733051508224687,31,WBDS04 WBDS19 WBDS20 WBDS21 WBDS29
0.3,1.0,0.0,12.0,3.571096391753598,3.004274225470299,4.020994360554649,0.19079968794844346,31,WBDS07 WBDS11 WBDS24 WBDS38 WBDS41
0.3,1.0,0.0,12.0,3.6739605989224744,2.9876832243140288,4.020966619925781,0.18982327315394212,31,WBDS07 WBDS15 WBDS34 WBDS38 WBDS41
0.3,2.0,0.0,12.0,2.7516465608751526,3.2598085781018256,4.218292854897917,0.20804668862567938,31,WBDS09 WBDS15 WBDS21 WBDS33 WBDS34
0.4,0.5,2.0,8.0,3.1969891437522007,3.3579732628814423,4.627794358001211,0.21338403551229942,31,WBDS05 WBDS13 WBDS15 WBDS16 WBDS29
0.3,1.0,0.0,12.0,3.5179750182914886,3.01284218893193,3.9816103802618024,0.19083327419304458,31,WBDS05 WBDS06 WBDS11 WBDS14 WBDS41
0.3,0.5,0.0,12.0,2.783415726894184,3.276598773722551,4.309904554113008,0.2099650027363772,31,WBDS01 WBDS16 WBDS26 WBDS30 WBDS36
0.3,2.0,0.0,12.0,2.8429324061713523,3.2450850546669545,4.2526676304962,0.20556195081471934,31,WBDS08 WBDS13 WBDS17 WBDS18 WBDS38
0.3,1.0,0.0,12.0,3.0535640083293503,3.087747190538726,4.109487759926433,0.1967997089695338,31,WBDS01 WBDS08 WBDS10 WBDS28 WBDS38
0.3,1.0,0.0,12.0,2.9599896617477888,3.1028398270841397,4.061638102034663,0.19723570253502232,31,WBDS02 WBDS08 WBDS09 WBDS11 WBDS20
0.3,2.0,0.0,12.0,2.9905423453038034,3.221276999968172,4.1323724683031005,0.20464736879026593,31,WBDS10 WBDS11 WBDS15 WBDS30 WBDS38
0.2,0.5,0.0,12.0,2.806075357459213,3.276903329852626,4.107883848361485,0.21023952580100533,31,WBDS08 WBDS09 WBDS14 WBDS16 WBDS30
0.4,1.0,0.0,12.0,3.1806357522383273,3.1008919703795326,4.259592686221769,0.19797977566514277,31,WBDS02 WBDS05 WBDS21 WBDS28 WBDS35
0.3,0.5,0.0,12.0,3.902356161004721,3.0961245101563346,4.068741686895424,0.1956016966710006,31,WBDS04 WBDS16 WBDS25 WBDS28 WBDS41
0.3,1.0,0.0,12.0,3.123713357848625,3.0764327793259407,4.114006579816538,0.197985586078595,31,WBDS04 WBDS07 WBDS24 WBDS28 WBDS33
0.4,2.0,0.0,12.0,2.9205666904954715,3.235522721013629,4.40424456012868,0.20407974630786374,31,WBDS04 WBDS05 WBDS11 WBDS17 WBDS34
0.3,1.0,0.0,12.0,2.7850172916324816,3.1310611771027377,4.1500087658467075,0.20127503801941332,31,WBDS02 WBDS08 WBDS18 WBDS24 WBDS35
0.3,1.0,0.0,12.0,3.1383369390881297,3.0740741371905362,4.074561801884048,0.198580568202009,31,WBDS05 WBDS22 WBDS26 WBDS31 WBDS38
0.4,2.0,0.0,12.0,3.251141526736176,3.1822041990393215,4.3484817662821635,0.20116912691013095,31,WBDS02 WBDS11 WBDS17 WBDS20 WBDS25
0.3,1.0,0.0,12.0,3.2249328156973647,3.060107060318079,4.064430745575278,0.19318086710902244,31,WBDS05 WBDS08 WBDS19 WBDS33 WBDS41
0.3,2.0,0.0,12.0,2.850066252800385,3.2439344342429166,4.159963386810795,0.20496295326052497,31,WBDS01 WBDS04 WBDS11 WBDS15 WBDS21
0.3,2.0,0.0,12.0,3.3090972754710593,3.1698971725218406,4.09858710670537,0.20144319711768913,31,WBDS09 WBDS11 WBDS17 WBDS20 WBDS23
0.2,1.0,0.0,12.0,3.4049153904431364,3.1072949799751104,3.9714907738600154,0.19790695936351382,31,WBDS14 WBDS20 WBDS21 WBDS38 WBDS41
0.3,2.0,0.0,12.0,2.9870375889369027,3.221842283253156,4.155960576417792,0.20697593112267743,31,WBDS06 WBDS07 WBDS10 WBDS21 WBDS24
0.3,1.0,0.0,12.0,2.882883175266275,3.115276357161803,4.094772916020389,0.19973431945713177,31,WBDS04 WBDS05 WBDS10 WBDS30 WBDS35
0.2,1.0,0.0,12.0,2.6577269348514885,3.2278092470060216,4.078953614087556,0.20708578571373581,31,WBDS01 WBDS06 WBDS09 WBDS12 WBDS29
0.3,1.0,0.0,12.0,2.9819130751156786,3.099303792669964,4.178402391545838,0.19958762453532308,31,WBDS08 WBDS13 WBDS21 WBDS24 WBDS34
0.3,1.0,0.0,12.0,3.032756085772158,3.0911033070802088,4.127025650240011,0.19831088744387995,31,WBDS02 WBDS10 WBDS18 WBDS25 WBDS29
0.3,1.0,0.0,12.0,3.1237234904068343,3.0764311450423585,4.080959103978393,0.19750283015734027,31,WBDS04 WBDS05 WBDS16 WBDS20 WBDS26
0.3,1.0,0.0,12.0,3.6732308242397487,2.987800929908017,3.967029202146141,0.1886631611505773,31,WBDS07 WBDS11 WBDS15 WBDS19 WBDS41
0.4,0.5,0.0,12.0,2.7310166153302977,3.3484168666503495,4.611028518921323,0.21287066930478918,31,WBDS01 WBDS16 WBDS25 WBDS34 WBDS36
0.3,2.0,0.0,12.0,2.9232203439271944,3.2321353872869794,4.131095124272849,0.20474180029512762,31,WBDS02 WBDS08 WBDS11 WBDS12 WBDS15
0.2,1.0,0.0,12.0,3.3724197734781654,3.112536208517848,3.9658140717607937,0.19780805062878604,31,WBDS03 WBDS09 WBDS12 WBDS15 WBDS41
0.3,2.0,0.0,12.0,2.5914569422491462,3.285645613364084,4.23111814255774,0.21068108425053386,31,WBDS01 WBDS03 WBDS10 WBDS12 WBDS31
0.3,1.0,0.0,12.0,3.2619793337733425,3.0541318154671155,4.059148992554074,0.19646680038051229,31,WBDS02 WBDS13 WBDS22 WBDS24 WBDS38
0.3,1.0,0.0,12.0,2.474419033406632,3.1811576703649713,4.235741136691481,0.20428383121314167,31,WBDS03 WBDS13 WBDS18 WBDS30 WBDS33
0.3,1.0,0.0,12.0,2.8931893873533285,3.1136140648896977,4.0819240084017405,0.20034492115498906,31,WBDS10 WBDS11 WBDS30 WBDS31 WBDS35
0.4,2.0,0.0,12.0,2.6862299192654104,3.273318974437832,4.424689817256855,0.20883148185840184,31,WBDS04 WBDS14 WBDS29 WBDS33 WBDS34
0.3,0.5,0.0,12.0,3.0922212230843797,3.2267914356273573,4.253678889056052,0.20749470894447788,31,WBDS01 WBDS15 WBDS25 WBDS26 WBDS35
0.3,2.0,0.0,12.0,2.748971500491773,3.2602400394539837,4.212182356708201,0.20895874306654946,31,WBDS02 WBDS04 WBDS12 WBDS18 WBDS24
0.4,1.0,0.0,12.0,2.9159083635081933,3.1435899363037483,4.344526918877814,0.2001597697828784,31,WBDS11 WBDS15 WBDS29 WBDS34 WBDS35
0.3,0.5,0.0,12.0,2.915680923770453,3.2552656774521846,4.275954951076253,0.20653015763421842,31,WBDS06 WBDS08 WBDS11 WBDS26 WBDS36
0.4,0.5,2.0,8.0,2.9045373819574687,3.4051429018805925,4.726214553857837,0.2164500539869519,31,WBDS06 WBDS07 WBDS14 WBDS19 WBDS36
0.4,2.0,0.0,12.0,3.1429653017258525,3.1996519772667935,4.354006715706509,0.20329461293347492,31,WBDS09 WBDS10 WBDS16 WBDS17 WBDS34
0.3,1.0,0.0,12.0,2.9810273426896483,3.0994466527386786,4.125700838542949,0.20017319264238057,31,WBDS23 WBDS29 WBDS30 WBDS34 WBDS35
0.3,0.5,2.0,5.0,3.0887541293316736,3.462355104359781,4.90761664667995,0.2195519468828024,31,WBDS02 WBDS09 WBDS11 WBDS16 WBDS24
0.3,0.5,0.0,12.0,2.8631517892660097,3.2637381185012884,4.262431353657807,0.20814576074182797,31,WBDS06 WBDS09 WBDS14 WBDS16 WBDS36
0.3,1.0,0.0,12.0,3.1103908782216108,3.0785815663625558,4.089619535041904,0.1980011456079167,31,WBDS06 WBDS19 WBDS20 WBDS23 WBDS34
0.3,1.0,0.0,12.0,2.525490713672148,3.1729203025802106,4.290147380057686,0.20432122854776466,31,WBDS03 WBDS18 WBDS24 WBDS25 WBDS33
0.3,2.0,0.0,12.0,2.9897956108437627,3.221397441010114,4.135792708194598,0.2048541941938071,31,WBDS02 WBDS04 WBDS14 WBDS29 WBDS38
0.3,0.5,0.0,12.0,4.055844064031459,3.071368396764925,4.022380236739928,0.19564673766077018,31,WBDS16 WBDS23 WBDS25 WBDS28 WBDS41
0.3,1.0,0.0,12.0,2.3492582397725585,3.201344895144661,4.23758489457551,0.20529779682593555,31,WBDS01 WBDS18 WBDS19 WBDS30 WBDS33
0.3,1.0,0.0,12.0,3.6597847634625302,2.9899696493882133,4.014194636296496,0.19036404189785425,31,WBDS13 WBDS20 WBDS31 WBDS36 WBDS41
0.3,1.0,0.0,12.0,3.1625038703810833,3.0701762450465115,4.029478943730959,0.19767419226000132,31,WBDS02 WBDS05 WBDS21 WBDS23 WBDS30
0.3,2.0,0.0,12.0,2.6660627145965154,3.273612424275799,4.199219943134852,0.20765819651597692,31,WBDS04 WBDS08 WBDS09 WBDS12 WBDS29
0.4,1.0,0.0,12.0,3.541276572472564,3.0427240961482043,4.252258677582166,0.19465082691334815,31,WBDS05 WBDS13 WBDS17 WBDS28 WBDS31
0.3,1.0,0.0,12.0,3.1064343342019116,3.0792197186237975,4.089391006285531,0.19715503935180276,31,WBDS06 WBDS13 WBDS15 WBDS16 WBDS18
0.4,0.5,2.0,5.0,3.000937284793765,3.504150279763175,5.027650221454109,0.22111038929146024,31,WBDS10 WBDS16 WBDS22 WBDS29 WBDS36
0.4,1.0,0.0,12.0,2.9141599361730255,3.1438719407126463,4.331733422322943,0.20233107639335188,31,WBDS04 WBDS14 WBDS31 WBDS34 WBDS35
0.3,2.0,0.0,12.0,3.041991076498392,3.2129788175174325,4.2150086588631615,0.20484264798711646,31,WBDS08 WBDS16 WBDS17 WBDS24 WBDS30
0.3,2.0,0.0,12.0,2.6986582772617815,3.26835507545882,4.20276334529095,0.2078385585335279,31,WBDS01 WBDS04 WBDS05 WBDS20 WBDS21
0.3,2.0,0.0,12.0,2.5524656765058373,3.29193452719365,4.239270643791823,0.20957419547800168,31,WBDS04 WBDS07 WBDS18 WBDS21 WBDS29
0.3,2.0,0.0,12.0,2.596367756197739,3.2848535465981823,4.285829048846751,0.20910902622141253,31,WBDS03 WBDS07 WBDS17 WBDS18 WBDS20
0.3,1.0,0.0,12.0,3.038560398405615,3.0901671276232,4.095964632693368,0.20014807108054702,31,WBDS14 WBDS21 WBDS22 WBDS26 WBDS30
0.3,1.0,0.0,12.0,3.5014556778008865,3.0155065986884786,4.067425662532993,0.19019673339835264,31,WBDS03 WBDS08 WBDS15 WBDS25 WBDS41
0.3,1.0,0.0,12.0,2.858996393592214,3.1191290638834253,4.143299275384533,0.20025381088292638,31,WBDS02 WBDS18 WBDS20 WBDS31 WBDS36
0.3,2.0,0.0,12.0,3.418920561070236,3.152183739360683,4.169464033463317,0.1981446618579341,31,WBDS04 WBDS12 WBDS17 WBDS38 WBDS41
0.3,0.5,0.0,12.0,3.285122300387782,3.1956783586429376,4.145382854183829,0.2056292844036947,31,WBDS02 WBDS14 WBDS16 WBDS28 WBDS31
0.4,2.0,0.0,12.0,4.132974782867063,3.0399730286956306,4.157799285571264,0.19182739491017622,31,WBDS02 WBDS09 WBDS17 WBDS23 WBDS41
0.3,1.0,0.0,12.0,2.934761791698386,3.1069088383824304,4.082946323979879,0.19789579494971626,31,WBDS01 WBDS02 WBDS11 WBDS16 WBDS20
0.3,1.0,0.0,12.0,3.1618487917445153,3.0702819028911192,4.066628636960936,0.19757611546188117,31,WBDS07 WBDS16 WBDS23 WBDS30 WBDS38
0.3,1.0,0.0,12.0,3.09316025225254,3.0813606995833736,4.079901246869536,0.19988480834668282,31,WBDS02 WBDS07 WBDS14 WBDS24 WBDS35
0.2,1.0,0.0,12.0,3.3239107626186124,3.120360242527453,3.965739371342434,0.19927089393793568,31,WBDS05 WBDS20 WBDS30 WBDS35 WBDS41
0.3,2.0,0.0,12.0,3.010038665397577,3.2181324322111116,4.169588786661118,0.2046101800471831,31,WBDS07 WBDS08 WBDS15 WBDS17 WBDS30
0.3,1.0,0.0,12.0,3.429868842239869,3.027052862488643,4.0203643177712625,0.1921616300800589,31,WBDS07 WBDS19 WBDS22 WBDS33 WBDS41
0.3,1.0,0.0,12.0,3.055548237718344,3.0874271535405016,4.080814350670041,0.19868325603750292,31,WBDS02 WBDS07 WBDS13 WBDS20 WBDS33
0.3,1.0,0.0,12.0,2.9803914465440435,3.0995492166331307,4.121261047327361,0.199208868341008,31,WBDS07 WBDS11 WBDS16 WBDS24 WBDS35
0.3,2.0,0.0,12.0,3.0038758659964997,3.219126432114511,4.178767729857556,0.20478570565000734,31,WBDS10 WBDS14 WBDS17 WBDS19 WBDS38
0.4,1.0,0.0,12.0,3.4634531727228732,3.055276257398155,4.3008307518628905,0.19142115590551143,31,WBDS11 WBDS19 WBDS25 WBDS36 WBDS41
0.3,1.0,0.0,12.0,2.8903221146849205,3.114076528223312,4.159991498925512,0.19967445925207833,31,WBDS16 WBDS26 WBDS29 WBDS33 WBDS38
0.3,1.0,0.0,12.0,2.352249117237793,3.200862495553494,4.2487081474649795,0.20455483345716907,31,WBDS01 WBDS03 WBDS29 WBDS33 WBDS35
0.3,2.0,0.0,12.0,2.797529373272852,3.252408124489293,4.235454668957146,0.20563339688163126,31,WBDS04 WBDS07 WBDS21 WBDS36 WBDS38
0.4,1.0,0.0,12.0,3.5609967978056396,3.0395434146428695,4.282346652487653,0.19424529774030386,31,WBDS15 WBDS17 WBDS22 WBDS25 WBDS26
0.3,1.0,0.0,12.0,3.091090107775773,3.08169459385382,4.084714559119901,0.19866661136477284,31,WBDS01 WBDS07 WBDS10 WBDS13 WBDS20
0.4,1.0,0.0,12.0,3.2600014926566248,3.0880910445056142,4.275865438384672,0.19865272778437656,31,WBDS13 WBDS14 WBDS15 WBDS22 WBDS34
0.4,1.0,0.0,12.0,2.963257489971908,3.135952980422504,4.388255281685514,0.2017579365124691,31,WBDS01 WBDS18 WBDS23 WBDS25 WBDS34
0.3,0.5,0.0,12.0,2.875880421596255,3.2616851132867324,4.297796022049185,0.2096443799746565,31,WBDS03 WBDS20 WBDS26 WBDS31 WBDS36
0.3,1.0,0.0,12.0,3.632338048097482,2.9943965389632217,4.028802271335836,0.18885274580516162,31,WBDS01 WBDS16 WBDS17 WBDS20 WBDS41
