subject,trial,speed,mass,n,lab_ok,fy_rmse_pctBW,imu_insole_stance,imu_insole_ds,imu_insole_ankle,imu_insole_knee,imu_insole_hip,imu_plate_stance,imu_plate_ds,imu_plate_ankle,imu_plate_knee,imu_plate_hip,lab_insole_stance,lab_insole_ds,lab_insole_ankle,lab_insole_knee,lab_insole_hip,lab_plate_stance,lab_plate_ds,lab_plate_ankle,lab_plate_knee,lab_plate_hip
Subj04,walk_09,0.25,75.2,6353,True,6.654086841046407,1.8137750816477536,1.8724413713877222,0.20432010628311775,0.16678179121357012,0.35127705485064076,1.537780801001596,1.805346081422886,0.041921493063466445,0.07583461365303754,0.22607130436972006,1.5437272313144288,1.7422043077575933,0.2192153100816221,0.2154103919459161,0.2441134011436023,1.8373491239662267,2.0426504891606116,0.0419786664587141,0.06905747620774651,0.1306751624873189
Subj04,walk_18,0.5,75.2,5984,True,7.0556264220208895,1.9675275495881748,2.1206385153122826,0.1911428047073104,0.18692843245326726,0.37784258719562297,1.399820412307312,1.726894723886404,0.055720681712490436,0.06920879388438513,0.2417103638981162,1.7553997530299892,2.048480611906973,0.21394450550970612,0.2161586128516804,0.2552939163668936,1.8172125349369588,2.0302170189560993,0.04472332500350991,0.06804619567843412,0.12410353610866645
Subj04,walk_27,0.75,75.2,6171,True,8.156870339552942,2.5761800282008727,3.132476360614032,0.17223354880948058,0.21171511934206635,0.40224379762208545,1.6767469210605719,2.1154605918181755,0.0667261637861331,0.08230249131788975,0.2620534826213404,2.4614513236880087,3.2175170182399206,0.198288450460677,0.22298363135250487,0.2879328585491306,2.1804083434812287,2.636082374119604,0.048800531214791776,0.08681313081312647,0.15360150071976522
Subj04,walk_36,1.0,75.2,6868,True,8.222655273993404,3.619401295311062,4.420802137299412,0.19301280710797197,0.27743241995031315,0.4549204916602577,2.44864937598211,3.029485626463383,0.07264116257401886,0.11338599334289574,0.29043315132626707,3.1754610905665834,4.252406686886622,0.21605377728311737,0.2698935138280862,0.3440275383769701,2.622394077704732,3.185164610903129,0.05086968889218545,0.10541471763600195,0.1865348451603928
Subj04,walk_45,1.25,75.2,6796,True,9.69758644764055,4.285709814500932,5.860740093308454,0.18977901853256413,0.3223178665328875,0.5425792508068923,2.2882164776574005,2.8455348159875924,0.06835026696203945,0.12713948825842453,0.3393209992081569,4.416190759412742,6.321979456954664,0.20437748896675334,0.27932078551103523,0.3652065662447024,2.7354193697481635,3.305562861735614,0.05322350651924231,0.10672174154443118,0.18900167890334194
Subj04,walk_54,1.5,75.2,6635,True,9.524308842565466,4.924874378396357,6.5493352110451335,0.22071043893176884,0.3627294247923212,0.6188690027490799,3.0643459242410045,3.7580947643967284,0.08722070167977437,0.16984390709222932,0.3965291923588744,5.025947220515423,7.169869227115197,0.22494455812915892,0.319070727514054,0.4432935110007395,3.5231732058273693,4.405862116446801,0.06356819008573347,0.14506875325295315,0.25089558347414503
Subj05,walk_09,0.25,65.1,6013,True,5.883413807369431,2.235808321234185,2.149417085140424,0.1363821431378355,0.16829340935371123,0.3819776681012539,1.545340611315046,1.6283898372292456,0.05998733932423197,0.07363252718352241,0.2832718317915429,1.6755615956617491,1.7308991970011043,0.19200618131018854,0.18694964183464818,0.19025620557568385,1.4860039184570373,1.6375155490429303,0.02741245506836783,0.06327572634239476,0.1178123822990487
Subj05,walk_18,0.5,65.1,7305,True,8.097786949039463,2.244472119166991,2.294433143815815,0.16377173063923153,0.18106013175467583,0.3975034073085459,1.6587453500304674,1.9281526477083095,0.051363335434136334,0.07776097006761978,0.30398016270833345,2.0034387677248726,2.295023853953125,0.2062398050148859,0.193620932618917,0.2228200217662685,1.7570849019039765,2.096026742718535,0.02586710838088586,0.06727730359292022,0.12814144570671432
Subj05,walk_27,0.75,65.1,5826,True,8.449703893735494,2.7167062560323028,3.221906259872755,0.14719884743525122,0.23016843185349273,0.4231249455047484,1.7917543621318683,2.217240854401984,0.05298589496582056,0.08578791833780386,0.31350479038894496,2.696175035736569,3.5056978260128,0.19179819741711193,0.21718494543479544,0.2528386979668937,2.0412990944757947,2.6131590384064536,0.03074287327429359,0.07620055025287586,0.1435527129448182
Subj05,walk_36,1.0,65.1,8136,True,7.966237200475228,3.2581998312985623,4.02057027463532,0.12992847744741629,0.23910538027164935,0.4414811569564215,2.269860800324017,2.9150059975580915,0.06005006098565641,0.10537423877913632,0.3213533122977171,2.9642427231428248,4.158746734062039,0.1755446258073522,0.22238774376318535,0.29707128627008506,2.4486620094819824,3.4463152166289586,0.038039051053900576,0.09438745727958155,0.17318148182626672
Subj05,walk_45,1.25,65.1,6088,True,8.520765460419733,4.445012413237159,5.896296473822456,0.10669577883525565,0.28403915804657087,0.520459586047802,3.401277574982105,4.516593046284342,0.0776991665897707,0.16045400626960077,0.39121731596254866,4.0807355638338105,6.053510005552893,0.1580118436132835,0.23631633209776756,0.3296920031156371,3.076876186191219,4.532417529300015,0.04580185072016358,0.1207628832682829,0.21830927672015749
Subj05,walk_54,1.5,65.1,6138,True,11.102227398957712,4.702782369185706,6.002685505994453,0.12437602856064194,0.35372454836858147,0.6092298800656764,3.846029482359156,5.184796622198944,0.09414437394045194,0.18989759259959638,0.4320980485626984,4.081523105548802,5.9557739675116945,0.19075329745301703,0.30105524943427114,0.4263677162231668,3.6096212528343568,5.481902845047694,0.056805250966884,0.14305905428194532,0.2549579878085749
Subj06,walk_09,0.25,56.0,5898,True,12.962181902874606,1.8583241014379754,1.871022448835323,0.20901360078688866,0.1489469987904295,0.25421906959329776,1.2543231617385993,1.2319145370917624,0.020839100822021946,0.032460366718440645,0.18625770094932018,1.2819505784936618,1.4833133820478615,0.19456315464549845,0.16632522577084907,0.1629105331239308,1.173474651487814,1.25250388218904,0.02186282907877968,0.03695383756107747,0.07549093509805745
Subj06,walk_18,0.5,56.0,7753,True,11.37381943627603,2.0077491933895555,2.1782835375343126,0.19935470827255503,0.11309393410914201,0.22746441464531128,1.3558755210402433,1.4096332536248473,0.023947139152056422,0.04910501078401764,0.16160658048928006,2.156833136228084,2.682578978816829,0.17876774427349015,0.15634709666629476,0.1910355590345105,1.6448983301385296,2.0266914984150293,0.025401999497479583,0.059133547662541586,0.11301915242811118
Subj06,walk_27,0.75,56.0,5954,True,9.275608221874093,2.699119046492119,3.294782764682138,0.1653140061542697,0.11735012551055198,0.239377898518363,1.6613100450827962,1.8688823606721128,0.026527713526012114,0.07504082897840969,0.1733535552151172,3.294065207228823,4.275854350699979,0.1500281444132342,0.17968408459226948,0.2475345838807222,2.4969172895303693,3.188316502858586,0.0338124369143262,0.09344003533210152,0.17494122086256908
Subj06,walk_36,1.0,56.0,6097,True,11.03296723272112,4.294199257971587,5.6347188041706815,0.16128973400718005,0.17227473445846622,0.2873331779656845,2.361931249273623,2.901397653924214,0.05251026458210292,0.11665358195903978,0.2262596064142954,5.014297745666075,6.724805000364534,0.16182043229541623,0.22853538322472053,0.3010155721667783,3.137233612883798,4.056497977890444,0.050816071896390036,0.12264882871755942,0.22237631378990494
Subj06,walk_45,1.25,56.0,5904,True,12.442771973939383,4.879365632933201,6.713343951901691,0.17662087456873082,0.2458137693259142,0.36452254643312343,2.703880288086603,3.5358396822492515,0.05128786420659132,0.12965329872135112,0.24721293503238623,5.2459498030992275,7.321160453435618,0.1775911641969639,0.3021668156205278,0.3805028311059732,3.506520908185029,4.694293674233924,0.04344138229936907,0.13108127731952368,0.23983287074172752
Subj06,walk_54,1.5,56.0,5888,True,12.522890474177208,5.707038562795377,7.625332258301708,0.2971204798151408,0.3029507814004996,0.46151235732267315,3.441543469708448,4.473419172538472,0.12717583801836496,0.19537596271707783,0.3437195585931327,6.226341929177708,8.506374247696884,0.308857805746176,0.33479228922897064,0.43844318111413244,4.247705370268094,5.596864307806735,0.11095851075545568,0.18969675768765173,0.31258195030619945
Subj07,walk_09,0.25,80.8,5984,True,9.908883350970997,1.0107839816297814,1.1596518967549287,0.15787590162922802,0.08546882894801046,0.34326011370527687,1.4279939332367684,1.6575624124115065,0.0317686485050703,0.09343166612221766,0.2895742068084603,1.1302683034561554,1.3001734241442333,0.15462925281479165,0.09842730922204575,0.16312992419916642,1.5221682977566067,1.6942172581095132,0.0422508587338006,0.05516086887024223,0.10331796425440921
Subj07,walk_18,0.5,80.8,5976,True,11.550390062814847,1.560220759966864,2.0113506659686995,0.16448783387563876,0.11972936239805376,0.38865131938053094,1.6787647562078853,2.0835334747330996,0.03698775638127439,0.09760444757088409,0.32808353544292873,1.5309832242050283,1.8898848147435354,0.16005166745189667,0.12021254011268198,0.19978386818907848,1.730581627912438,2.063086148008478,0.04452574748144519,0.06398100817066284,0.11596033744042787
Subj07,walk_27,0.75,80.8,5908,True,11.337958463309253,2.0981660420049653,2.8487957816569556,0.17013145722102102,0.14663072479708358,0.4387452649544533,1.8727954028959197,2.242869428246471,0.027692009612444696,0.08085378231071845,0.3672622522250615,1.9703421165099322,2.656992091124904,0.14499833308703336,0.1430100041490604,0.24548841209845068,1.9425792964834057,2.4698298397826375,0.046342161546841176,0.07097887828419362,0.128333872370658
Subj07,walk_36,1.0,80.8,5918,True,11.515842495657173,2.4614085414350235,3.3231427338087136,0.18530564972833966,0.20071653445446294,0.468442994349842,2.082218957310094,2.50000702739722,0.03798275022236706,0.09615919438331677,0.36777740284842664,2.282777881333096,2.9992729405351053,0.14998582250780962,0.1859514022138157,0.29923924811965574,2.2651097996428002,2.7355715598661625,0.047556700687424895,0.08117843446727235,0.15004343535993112
Subj07,walk_45,1.25,80.8,6028,True,10.898662497969868,3.0711689227416508,4.015925682582211,0.18925374979687057,0.3179248804499154,0.6082390728119232,2.618926658656301,3.141944988195976,0.06434173108229527,0.1790162938705601,0.47660467209039037,2.8438453213344514,3.5790961866740973,0.14230670087987493,0.24703598510567293,0.37865397723006755,2.8309641865701765,3.1191390159730807,0.05439037821179928,0.10538395114697278,0.1929714499485326
Subj07,walk_54,1.5,80.8,6186,True,11.020044246454345,3.4722974570418823,4.664928376058711,0.187628487236205,0.35127429013349426,0.6818402757159803,2.839815889372916,3.4589561580186428,0.08382317818020094,0.1968389905738142,0.5099119061321311,3.469007705961361,4.65355608785053,0.14766037496880044,0.2785668050998878,0.41618414424116584,3.0214661019972926,3.2489074970609875,0.06247732776574585,0.11742066120600025,0.2080647575159185
Subj08,walk_09,0.25,61.5,6016,True,6.178069949221209,3.9386878867165787,4.491179342193509,0.3390917027196554,0.3451168277504051,0.48911224817671894,3.684262763317493,4.220552713298624,0.3071197153580428,0.3715861213222958,0.5102136130444855,1.835786315035604,2.2465385966037914,0.09058736371844114,0.11329220104453606,0.13311449788699886,1.5768864665754139,1.770162762869731,0.02619230045142691,0.04637788414917235,0.09288622566606289
Subj08,walk_18,0.5,61.5,6152,True,5.590996004029042,5.2747075226601465,5.377751773016464,0.30687688480616143,0.37604590239875246,0.5177203081540699,5.02829553619182,5.136903077437102,0.273682908277493,0.42004629627756435,0.5475971883185695,1.877300606670851,2.4071139045294876,0.09700719058624097,0.11526008844991885,0.15668085835380535,1.7421271263802052,2.0738840568263,0.029758362859816284,0.05440750347898377,0.10285076509803401
Subj08,walk_27,0.75,61.5,5904,True,8.743032316172231,6.751512295133542,6.337804046495512,0.42919633987491695,0.3747686604519917,0.5678828659175658,6.528989943573881,6.041901575134691,0.4173089847225058,0.39170891380744655,0.5624331296086221,2.909883553003996,3.7744867608946593,0.0932470068318359,0.15716489467356332,0.1907666458807426,2.134910964579247,2.473417156204219,0.032053061805184656,0.0674789481184687,0.1265572446408728
Subj08,walk_36,1.0,61.5,5894,True,12.33788792370966,7.919421842813567,7.918513291665,0.5026476370226953,0.39850716809405257,0.6293264383445074,7.744352599985165,7.586765494091285,0.49514152223605834,0.409916945342131,0.6239222131753966,4.321311569211361,5.99270946144533,0.1311055222300665,0.1501853595662671,0.20916505079504527,2.595376214175183,3.1576906080620004,0.036917119026613286,0.08454615741881438,0.1553133212159748
Subj08,walk_45,1.25,61.5,5939,True,14.627995857047987,9.495717097864977,9.722432153731114,0.5673791570209233,0.41648227222306156,0.6914288136488332,9.506406676898994,9.736849034011147,0.5682581381848729,0.4194591622854068,0.6611380637047514,5.2585038012066505,7.282667955978423,0.11317280279922134,0.2292651383807253,0.2526419202442763,3.0246869989248335,3.713029878973029,0.04363419534400625,0.10009208609224479,0.18031013861765594
Subj08,walk_54,1.5,61.5,5871,True,29.122273364576913,11.400938910033684,12.856989613423645,0.5719465324010933,0.46858963186037533,0.7176527509628606,11.175779254583263,12.077296448643665,0.5460957740591061,0.5094448311297044,0.7427833338423994,9.142625598777553,13.828206609852774,0.30114529104344745,0.18660323164306555,0.42526263934025815,3.3925093627352125,4.229589976029391,0.05036555264636137,0.1111226505416817,0.1984964351015192
Subj09,walk_09,0.25,81.0,5869,True,6.984686309142457,1.175518756583785,1.226680764683799,0.16586390434432358,0.1985037492554606,0.5617822418980882,0.8950715813706134,1.042348350832607,0.015472312204734818,0.12583499293111328,0.5122837281319453,1.1405390969033287,1.3189626872283096,0.1494406978485006,0.09789552885058231,0.1554915722529724,1.3208446989183784,1.4131662956340598,0.0378255917982691,0.05048698107039184,0.09501700852525513
Subj09,walk_18,0.5,81.0,5904,True,7.921931856427979,1.2544433632054586,1.4989783804102832,0.18681937335617207,0.20014239144796955,0.5370184032641664,1.2105992283476348,1.301945161227215,0.01724222636479142,0.08930395270075461,0.46177319556927693,1.7344882637799761,2.065472473105406,0.16908973592787968,0.1393284984289733,0.187548339612958,1.370388135698657,1.5634890097528065,0.03669936217000581,0.053129786103407434,0.09682285504649814
Subj09,walk_27,0.75,81.0,5768,True,9.151185043078012,1.7437136145607133,2.1985587497180026,0.18657756549998403,0.1541009666780681,0.500362864030135,1.6267482933951758,1.5049844428914352,0.023763558312072566,0.07757869882565667,0.43407161955043105,1.9002660211698412,2.4237785531841243,0.1518290791597717,0.1103884841957439,0.20774157352023476,1.5102126967013372,1.5383974244450154,0.038520569301607084,0.05684232385851611,0.10429347382889648
Subj09,walk_36,1.0,81.0,5834,True,8.255797973377168,1.837684555971108,2.4490468432903794,0.20002433108235643,0.1990456463999706,0.5258453261089996,1.8837466834301284,1.8086871507465476,0.040150137171551,0.08202112681588938,0.4253321178941958,2.379582356434193,3.1107636552930207,0.15511504194606293,0.17371456676749653,0.270560542909124,1.9014162754192634,1.9674591166333337,0.043047968822869744,0.07465035730154551,0.13621606529837554
Subj09,walk_45,1.25,81.0,5937,True,9.707900497006703,2.830928167699363,3.6831027924097595,0.21516633227491339,0.24881952696023799,0.5800646332709594,2.576722936993577,2.5952575628010073,0.06481603828142,0.15474688574801704,0.4715856470350602,2.8516755072189457,3.823596325374346,0.1605360361801949,0.18717149750846135,0.3131153777282589,2.2284215225599406,2.291486846480819,0.0476701264504592,0.09034240078096427,0.1628282608476394
Subj09,walk_54,1.5,81.0,5946,True,12.035021075383614,2.14698504825139,2.6469883409271877,0.2338335809586887,0.30550348266638194,0.6519045700857792,2.3062865234472114,2.713708714469396,0.08004795852749713,0.14476474621823957,0.5046916293981744,3.0973838772275792,3.7862089944196438,0.18054013745865213,0.26187429730050465,0.4074098216019171,2.7608509140139597,2.8210644939982648,0.056306177486759985,0.11887571648513978,0.20892549059438437
Subj10,walk_09,0.25,61.6,5848,True,12.503345924674944,2.1955492750131564,2.088780783707996,0.21206005511445153,0.15316123013236704,0.2640018580811452,2.021551181598836,2.2043890561403305,0.031159933552251974,0.27802297760279415,0.19293820067824527,1.1381985999328688,1.2633435563348925,0.18170661110040268,0.10295177231664118,0.1799145103355205,1.6955605522272135,1.9298210642867815,0.06589912408833305,0.07653458562206514,0.12280500535795755
Subj10,walk_18,0.5,61.6,5880,True,12.423260229667285,2.608086700717045,2.2844179379470178,0.20401490266132705,0.16056064031528747,0.2827803279891528,2.181158139822208,2.2383255762830063,0.04296336580724565,0.27354576440609746,0.19316546788931802,1.616375848294736,1.8435763732655326,0.18459884958284578,0.10999080526403525,0.19877216511511853,1.7529810575415368,2.153865990240496,0.06800657529678227,0.08220355188666043,0.12739030383899416
Subj10,walk_27,0.75,61.6,5836,False,11.116717119806868,3.0849790322842567,3.0806208695887913,,,,2.468840991318642,2.7731240185270702,,,,2.0503693661719935,2.4634022628528682,,,,2.132363211301718,2.8023555157403375,,,
Subj10,walk_36,1.0,61.6,5925,True,9.396411202475525,3.898237794314286,3.977914605505808,0.19841183697914172,0.1694385838924474,0.3725427878581965,3.178099575777208,3.5311104271363223,0.05138306643125499,0.1997937599496737,0.2505395357402955,2.8640737986282487,3.8011598523756813,0.16491821693658928,0.16442382653873142,0.26624040558713585,2.564700534819253,3.49286508387817,0.07590206923813836,0.11744552717236648,0.19224413723660996
Subj10,walk_45,1.25,61.6,6100,True,9.29772795833462,4.616063000742558,4.194641277269971,0.18787096815485985,0.253535416640954,0.4831658498219611,3.8615176747771147,4.026143916802101,0.07249641938241914,0.24553814871392748,0.32583464169022813,3.108828732312749,4.24893608202943,0.1560159854079953,0.1986265872596778,0.3047915099914478,2.8783951482901857,3.983043204586996,0.07906961873992102,0.12716335225423064,0.21113355996318625
Subj10,walk_54,1.5,61.6,5748,True,10.26756085038832,5.247232659140081,4.5245761318306865,0.20177135430569812,0.27398272105929805,0.522595649155634,4.265107595654109,4.178036403199259,0.08492884550822012,0.22751462129821978,0.3344183440945611,4.002105115661037,5.882078619892171,0.17347771807327206,0.2530845514529738,0.3649730542603132,3.557825923049508,5.375841862855356,0.08928274607285817,0.15868354189020728,0.2642174586759225
Subj11,walk_09,0.25,62.4,6016,True,4.97679761736553,2.765785465369087,2.2919193541248033,0.16614738446594332,0.1649377459308625,0.09350303320687343,1.7101707730488862,1.5082587841875745,0.042423466557734685,0.3132511760697649,0.11289070908072973,1.415162607381756,1.3046259726961673,0.17962726730844328,0.18237971677676398,0.1636448760516247,1.23694740557009,1.4629890205142153,0.04882638736897554,0.05429850153420238,0.08279470596363901
Subj11,walk_18,0.5,62.4,5878,True,4.653096883539027,2.8157227542909706,2.3030928444694303,0.17416707551180943,0.1418112373057252,0.16013727293588362,2.0292410438864996,1.9846825797405645,0.03616900471843314,0.26285273592626446,0.11848901475420696,2.059922178261083,2.428188108511046,0.17920138914079914,0.19805677377718853,0.21063448767684756,1.9601975011191883,2.5245736767522606,0.05037503991285879,0.07850065516888699,0.13406907747530958
Subj11,walk_27,0.75,62.4,5908,True,5.344978455381552,2.9388073473239613,2.6416388119268253,0.17817212193545087,0.15566329586586025,0.18791945318289402,2.1590233761396447,2.2896650260504208,0.03701792563190586,0.2667357074192032,0.15544415120058497,2.5987860359417527,3.3057294026192268,0.18068533803856995,0.22013825984147722,0.24335794409360986,2.428347756775021,3.137663001987655,0.05085663429509189,0.09044110187057401,0.15951446720991352
Subj11,walk_36,1.0,62.4,5851,True,9.173673039490328,3.8243223491470553,3.9712706925491577,0.18555497823985195,0.1941196890492631,0.29897362551804785,3.207271828732399,3.630515316498964,0.05104056955222658,0.24839042728665434,0.2426307552790147,4.233875388585095,5.237459081227425,0.19175582176245645,0.27518232299907214,0.3293212809751359,3.7906088461055574,4.680848346316482,0.05240744093020899,0.1406509578079477,0.2538263536824863
Subj11,walk_45,1.25,62.4,5915,True,8.301132468632181,4.406292339436949,3.942082679758179,0.20009126895818574,0.2139433477645466,0.3199816291262947,3.7847813148568727,3.840781285962006,0.06705692646876119,0.2462509539331431,0.2238548873624635,3.5145826545972683,4.475356232107836,0.20657433460893074,0.2467103250257518,0.3185989736643643,3.2728970352962894,4.212742478380081,0.057757071167926895,0.13158416344277946,0.2250218922836852
Subj11,walk_54,1.5,62.4,5883,True,11.07980881256543,5.338124335115376,6.170396853098789,0.22089103652732314,0.23703012948768643,0.37747416746678636,4.319618956036336,4.65889365623562,0.08300802547942777,0.24745563449529823,0.2760787179142831,5.400764302335229,7.900689756515313,0.2227967135777963,0.26591733740406504,0.36729799054879675,3.9559674327853664,5.433580348956965,0.06316963526260296,0.15797065789120693,0.26938560572755205
Subj12,walk_09,0.25,69.0,6275,True,10.271047829886221,1.0047989345019246,1.1817521646015208,0.20674880247559443,0.09399593761055282,0.24990213841589612,1.0649846344090486,1.306546327862119,0.09400590858180173,0.11134207003445984,0.18402487340352347,1.6362181595245888,1.687378795942176,0.1300549586081826,0.15141357615893974,0.2386818199565195,2.280242536905309,2.304991842373913,0.019171197777315872,0.07964528455598537,0.15721933303914312
Subj12,walk_18,0.5,69.0,6073,True,10.853907397037805,1.6584846884504407,1.9365930539367924,0.20051933312980905,0.11535688605738734,0.29094323781924697,1.4065801946956713,1.7545066739664266,0.0825814705780994,0.12062857806941481,0.21112538142896844,1.8705972642166735,2.30160320085164,0.13756426975476665,0.16679640617266747,0.265886046727668,2.4761997714062063,2.74361063599262,0.021049413342386747,0.08297670706464323,0.1626005412539531
Subj12,walk_27,0.75,69.0,5969,True,11.08305486874317,1.9631216266337248,2.5881730981379625,0.21489689177043783,0.15235042264956197,0.3097436364399917,1.7037559924043502,2.2933203120029177,0.10215947950430278,0.11310701922478096,0.21511731779315366,2.6885666788533142,3.360351126083988,0.1374488153742975,0.19796591774581043,0.3139145276282444,3.1034946179537664,3.5980397162094255,0.031900741299602624,0.1132906135729876,0.21160116218812378
Subj12,walk_36,1.0,69.0,5977,True,11.966768709553833,2.392453826288449,3.2777034688464757,0.23468062937352308,0.2309414478359158,0.3974398630457111,2.159929831086996,2.9091823333406257,0.11734403278093017,0.12592315052497738,0.25529188528056745,2.159896960581288,2.56383079998816,0.1534011912872628,0.25286002786129946,0.37321547502163704,3.211544420085853,3.829081218457335,0.038176885957943246,0.12009099838956482,0.21927491801480656
Subj12,walk_45,1.25,69.0,5953,True,11.643648849419733,2.5932563934472093,3.2794707755116765,0.2176622604001399,0.20906273580879797,0.41662046215617005,2.3825285361813373,2.9751246216146754,0.11081605841022185,0.13218314449506,0.26315609416958563,3.1552051461965163,4.360959971832277,0.1514227271382567,0.1952654189115103,0.3674727090892818,3.327939194568066,3.6678233985181707,0.03615383345133488,0.12172483527172724,0.22035172437504813
Subj12,walk_54,1.5,69.0,5968,True,12.586905624291466,2.7654592196830885,3.9338500836841908,0.23552225433382304,0.23136044372654122,0.4845191250385535,2.2860750885608496,2.978357924643821,0.1307274515166102,0.14432882662486032,0.29104060378330154,4.0531044630452095,6.224185552589222,0.1640536166623649,0.21698194325583633,0.40786799015256336,3.591617798698534,4.611138740571252,0.04684805229031541,0.13604171884528274,0.23917298207532942
