knee_planar,knee_wangwear,knee_soleid,hip_planar,hip_wangwear,hip_soleid
0.028157218025430687,-0.060806114285714294,0.2314394837415425,0.12227254209934393,-0.10405738049155147,0.29645112063018575
0.021627679805295254,-0.025374293087557606,0.19195525005824843,0.11667562381436052,-0.19797965852534563,0.23502468264066873
0.013913074779528372,-0.019423736559139784,0.1514232701786064,0.10950345548379843,-0.14196959324116745,0.17676485663151098
0.005545884949314171,-0.03386660983102919,0.11950046298964125,0.10158875859558529,0.07089414285714286,0.13192241712429884
-0.002969341710719939,0.014633275422427037,0.10222501637315952,0.09364898310279532,-0.1857417703533026,0.1054848762558797
-0.011178104254274235,-0.024835577726574503,0.0995477012719009,0.08625842708869079,0.1310583768049155,0.09644825690184242
-0.018691013945209084,-0.00015657772657450076,0.10621596893051298,0.07985151319635499,-0.03230980384024578,0.09964849630107701
-0.02519635850149124,-0.0036466545314900157,0.11529083206107718,0.07474005994121043,-0.03217751536098311,0.10870166560828479
-0.030472221174034766,-0.013165337634408603,0.12073707952499843,0.07112628197601391,0.17024921090629802,0.11791470666651277
-0.03439997087365413,0.016030229493087557,0.11873185869593561,0.06909594669894951,-0.1417245701996928,0.12312499649820614
-0.03698104965524183,-0.0005720777265745008,0.10890874823923004,0.06858477603167576,0.2400429078341014,0.12186801231160621
-0.03835695537348584,0.01103996697388633,0.09375939417151731,0.06932122161224896,0.05053229493087558,0.112659385981566
-0.03882797264740185,0.0022899540706605224,0.07566562757739873,0.0707578394715843,0.03054391013824885,0.0944503314269288
-0.038862616873751595,0.003174343932411675,0.05509603564963288,0.0720113456792693,0.22477873671274964,0.06736335850142543
-0.03909014401168403,-0.00793208356374808,0.03201196204759968,0.07183564738906116,-0.18346251505376346,0.03344887276613391
-0.04027171631825889,-0.012080764976958527,0.007695173109858984,0.0686514054490876,0.17753808110599079,-0.0041665766187343745
-0.04324772865931961,-0.0667896331797235,-0.015765289464755205,0.060651692577445536,-0.17962147480798774,-0.042820609979936496
-0.04885833515683858,-0.1428532855606759,-0.03728929756216832,0.04599647854551009,-0.39442276006144394,-0.08036780820394894
-0.05783505770135579,-0.19284276436251924,-0.05711924986838307,0.023096178473668603,-0.386136980952381,-0.1139282842901307
-0.07066708755423678,-0.28098909738863287,-0.07540202714224767,-0.009036034255569779,-0.9520972118279571,-0.14057347292345737
-0.08745623549337517,-0.23576736943164364,-0.09191606803082887,-0.05041026033031404,-0.5016436721966206,-0.16055883241146085
-0.10778612187333193,-0.23490842503840248,-0.10753774538053307,-0.09973775276886088,-0.5956755941628264,-0.17880140749400644
-0.13063975897101004,-0.19571899800307221,-0.12475127567596378,-0.15424972447573862,-0.3838032543778802,-0.2023098419185417
-0.1544005562412722,-0.12136750445468511,-0.1459258842466323,-0.2097400499476631,0.04418932181259601,-0.23571832388611844
-0.17696111312773707,-0.16136031213517668,-0.1710587403512158,-0.26088108402494936,-0.27059346359447006,-0.2786631287778818
-0.19594206110418005,-0.09266299216589863,-0.19729559103509076,-0.3018058823700834,0.16892262073732722,-0.3266545545896512
-0.20899654049166888,-0.1618768098310292,-0.21956920158987261,-0.3268895704000412,-0.1764584430107527,-0.3719897536446037
-0.2141547133828085,-0.2105354958525346,-0.23123276192333203,-0.331616605022573,-0.323768568202765,-0.4044059011641887
-0.210152363385304,-0.21486415576036869,-0.22602226557718788,-0.3133966933166532,-0.235779301843318,-0.41527435954225955
-0.19668636418470473,-0.3185982860215054,-0.2007890220233758,-0.27218626409111096,-0.7570135542242705,-0.40224083366100766
-0.17454445221588263,-0.20606379754224272,-0.15714289901823744,-0.21078156315632834,-0.26563628049155147,-0.36955473851115556
-0.1698652542733298,-0.1663287514592934,-0.1008408615917724,-0.2234200947705318,-0.3257530496159754,-0.3247209454963222
-0.21089988724999262,-0.05051887296466974,-0.038986595083484565,-0.3407375928261878,-0.05435919585253457,-0.2746618086244925
-0.2594500786570782,0.08388904224270353,0.02275916710981305,-0.4980180558627827,0.38411760353302615,-0.223704283628109
-0.27486819531009016,0.04288651490015361,0.08088209920973168,-0.6067059096844052,0.044099223809523816,-0.17358584742151845
-0.25161289423056604,0.06606289692780339,0.13338641492366998,-0.6429757727223067,0.3133334531490015,-0.1250267501507345
-0.20333993606821207,-0.09369486513056838,0.17939545645397245,-0.6275346537628423,-0.24751060000000003,-0.08000136487648174
-0.1445894257056497,-0.2396666192012289,0.2195027578373192,-0.5913647061440691,-0.653695961904762,-0.04121859596197308
-0.08926892622220076,-0.3452329241167435,0.25672523973707584,-0.5641093290038128,-0.8529474788018434,-0.007652809867963178
-0.03814110041789878,-0.4878571895545315,0.29565134897162987,-0.5481325483804212,-1.4631825350230416,0.02659682672323669
0.008529263122764176,-0.4342557597542243,0.3390897195122022,-0.5401823084907871,-1.1472952887864825,0.06649766858834372
0.04993460630997537,-0.4070687973886329,0.38572781802105205,-0.5372941386331741,-1.228605470199693,0.1110270965841809
0.0847109164499762,-0.31472425760368666,0.43118082723048723,-0.5375141520358401,-1.0231014658986175,0.1546034663877309
0.11331245764720693,-0.2142461483870968,0.47087661937159936,-0.5381098127648827,-0.6970738013824885,0.19156445820666243
0.13843895095176073,-0.21220232534562214,0.5021871520059057,-0.5347283313208226,-0.9027913721966206,0.2191890212892089
0.1627672830142788,-0.14758699615975424,0.5246478940825107,-0.5238172340309111,-0.5474272698924731,0.23799261344255718
0.18553659705606415,-0.14839920107526883,0.5388595849465596,-0.5050227929956013,-0.6189311973886329,0.2500396059201811
0.2023702412487437,-0.11032522642089095,0.5448423244009848,-0.48539418568270115,-0.4565175012288787,0.2563728135388555
0.208684302806046,-0.05811756513056836,0.540734219638992,-0.473224537628237,-0.16483322795698926,0.2546474228415064
0.2046694471909608,-0.06247185084485407,0.5236151406559818,-0.470351515722845,-0.29924760122887867,0.23965561016998774
0.1947600191537777,-0.03762511213517665,0.49217605196586767,-0.470343638284311,-0.047868426420890946,0.20721812370932777
0.1836532230139924,-0.0826648935483871,0.4483228158244922,-0.46503761212834044,-0.27005509769585256,0.15736200438494727
0.17530811147594677,-0.1214067069124424,0.39693264307368165,-0.44986324862198174,-0.3862482087557604,0.09563358487327742
0.17104719449073044,-0.15064929324116746,0.3454219854951684,-0.424829709839678,-0.38733843640552995,0.03444397403412546
0.1664608349417769,-0.191676013671275,0.3026914692092877,-0.3987747550387895,-0.6459094861751153,-0.008501584617869986
0.1563088291340841,-0.18652851029185868,0.2761404028444717,-0.3805542173029402,-0.45552603072196624,-0.017384805635316254
0.13939487138013953,-0.216103680030722,0.26822789741625497,-0.3736750670980609,-0.6097832216589862,0.013583397409176115
0.1175360320110686,-0.24501975376344087,0.2751694735448128,-0.3747708100467327,-0.6781025012288787,0.07674046414633014
0.09497778759807013,-0.2758966717357911,0.288716797799926,-0.37701883834425837,-0.6778129629800308,0.1538197163304807
0.07274599912977621,-0.31259932795698925,0.29981985205460654,-0.3765273330188603,-0.8962246552995392,0.2236328470668971
0.051642541462056844,-0.3028211290322581,0.3017432602774896,-0.3717271886035373,-0.6824328731182796,0.2701648617148341
0.029955010864378944,-0.28380723287250387,0.29126515481309906,-0.36462567542055097,-0.6374150056835638,0.2865081801169268
0.00831703542795766,-0.24148812995391708,0.2687487449709698,-0.35629683546876884,-0.4398843274961598,0.27462822201683174
-0.012472583105708146,-0.19753991459293396,0.23819857206967787,-0.34816938940202763,-0.18506785468509987,0.2440783750787312
-0.03264634933952647,-0.1795265860215054,0.20682379899224548,-0.3428732489116469,-0.2044237539170507,0.2105789854822522
-0.05212178763258559,-0.15543898786482335,0.18005076975536105,-0.33930781471643867,0.013059046850998464,0.1861451969195485
-0.06911478596856861,-0.1418022811059908,0.15952829491638723,-0.3349108188034136,0.02275235760368664,0.17495123146898753
-0.0831763650047927,-0.11335657557603687,0.14426457004530965,-0.3268739566277045,0.14675374347158218,0.1748187556329028
-0.09268087470025482,-0.08158684577572965,0.13268421276315628,-0.3137239061484054,0.32894827219662065,0.18120172288821207
-0.09876612979294667,-0.06634625376344087,0.12350500338737422,-0.29755204123376544,0.3064276400921659,0.19047620851823402
-0.10432515311793648,-0.05983191735791091,0.11576074347417134,-0.28242649464381747,0.4326255864823349,0.2015547459659936
-0.11255943526302428,-0.082182156374808,0.10934291240694287,-0.270126018213521,0.31940144685099847,0.21636958311966717
-0.12337435558217551,-0.11057036743471582,0.10518347126714785,-0.2596110055942884,0.24056893287250386,0.23875904367167097
-0.13531284196647084,-0.13675414408602152,0.10390046697841832,-0.24883215402887587,0.21548881490015362,0.27130011258939796
-0.14417156508270695,-0.16323842534562213,0.10450049692596117,-0.23237799836701964,0.08406085698924731,0.3125058432446708
-0.14893513322176719,-0.1757401247311828,0.10428111593542275,-0.20894876185710168,0.155612268202765,0.3565763886503073
-0.1523859755626841,-0.21014560645161293,0.0992743539620255,-0.18156467328508033,0.0494268688172043,0.3950914083006568
-0.15755342893404684,-0.2518762949308756,0.08561766670209994,-0.1521307649748403,-0.033074435637480804,0.4200536734221321
-0.16760346108500188,-0.29344897296466976,0.06151491862512562,-0.12516531327244224,-0.08081415069124424,0.42710058626968833
-0.18261171915925253,-0.3365489092165899,0.027853166311571347,-0.10109618475693523,-0.2139690216589862,0.4167378475588579
-0.20241484135804647,-0.35069752488479267,-0.012340314442736066,-0.08125636338115229,-0.13668596651305684,0.3940063884645227
-0.2244850858888943,-0.37305954193548385,-0.054243341451973376,-0.06350305758426653,-0.1577932915514593,0.36781224311315724
-0.24558598890374522,-0.38849487081413214,-0.09203910098795123,-0.045235582038809646,-0.12264122857142859,0.3486687747959808
-0.26480704968255175,-0.402060669124424,-0.120856797884412,-0.025103601385135264,-0.06915819938556067,0.34467681701635505
-0.2805047892820396,-0.41981391889400926,-0.13840389735004796,-0.0019540191074821204,-0.09661287649769587,0.35897581834023895
-0.2923478102880677,-0.4173518298003072,-0.14482978018686654,0.023185996473589127,-0.0008781614439324118,0.3904084389757893
-0.2995054530803163,-0.41260156528417824,-0.14159657046022728,0.05069245317852721,0.04897445407066053,0.4350289470762939
-0.30218393493269435,-0.39142634301075274,-0.13140071221531238,0.07925393073589079,0.16289849923195085,0.4857040672895671
-0.3003153294082657,-0.3677345566820277,-0.1192657179822403,0.10804304442828201,0.27787791059907835,0.5307081813514416
-0.2932481351365249,-0.34050351904761905,-0.11130894185559223,0.13664588337196681,0.34189971305683564,0.5572760408685097
-0.2813758949190162,-0.32079606374807995,-0.10698324547614933,0.1632552274637198,0.3939509952380953,0.5672000626918554
-0.26440873114258895,-0.2990828996927804,-0.10244939088818222,0.18949165206913812,0.3882568774193549,0.5685894736054274
-0.24257504503883032,-0.2773807741935484,-0.09365039860844296,0.2145456082511347,0.3743281602150538,0.5690897385349963
-0.2181631245646654,-0.2659255640552996,-0.07811758559338108,0.23668738616950066,0.3343210350230415,0.5729847728360211
-0.19375905834789534,-0.23095649662058373,-0.05637338970699071,0.25381787367674585,0.31385686451612904,0.5794725660083409
-0.16971353659325178,-0.2181789098310292,-0.03135152745394636,0.2670736208814994,0.30756844301075276,0.5841822640583988
-0.14386304049438836,-0.16539553609831031,-0.005663305519498519,0.2778017805914087,0.3717376864823349,0.5836562093459402
-0.11538202680390917,-0.1102286102918587,0.019571484615301917,0.2851903084388979,0.46828171597542245,0.5763276045736527
-0.08467080894707063,-0.07461281643625192,0.04358867761411231,0.28858383010698985,0.5343477075268818,0.5603035565754972
-0.054807075427934414,-0.015658312903225807,0.0658044633706811,0.2850775114241963,0.5573313328725039,0.5343911315816307
-0.028925008965116746,-0.037802929646697396,0.08661030247812543,0.2727889086583968,0.467943513671275,0.500526918035872
-0.009672727453253028,-0.030850817357910912,0.10705033318326741,0.2502955620026064,0.3450917110599079,0.4630699396495757
0.0013532107233406253,-0.048849513364055304,0.12836371382805067,0.2174708789245792,0.19822448187403996,0.42749728172181406
0.006531664933848192,-0.09242188755760371,0.15243665264859946,0.17892820707033422,0.05456587219662059,0.4001502314663196
0.007848326208241599,-0.07136796513056835,0.1811513869101524,0.1398441661441289,-0.061714925652841784,0.38588557073907614
0.009248608251025595,-0.1213588073732719,0.21404510812445332,0.10900087307472006,-0.1275216866359447,0.3841704757709167
0.012391229835256331,-0.09213777987711214,0.24708538997880133,0.09137277844550636,-0.16490353947772657,0.3884806170284472
0.018730781956508916,-0.06900464792626729,0.2740932058321425,0.09048342823302195,-0.14669293594470045,0.3897543683502009
0.026889403517092555,-0.06152864807987712,0.28925852366064436,0.1021003072653107,-0.07051961735791092,0.38038337027002134
0.03283208882166281,0.01614684608294931,0.28980707195930827,0.11443545451045511,-0.06241929631336407,0.3575659837174121
0.031724713566268596,-0.012235632565284179,0.2785231275034839,0.11533056330926734,0.02445534777265745,0.325555993642439
-0.023902077309387912,0.020260381259600616,0.2629618666272455,0.04071076807364025,-0.04096340076804916,0.29349775577901155
-0.01615052246091605,0.017648746850998466,0.25086993109885086,0.04444070735559927,-0.11277948648233488,0.2698934475337975
-0.006618615179788517,-0.011663735944700462,0.246577571890564,0.053455466199177404,-0.11994994915514594,0.259160185778572
0.004003622654942636,0.03685073794162827,0.2498634088284162,0.06679263228190155,-0.28380229201228885,0.2608678939243748
0.014891269082540603,-0.012108314439324117,0.25728031730003187,0.08307784099932813,-0.1604633470046083,0.2711472966809236
0.025183615456222216,0.01609373394777266,0.2663832849026817,0.10072012559565847,-0.24277730000000003,0.2864482778921733
0.03407804453924191,0.014241909831029187,0.2770602261740232,0.11809609622148845,-0.26556180107526883,0.30441782959054436
0.04090676038230541,-0.014055161751152076,0.2865799673308788,0.13370722167564886,-0.19627608341013825,0.31991386165168184
0.045191256972795225,0.03195769062980031,0.28713916628950925,0.1463087153761111,-0.3959864368663595,0.3240850772245696
0.04667383339166225,-0.018662294623655918,0.2717642284207982,0.15501215614552577,-0.18380915115207375,0.31009105385057106
0.04532540903836763,0.01085436712749616,0.24044492563473102,0.15935451840742454,-0.2303657196620584,0.27792062958050906
0.04132760764283905,0.0139190623655914,0.2001808191829515,0.1593147837879696,-0.1516010098310292,0.2340261475085208
0.03503005809670654,-0.0035386456221198157,0.16111348908103076,0.15526288187180595,0.048763476036866364,0.1882837149853308
0.02689173451019624,0.04433080675883257,0.13100969647791252,0.14784843508581064,-0.1315981113671275,0.1499356839848668
0.017422075998686875,-5.602457757296468e-05,0.11268024839468255,0.13786335192105822,0.12150888832565285,0.12525749245004703
0.007137023696436944,0.02153428632872504,0.10632733192940173,0.1261219382845717,-0.009460734562211984,0.11772326523243257
-0.0034637038896138065,0.015501248540706608,0.11097794263484051,0.11338781747893327,-0.017003750076804918,0.1273712815542235
-0.01390269836811345,-0.0017610960061443933,0.12318416102940918,0.1003512391096489,0.12953417496159755,0.14951894050772382
-0.023724868845814446,0.034815033333333335,0.13776024697299286,0.0876414069936835,-0.13030200768049158,0.17595022418032552
-0.03250126391198462,0.008141393548387096,0.15099505055902482,0.07585200863773776,0.15433979047619048,0.1983799440333776
-0.03984276188001403,0.029874330261136714,0.16114823302722134,0.06555847259175103,0.003346055453149002,0.210828355368097
-0.04542595244212997,0.02812038033794163,0.16504621087623958,0.057308218391888266,-0.0035742314900153614,0.20942948252462618
-0.049030046607506754,0.021925190168970817,0.15707714205100137,0.05157200053473065,0.16930235745007682,0.19232839155096562
-0.050578850253602446,0.029639036098310294,0.1344312027770832,0.04865856833640837,-0.13080790122887867,0.16183572878597155
-0.05017626143561845,0.009718803993855607,0.10241954548981039,0.048613965963962065,0.1978771697388633,0.12567922211110585
-0.04812192302683941,-0.0045532705069124425,0.07143167129651806,0.05113952252789476,-0.0036569182795698927,0.09261219233397855
-0.04489926936551764,-0.032968324731182795,0.048584107611193666,0.055557682960147035,-0.062081954685099854,0.0663922837312334
-0.041137532764499635,-0.04608256589861751,0.03412091887273384,0.0608369331341226,0.06843179447004609,0.04566786118802173
-0.03755466637400765,-0.07855888218125961,0.02423025893920223,0.06567338392812767,-0.3358935933947773,0.02756241223742956
-0.034888091800050695,-0.06940115606758834,0.014739208685184715,0.068623636910767,-0.0037949858678955456,0.00959833838671232
-0.0338203050115186,-0.10069452903225808,0.002744361030397808,0.06827823926492185,-0.2562192711213518,-0.009584305544687284
-0.034910142372974476,-0.13107037342549924,-0.012832943632392527,0.06344578417810667,-0.3290038437788019,-0.029411190228739236
-0.03854327169332651,-0.13284377373271888,-0.03099110156514623,0.053298360790876936,-0.18806561935483873,-0.04792146488807426
-0.04490953982061583,-0.19210111505376348,-0.04954641670744067,0.03743902160815645,-0.6116015605222734,-0.06460169254503471
-0.05400072344023191,-0.14435000906298004,-0.06725883061587777,0.015896049875101907,-0.20447852242703535,-0.08245334295482196
-0.06561166009330985,-0.164413266359447,-0.08479214156239731,-0.010908839484736668,-0.3692894187403994,-0.10542002834763468
-0.07933063873530709,-0.15617393594470047,-0.10314917853094327,-0.042167306661425596,-0.2921769241167435,-0.13410010390370772
-0.09451827375537628,-0.11548603087557605,-0.12200809769682215,-0.07664672104076112,-0.010631432565284179,-0.16562299728269694
-0.11028829684456214,-0.17533015622119816,-0.13992256191494276,-0.11262874823493907,-0.37393241582181264,-0.19673652664706875
-0.1255127142942377,-0.1132149301075269,-0.15544917304599262,-0.14787508087614412,0.029975573886328728,-0.22585712389975768
-0.13887401559410784,-0.16320028049155147,-0.16779389132295827,-0.1796809477183662,-0.23297525652841786,-0.25276900654935774
-0.14897627536932231,-0.18454122181259602,-0.176448801550253,-0.20505881624792843,-0.2873957534562212,-0.2767768355538389
-0.15450884462317782,-0.1684379241167435,-0.1806201791561699,-0.22105508886155786,-0.13203835069124426,-0.2958231289432224
-0.15443950877988602,-0.2553590152073733,-0.17933575339035537,-0.2251616738946251,-0.5719464314900153,-0.3079370783479087
-0.14820376026785298,-0.17686231428571428,-0.17115862868717088,-0.21575637366836634,-0.16312918187403994,-0.31179875237073434
-0.1358527193442612,-0.18880846205837176,-0.1535696021973225,-0.19249114289171088,-0.33687695238095244,-0.3053027159456996
-0.11812301268205441,-0.1428812202764977,-0.12459411109454005,-0.15654154584310795,-0.2541001623655914,-0.28691715953738084
-0.15234781847928483,-0.06172592304147466,-0.08486306944442101,-0.22295339198475203,0.012974629493087558,-0.25899766684406306
-0.17198821403601047,-0.1083398623655914,-0.03690207849730849,-0.2869106831242556,-0.35386715391705076,-0.2268345702094479
-0.1894691155991968,-0.025198876344086026,0.016282393238748295,-0.36178429046378907,0.03283717050691245,-0.19398250123827113
-0.1890715908447946,-0.05976945130568357,0.0715735706623407,-0.41591409673892255,-0.16694973840245778,-0.15936994734796775
-0.1744916889522877,-0.05138200691244241,0.1254430276621229,-0.45254079622957005,-0.11090089569892474,-0.11970721299572477
-0.14617453054153318,-0.020339790015360983,0.1739269368403689,-0.46964815425149625,0.11592879923195086,-0.07475517235495321
-0.1073726069657519,-0.10921700583717359,0.21406064872933997,-0.46922161598916595,-0.259570532718894,-0.029045143973046392
-0.06739871762069259,-0.10565776666666668,0.24574974553884815,-0.4658562369794968,-0.060461010599078345,0.011987714505307723
-0.03475176961322596,-0.2415025093701997,0.27175985690339766,-0.47129654959042294,-0.5737665152073733,0.046395753572008085
-0.010255460780238595,-0.3555142542242704,0.2957135896488736,-0.48371668939300666,-0.9682200433179725,0.07588864969701335
0.010688933841074336,-0.43206032718894016,0.3201333386163166,-0.4921099920561449,-1.183942480184332,0.10301269949151624
0.028341968683712443,-0.5293040543778802,0.34573313831872604,-0.49684683412236014,-1.7039711081413214,0.12888311934230037
0.04171676556862733,-0.44860275422427043,0.3714290487394659,-0.5003245585331264,-1.3278640749615975,0.15270006308868966
0.0532211255915169,-0.36174406912442403,0.3945935468685539,-0.49884807324035224,-1.161577213671275,0.17218490787238033
0.06428332002345676,-0.20545451305683565,0.41188254787379236,-0.48913137469349,-0.6692688003072198,0.18424103434363326
0.0742872000919402,-0.04787094285714286,0.4205573554512696,-0.4718096114541301,-0.08003900829493088,0.18602326508218478
0.08038831108473278,-0.0012770976958525347,0.4195938026654475,-0.4515236574062294,-0.07544960568356376,0.17642389674149786
0.07965342129902163,0.03658790983102919,0.41026517382476296,-0.4366445855033701,0.21768071858678958,0.15770595905461196
0.07299902764869007,-0.03027511904761905,0.39612447368546716,-0.4302755898427574,-0.06214835176651306,0.13643765161553723
0.06286815047808464,-0.09274229139784947,0.3818802660248854,-0.43198932554167446,-0.23954968433179727,0.12181297676571781
0.05212752688684491,-0.134720999078341,0.37136833639021244,-0.4370484147943057,-0.27366729278033797,0.1216867041971274
0.04130793979201258,-0.1877992216589862,0.3663980570006166,-0.44502848901606984,-0.5806781181259602,0.13997468358828205
0.029910146244921405,-0.17361021459293396,0.3675277281562987,-0.45500085579062927,-0.3623523546850999,0.17714641881110277
0.019284480549088438,-0.19270055330261138,0.3750505017451949,-0.46304898977658215,-0.4866225715821813,0.23130255168292047
0.009506924171491429,-0.19828584546851,0.38802243368048905,-0.466893332631947,-0.47755400092165906,0.29698956598891857
0.000978388486409482,-0.19839937450076806,0.4021160157389124,-0.4656557747120844,-0.37734184208909377,0.3626902941752213
-0.008507325659150725,-0.21567818847926268,0.4094043387835637,-0.4621765349946344,-0.5613883228878649,0.4113584273985794
-0.019019357911976415,-0.1968808895545315,0.40197630694167336,-0.4556244704113259,-0.34579778202764977,0.4275202045506672
-0.02989491979226499,-0.20460123087557605,0.37783445362610957,-0.4456845474021373,-0.4437744251920123,0.40873255909713124
-0.03999879283340432,-0.20857023901689709,0.34021329001689193,-0.43340554001688175,-0.444911750998464,0.36314662629400624
-0.04920261610824693,-0.21566232580645164,0.2962820807968932,-0.4198779455079961,-0.38008817910906306,0.30591788654014934
-0.05590546513479684,-0.23752715207373276,0.2542160629339187,-0.40406835337079294,-0.5525248497695853,0.25340488659301474
-0.06101382555286998,-0.2262741138248848,0.2198055218572758,-0.3845409942087298,-0.34334430814132105,0.21707929656444772
-0.06817380010152196,-0.21189079923195087,0.19485717445028522,-0.36312763241450796,-0.3083537164362519,0.20050871817293361
-0.07728903028183735,-0.17656250399385562,0.1778378583141731,-0.33922357598785974,-0.12338871874039939,0.20016088062444898
-0.08649055495524029,-0.14164972196620584,0.16551426576699574,-0.3139155226329142,0.11651705038402459,0.2085271989021498
-0.09561790570724989,-0.1308035052227343,0.15409123517570772,-0.28991651616784647,0.09433671290322582,0.21750006568630736
-0.10503948691388316,-0.13216906620583718,0.13978043482396488,-0.26983640718087804,0.24300942596006148,0.2208164502413115
-0.11710812527782856,-0.1598663746543779,0.12009764348529753,-0.25754258222886095,0.1326060098310292,0.2160984736986901
-0.13202788330636261,-0.19156017204301076,0.09562371425401327,-0.252733792681146,0.07700084024577575,0.20622965406370192
-0.15006843885673088,-0.22377140952380956,0.06991384352345063,-0.254290741640458,0.0774245930875576,0.19795900828059895
-0.16980679700882217,-0.25673057849462366,0.04717535593403077,-0.2580158588868591,-0.06442098202764977,0.197950943985096
-0.1914830741501645,-0.27701266251920126,0.03000288707337186,-0.26167878895919405,0.02709165007680492,0.20948382272552252
-0.21307096979692924,-0.3021275603686636,0.018600008076968325,-0.2607558460446859,-0.04186563486943165,0.23148595402158642
-0.2309968554051019,-0.32125654485407074,0.011228209875385687,-0.250748755805243,-0.04200795837173579,0.25932096348369477
-0.24564147661087382,-0.3358387631336406,0.005033036126112689,-0.23440249279816858,0.00616016251920123,0.28643244234392046
-0.2589282448155727,-0.3528631635944701,-0.00337019049648952,-0.21574457206378733,-0.08486503886328726,0.30615421128763315
-0.273258567256362,-0.3663711880184332,-0.017104471441892467,-0.1986887693575137,-0.014206870199692781,0.31346812444533273
-0.28944750847273976,-0.40062433824884797,-0.03767263479046585,-0.18331878161497517,-0.13567133963133643,0.30677859630580295
-0.3057275429750038,-0.4425128975422427,-0.06408247080067589,-0.16753632133649843,-0.2384622801843318,0.28895594123420903
-0.31995982835744313,-0.48744429615975426,-0.09332517125705365,-0.14953634950724007,-0.3146096483870968,0.26644599208310343
-0.33038624098678815,-0.5249987692780339,-0.12135265919487706,-0.12802845763823617,-0.4621289367127496,0.24723473563593973
-0.3377020082427441,-0.5421191668202766,-0.14375140683214455,-0.10419516638692168,-0.4018042983102919,0.23942477511044238
-0.34220735581726663,-0.5467325872503841,-0.15668861975107592,-0.07800551151313911,-0.3880146016897082,0.24966350015527997
-0.3459882109461132,-0.5389823960061445,-0.15809744838451753,-0.05010097156467825,-0.2937773047619048,0.28073651794744714
-0.3490865319539816,-0.534383268202765,-0.14803431411600596,-0.019700493179835965,-0.19260409032258066,0.3307295841862047
-0.349453343492547,-0.5259733511520738,-0.12813577492487696,0.013740444349767329,-0.178475168202765,0.3948731099142578
-0.34578736995282694,-0.536861660983103,-0.10101829188436179,0.04808811146656866,-0.1452181069124424,0.4674762839062119
-0.3375179585480656,-0.546457964516129,-0.07005389000558493,0.0813989208192534,-0.19578333932411676,0.5418663172965416
-0.3251030056811232,-0.5587666943164362,-0.03973354371805611,0.11223936037916254,-0.23346781996927804,0.6085828444724166
-0.3088696619649766,-0.5779407777265745,-0.016019022191932856,0.14165501264984778,-0.277082979109063,0.6544550583303023
-0.28990050402362944,-0.5665487826420892,-0.004936251408417444,0.16971933456868035,-0.3118585055299539,0.6660985708279898
-0.2680065342143409,-0.5786403457757296,-0.009066124423080702,0.19758386652866797,-0.3400677368663595,0.6372056089204201
-0.24168785499588125,-0.5614155125960062,-0.02207676483794213,0.2268026178367125,-0.37547739385560674,0.5794149823699575
-0.21101698124608462,-0.5492853933947773,-0.0352260337685164,0.25635181798953316,-0.41562626006144393,0.5096108860058036
-0.17568098615806674,-0.555142630875576,-0.04055150695512045,0.2855189363375615,-0.4883759092165899,0.4443111236198683
-0.136488602760009,-0.5161653540706606,-0.0309451958083849,0.3117587634874342,-0.5323146175115208,0.3991025738245655
-0.09433140759266918,-0.5349176821812597,-0.0010800975927976056,0.33283036539711514,-0.610565337327189,0.3858614512861248
-0.05363048263106364,-0.5028223717357911,0.05040173543146296,0.34255181349997504,-0.6462294745007682,0.4086156928317314
-0.018566635143892746,-0.4881496924731183,0.11882900602252454,0.3371501409857736,-0.6908244725038403,0.46064660347798203
0.00908636576766804,-0.5013137376344087,0.1936446445576493,0.31809493547370266,-0.7616321033794164,0.5253699430481995
0.028281632390577526,-0.45729701244239634,0.26210450161908516,0.28851149618107114,-0.8201189758832566,0.5825658943356646
0.04164964330685568,-0.47767073932411674,0.3136410356081889,0.2570223281603594,-0.8498172483870968,0.6152957222607044
0.051111355106292555,-0.4002868021505377,0.34234844518351426,0.2301658051271546,-0.758577929185868,0.614074140412678
0.05687324863467006,-0.31562711167434715,0.34873531900838806,0.2094287228440845,-0.5725220129032258,0.5802920250063205
0.05604672191046618,-0.24955992304147467,0.33942579798197775,0.18909952544349218,-0.3434866811059908,0.5262101728920221
0.048682025085338844,-0.13469646743471583,0.3230828335671006,0.16654767322857605,-0.2037120062980031,0.4684225648388165
0.03848665036515803,-0.15072741658986175,0.3065042365505074,0.145467208828702,-0.1268031202764977,0.42076943217578333
0.02839964004526237,-0.12111945207373273,0.2932371233661818,0.1284200686603396,-0.20041272688172046,0.39062030316239793
0.021822287973971982,-0.12770267188940096,0.2822609655232969,0.11770516845509088,-0.2977049978494624,0.37610210369807284
0.018898451644466786,-0.15799428033794166,0.26907549857352925,0.11056832466019634,-0.3269848033794163,0.3677485281767511
-0.02345933274515802,-0.0959136207373272,0.25204303843459,0.06523648232191714,-0.40807740215053767,0.35723748996531624
-0.01748513521932505,-0.12576127895545317,0.23530009591449405,0.05745529401540962,-0.24606800153609834,0.3425487937896209
-0.009909995236039807,-0.06421332242703534,0.22291700748208887,0.05543871659776246,-0.20799266328725038,0.32414438818038166
-0.0014118232235892287,-0.03143226897081414,0.21479230312893915,0.05847491925171236,-0.12825026774193551,0.30262618297778965
0.007233509425037838,-0.0349559158218126,0.20982245738627486,0.065273934371514,0.004701171121351768,0.28154276304454423
0.015244546325314846,0.03588513410138249,0.20861830491075586,0.07421893191898356,-0.11869641290322583,0.26747685117300934
0.02192415467166063,-0.024201457296466975,0.2111544979816988,0.08364991087423602,0.023951087250384025,0.26504532863279817
0.026733595327176042,-0.0018125090629800308,0.21429742097656046,0.09212197016608371,-0.10424291013824885,0.27304327314525656
0.029339501300608837,-0.013299428878648234,0.21423914188276363,0.09858718247396947,-0.15273696958525348,0.2861769690285337
0.029628643014661362,-0.048769178801843324,0.21025047328292365,0.10247283048804123,-0.07987310414746544,0.29879365420980597
0.0276925819321817,0.010178456067588326,0.2031375741467491,0.10365964494137735,-0.2852829235023042,0.3052747894842733
0.023789560759694427,-0.04417766712749616,0.19140525496708316,0.10238877912507709,-0.054409449462365596,0.29931039934208126
0.018293198481938992,-0.0068528230414746545,0.17271107143319936,0.09913700122064237,-0.11279933087557605,0.27644558739467306
0.011637515861881003,-0.00686635376344086,0.14780081192881087,0.09449535513824638,-0.04716258817204302,0.2368156927130507
0.004266793441726045,-0.031377122580645164,0.11995826903576055,0.08907310311792807,0.14530048740399387,0.18405381744684451
-0.0034027986739309348,0.020571997695852537,0.09176038624380198,0.08343408084376686,-0.05517265222734256,0.1229446028953853
-0.011005695967126751,-0.02844334823348695,0.06488419749247186,0.07806271417594726,0.19678936605222738,0.05945868732388779
-0.018233967171309633,-0.0016911285714285716,0.04228630920621182,0.0733528733177243,0.03505969631336406,0.0017712708722083638
-0.024833983572317933,-0.00840480752688172,0.02742572364258233,0.06961113668827726,-0.008712298310291858,-0.041050033838743144
-0.03060045872102637,-0.026118450230414748,0.02129385594700114,0.06706393166315226,0.11841090230414747,-0.06194717203321174
-0.03537557811798972,0.00935113271889401,0.02274508959903331,0.06585557010192722,-0.16840975668202765,-0.0578826235574217
-0.039059373242752375,-0.01915624301075269,0.03096192959254461,0.06602378390112343,0.14128065652841784,-0.03125144759700365
-0.041634313627063435,-0.006312813671274962,0.044811958397709246,0.06744473177620489,-0.02032838294930876,0.009328877342149591
-0.04320079210996772,-0.021055130261136715,0.06036369423788925,0.06975345327255786,-0.04294757204301076,0.051123272159461344
-0.04401199342884933,-0.03394123963133641,0.07147495134679817,0.07226426510475652,0.11302580168970815,0.08215214977546523
-0.04449255492423364,-0.034998833026113674,0.07295780068252818,0.07392589369431983,-0.2323722024577573,0.09519186648009999
-0.04522984458843437,-0.048446563901689714,0.06240184880721873,0.07333901091855494,0.08077088341013826,0.08865362198028029
-0.04693545272148326,-0.07738794608294931,0.04010671230442299,0.06884642025270371,-0.17971852104454686,0.06491401023293952
-0.05037972364861729,-0.12729069124423964,0.008476084482255675,0.058693299366633804,-0.3026112029185868,0.026962447011248076
-0.05630250517466118,-0.15763869170506914,-0.02933714802713468,0.04125002525206353,-0.22754767081413213,-0.024558984196665946
-0.0653038762197049,-0.21184816267281106,-0.07040674100861907,0.015284780400256309,-0.6705150195084485,-0.0894642533367499
-0.07772278167413639,-0.18065253072196621,-0.11984032548882813,-0.019738339221305804,-0.28822706144393245,-0.1691719432948589
-0.09351821129545819,-0.18262250245775732,-0.13835387360996423,-0.06337585828032276,-0.41812467342549925,-0.2063770173411818
-0.11217453937320739,-0.16314852242703537,-0.158717434966139,-0.11399166895035855,-0.31101123947772663,-0.25172977069599933
-0.1326572877061086,-0.11541288279569893,-0.15400960940948846,-0.16867743575371905,-0.007300103840245776,-0.26147645308933454
-0.1534439046330754,-0.157776290015361,-0.16476309037825712,-0.22336142273403942,-0.3404916195084486,-0.2910751368944418
-0.17264300641690214,-0.10860039754224271,-0.18283666190264775,-0.27313078149783365,0.03605990261136713,-0.33267260448748254
-0.18819668435531195,-0.17070262211981568,-0.20284841385170396,-0.31274811381294687,-0.2666996170506913,-0.3744779549583272
-0.1981408966605941,-0.2171272256528418,-0.21710660737153606,-0.3373001160400277,-0.3904565992319509,-0.40255880371642744
-0.2008858036480869,-0.22473299201228883,-0.22026745213172808,-0.34288871911862895,-0.3028281685099847,-0.4096440802537563
-0.1954733660640055,-0.3208585187403994,-0.20996379647217592,-0.3272660470608316,-0.7770524394777266,-0.39617999809383975
-0.18177072948370626,-0.22711830829493088,-0.18364203845568622,-0.29031569141413827,-0.3400858443932412,-0.36512031458993416
-0.1605616988512702,-0.19043916758832566,-0.13848356463797334,-0.23428794329301356,-0.4001297013824885,-0.3191116925402889
-0.15472511697784888,-0.07512518310291859,-0.0769378291912239,-0.23815363240333012,-0.15179827480798772,-0.2634165930025213
-0.1821724883400191,0.07225117327188942,-0.008783709307029597,-0.3226784961814885,0.2757207399385561,-0.2070004927087548
-0.21824021019447554,0.057479296466973896,0.05445476710893907,-0.44593221922343135,-0.01218244792626728,-0.15909003915435074
-0.22728988594588903,0.12240333717357912,0.10558138046374446,-0.5312559123084967,0.3196197172043011,-0.1257168730777072
-0.20496277920000108,0.019160601996927804,0.14339564115573267,-0.5602309745961052,-0.08754968371735793,-0.10756732266208736
-0.1587927307018151,-0.06317442396313365,0.1710934919886337,-0.5450357717458345,-0.31885741474654383,-0.0999623432908798
-0.10016785733205377,-0.10883321044546851,0.19349646230043988,-0.5087930052086047,-0.35333015161290326,-0.09632254770158202
-0.045013568014364035,-0.2264316092165899,0.21482572765056973,-0.4808211366474001,-0.8705279385560677,-0.09191642603933652
0.0001179409202942277,-0.18003088218125962,0.2381238285629618,-0.46887374691619776,-0.5762519494623656,-0.08413057081201941
0.037958347590220154,-0.20197716651305683,0.26549857373303376,-0.4643044595430317,-0.7810571122887865,-0.07111611961705527
0.07308666748288223,-0.16832598571428575,0.2979556953568198,-0.46100890766890845,-0.7418045336405531,-0.0518346224767501
0.10433830319380333,-0.11123233794162828,0.3350315827642441,-0.4616782422725041,-0.5518211685099846,-0.0270040409864639
0.13123852326536684,-0.1290191360983103,0.3748938039028163,-0.4676722842563229,-0.8440792047619048,0.0006492950708174651
0.15360407276188287,-0.04874099339477727,0.4149721383384876,-0.47670286955228036,-0.47784258894009224,0.027662216290958313
0.17427558451503602,-0.01916689078341014,0.4527333041056353,-0.48321770320149043,-0.5167652872503841,0.05198100976802796
0.19564630847168435,0.054289964976958524,0.4861939886665301,-0.4839829469202359,-0.30893222380952384,0.07368335047394999
0.21687985557405326,0.1373959132104455,0.5142237761303629,-0.4824538736927954,0.02510909769585254,0.09382717619897142
0.2371572626441322,0.145367656374808,0.5367643062261895,-0.4801869368387951,-0.12576042549923197,0.11357493554678412
