subject,trial,speed,mass,n,ours_vs_theirs_ankle_r,ours_vs_theirs_ankle_sign_flip,ours_vs_theirs_ankle_rmse,ours_vs_theirs_ankle_peak_ours,ours_vs_theirs_ankle_peak_theirs,wang_wearable_ankle_r,wang_wearable_ankle_sign_flip,wang_wearable_ankle_rmse,wang_wearable_ankle_peak_ours,wang_wearable_ankle_peak_theirs,ours_vs_theirs_knee_r,ours_vs_theirs_knee_sign_flip,ours_vs_theirs_knee_rmse,ours_vs_theirs_knee_peak_ours,ours_vs_theirs_knee_peak_theirs,wang_wearable_knee_r,wang_wearable_knee_sign_flip,wang_wearable_knee_rmse,wang_wearable_knee_peak_ours,wang_wearable_knee_peak_theirs,ours_vs_theirs_hip_r,ours_vs_theirs_hip_sign_flip,ours_vs_theirs_hip_rmse,ours_vs_theirs_hip_peak_ours,ours_vs_theirs_hip_peak_theirs,wang_wearable_hip_r,wang_wearable_hip_sign_flip,wang_wearable_hip_rmse,wang_wearable_hip_peak_ours,wang_wearable_hip_peak_theirs
Subj04,walk_09,0.25,75.2,6353,0.9918397050677304,False,0.12915896038189714,1.2672646072243847,1.0290263446808512,0.9783338376775006,False,0.125480073005159,1.2493979857712765,1.0290263446808512,0.9683379119404567,False,0.08345214159656082,0.632452610829517,0.7058535832446808,0.49346015684606953,False,0.245508494457136,0.8949542119680851,0.7058535832446808,0.9195638241392595,False,0.07439371278739622,0.5294050571914818,0.7353013292553191,0.5145817336165314,True,0.38424014614385027,1.2807179722074469,0.7353013292553191
Subj04,walk_18,0.5,75.2,5984,0.9950965245492943,False,0.13369676966260755,1.4446829139106254,1.1991555950797872,0.9888205295649202,False,0.13617433956000768,1.428717332712766,1.1991555950797872,0.9469968720809158,False,0.0907851948177775,0.5713082943369723,0.6891628496010639,0.5562856038506632,False,0.1944119391920162,0.9302104566489361,0.6891628496010639,0.5800669626899521,False,0.2775010676679478,0.6077979260903352,2.8631806575797873,0.06483208746068353,True,0.5477641616792361,1.2514330839095744,2.8631806575797873
Subj04,walk_27,0.75,75.2,6171,0.9985243511953759,False,0.1365738420488686,1.5318158539878675,1.321162396143617,0.9889946574414938,False,0.20300824394721065,1.7010269519946808,1.321162396143617,0.9497288883986086,False,0.1032606449373188,0.7536423180516917,0.9544574502659575,0.6916646568757462,False,0.3439330275874943,1.8302936781914894,0.9544574502659575,0.7683804247710263,False,0.23702449838194256,0.8207794603214635,2.2537051917553192,0.15057709118005042,True,0.8213634614082799,2.1997075863031914,2.2537051917553192
Subj04,walk_36,1.0,75.2,6868,0.9977668520747341,False,0.1410984939627841,1.5449452265134858,1.3229076488031914,0.9814979268555653,False,0.20995489804866133,1.6150991164893616,1.3229076488031914,0.8832761915273732,False,0.11942867461539615,0.646996251369301,0.9132236289893616,0.3674593413439622,False,0.3406760303582254,1.2306755550531916,0.9132236289893616,0.7217334456702061,False,0.39628750986554323,1.0973018565770138,2.466790035904255,0.04411137749068369,False,0.8160292343767612,2.2466615468085105,2.466790035904255
Subj04,walk_45,1.25,75.2,6796,0.9984298641688685,False,0.1576803323639243,1.7340039013053752,1.472147261968085,0.9856417394684079,False,0.28402269619618614,1.8974414857712765,1.472147261968085,0.940159817483132,False,0.12146739405583731,0.7481146392060076,0.9903504603723404,0.6301628114802772,False,0.5851745214223406,1.9917680525265957,0.9903504603723404,0.7862687186034052,False,0.4051701469700727,1.3111107999851068,2.9918591099734044,0.1607887347675261,True,1.4502445549692062,3.2270313683510636,2.9918591099734044
Subj04,walk_54,1.5,75.2,6635,0.9984438501644618,False,0.16501890374919947,1.9196602463571821,1.5632999305851063,0.9836880406773395,False,0.25984212111907456,1.8901941843085104,1.5632999305851063,0.9383674741348644,False,0.13381681421061617,0.7842246759996682,0.9738731974734043,0.5327025426633712,False,0.5324640138387102,1.9840566247340423,0.9738731974734043,0.8506502150279794,False,0.4166615296256792,1.7066927655740924,3.617420597606383,0.07544748058177342,False,1.1805331067915643,3.4240050017287236,3.617420597606383
Subj05,walk_09,0.25,65.1,6013,0.9938989028038552,False,0.0746205384542218,0.992398907621837,0.8660365204301077,0.9860193300999167,False,0.10643988833023278,0.9583365884792627,0.8660365204301077,0.9423930494742541,False,0.06557693624799296,0.5161249225833998,0.6290535884792627,0.6342781420718605,False,0.13823580865631446,0.6672419841781875,0.6290535884792627,0.8562376391574684,False,0.08940000362893732,0.4052828365574621,0.8923153642089094,0.18900733016503574,True,0.3336603820297913,1.0284271156682028,0.8923153642089094
Subj05,walk_18,0.5,65.1,7305,0.9943014758829233,False,0.09275241337684269,1.1344106411497072,1.0706872625192014,0.979145317280409,False,0.10358677373387314,1.0272037149001538,1.0706872625192014,0.9327651699899736,False,0.07838679760051344,0.5280260823165032,0.617819080952381,0.7464666663024526,False,0.12529163794626377,0.7701283125960062,0.617819080952381,0.8516414547566508,False,0.13056415353431694,0.8645344161474559,1.0208534556067588,0.3767866216719162,False,0.3918489560815801,1.3665150766513057,1.0208534556067588
Subj05,walk_27,0.75,65.1,5826,0.9965609974273286,False,0.09181570881682705,1.2322207023976057,1.0883962342549924,0.9796553951150195,False,0.14445049181231998,1.1868146184331798,1.0883962342549924,0.9279904245726195,False,0.07086231672541117,0.5259528345575526,0.5534332394777267,0.5469596161462379,False,0.18573936489498166,0.7854124488479263,0.5534332394777267,0.8928080102885942,False,0.14814216637426544,1.053311373055541,1.0830674953917052,0.41068936235276704,False,0.40247781920903164,2.2455820287250385,1.0830674953917052
Subj05,walk_36,1.0,65.1,8136,0.9973641430832937,False,0.09900505513725136,1.3335002602268886,1.1517445244239632,0.9823203743013244,False,0.17930555272532767,1.284877698310292,1.1517445244239632,0.9439260325903054,False,0.076561326830283,0.5195154354329363,0.49233275268817206,0.46051386204914085,False,0.27717405169366144,0.9990058310291858,0.49233275268817206,0.9135858988266584,False,0.176171333052294,0.9549407736679937,1.1880070302611367,0.207410629627545,False,0.5706606671425851,2.3780837505376344,1.1880070302611367
Subj05,walk_45,1.25,65.1,6088,0.9964999991364171,False,0.0976402903875772,1.420811479814999,1.2330089199692782,0.9851340375548556,False,0.21516588786856886,1.384806021812596,1.2330089199692782,0.9457798639525147,False,0.09856463021509262,0.7401314095017131,0.6365599838709678,0.4513817771245565,False,0.35662977631952525,1.0147372569892472,0.6365599838709678,0.9245231417225579,False,0.21714363073131163,1.3647294079952834,1.702005741935484,0.25441153354505763,False,0.7337267917565434,2.219447584792627,1.702005741935484
Subj05,walk_54,1.5,65.1,6138,0.9945718038204516,False,0.08409339759117251,1.5086663353960417,1.331489733026114,0.9621032581744392,False,0.2144464817488111,1.4216024176651307,1.331489733026114,0.9572718612601571,False,0.11850850842877815,1.0115803584301357,0.8081270231950846,0.4255489291800515,False,0.47123098880479464,1.740870607526882,0.8081270231950846,0.834634883524363,False,0.423599671746071,2.0107512906254037,12.445630931643626,0.03345383694632547,False,1.101074702098226,3.027279092780338,12.445630931643626
Subj06,walk_09,0.25,56.0,5898,0.9994353570865485,False,0.015252279331660073,1.3663308048655263,1.3615190326785716,0.9532078767325889,False,0.13763984649763777,1.3339399941071428,1.3615190326785716,0.9743447726131252,False,0.049551467085303995,0.4231475857340623,0.4777253944642857,0.124401758597717,False,0.33445213320798456,0.8930248439285714,0.4777253944642857,0.7086982145707816,False,0.14710200421926323,0.4004413793889659,0.44994826767857143,0.48592843847219963,True,0.6134127570350639,2.4107879121428573,0.44994826767857143
Subj06,walk_18,0.5,56.0,7753,0.9996521229338029,False,0.013262290630564562,1.387971806828029,1.3757039942857143,0.979714095167994,False,0.10500417427265779,1.3276839442857145,1.3757039942857143,0.9567906942395458,False,0.04682836424236312,0.4448053187041605,0.48351326285714286,0.5219519800789233,False,0.30221056339928715,0.8703542726785714,0.48351326285714286,0.7304874875995142,False,0.1949692704404253,0.5074175140991408,0.7573087267857143,0.4034718742294546,True,0.5338020833690985,1.7373680883928573,0.7573087267857143
Subj06,walk_27,0.75,56.0,5954,0.9995758744417247,False,0.016734827849248568,1.4108194606106295,1.3951009449999998,0.9835146038659763,False,0.11503385220490464,1.4718037987500001,1.3951009449999998,0.9396331882254282,False,0.05279687322588365,0.4818423465079854,0.59788751875,0.4143788244949371,False,0.38456035269358013,0.9962429242857143,0.59788751875,0.8801324676178708,False,0.20849443516522437,0.7996829567799066,1.1745194573214286,0.5035805011389914,True,0.6377755184275674,2.064113480357143,1.1745194573214286
Subj06,walk_36,1.0,56.0,6097,0.9985378903199993,False,0.028485206420719375,1.4949090249688872,1.4590801283928572,0.9665896086608712,False,0.18375052043642104,1.5767987060714286,1.4590801283928572,0.9359076165702984,False,0.06399323635923874,0.5156063358529126,0.65005765375,0.3388000783182644,False,0.48061212209895177,1.14235198875,0.65005765375,0.8417522939124524,False,0.2954419112448155,1.2483084600958898,5.73015516375,0.29803282372509954,True,0.9116765055647944,1.9792200280357142,5.73015516375
Subj06,walk_45,1.25,56.0,5904,0.9976598379191232,False,0.037007424272487426,1.641713565561915,1.5923723966071428,0.940456424340035,False,0.21166386817864644,1.6855526844642856,1.5923723966071428,0.9546739294674773,False,0.07187042012992514,0.5234968570701054,0.7498736035714285,0.1886857163426412,False,0.5546796497221564,1.5478829046428573,0.7498736035714285,0.8845391015010655,False,0.3160942697818952,1.3366584795025227,4.506656239821429,0.2776315302945609,True,1.127763056298176,3.1753507371428573,4.506656239821429
Subj06,walk_54,1.5,56.0,5888,0.9968410681589851,False,0.055772574173968074,3.40245063083166,3.3950561253571427,0.8677552170942017,False,0.35120325123155566,1.8116438694642858,3.3950561253571427,0.9563370364412151,False,0.09314996241628404,1.7302267317623148,1.8928268771428571,0.2680228162204532,False,0.6291892843996371,1.8705853248214286,1.8928268771428571,0.9046758215440486,False,0.323899393950575,1.7776923650794534,9.015717007142857,0.2860944719717601,True,1.285127265106093,3.7104416569642855,9.015717007142857
Subj07,walk_09,0.25,80.8,5984,0.999266085877144,False,0.02246072431472118,1.3646249979572125,1.4241033721534653,0.9785360316621725,False,0.07639537981134889,1.338379694059406,1.4241033721534653,0.617478469630687,False,0.17328483904576877,0.2996145718020197,0.46963940816831684,0.6288996294654161,False,0.1327240334743012,0.752878881559406,0.46963940816831684,0.6447316692221732,False,0.1654314644006302,0.5118631127731779,4.316713836262376,0.08434836229761726,False,0.34013661580771354,1.2339138846534654,4.316713836262376
Subj07,walk_18,0.5,80.8,5976,0.9989841220038396,False,0.03989501374975353,1.3298235646407786,1.389721468440594,0.9868333186936277,False,0.08472185366221259,1.3263565596534652,1.389721468440594,0.7953645873942294,False,0.19375544097518138,0.5137674775620072,0.6722869194306931,0.6685333947026502,False,0.2143336858436493,0.7742765186881189,0.6722869194306931,0.6063104828321904,False,0.2478383157094872,0.5608324786437718,5.662744419183169,0.04074943562861454,False,0.48199113057371645,1.400392282920792,5.662744419183169
Subj07,walk_27,0.75,80.8,5908,0.9985035143582977,False,0.030750937051771416,1.3924942165060006,1.401660997029703,0.9882912351596745,False,0.0831893442646308,1.422876094430693,1.401660997029703,0.8978196576256574,False,0.1574905616078864,0.5222829297782094,0.47546967549504954,0.6024007642223472,False,0.28589940151862586,1.0503586592821783,0.47546967549504954,0.8833693725678129,False,0.18521815525572133,0.7401231354434036,1.0152153323019804,0.000656354468345961,True,0.6406043944572974,1.8291589886138615,1.0152153323019804
Subj07,walk_36,1.0,80.8,5918,0.9984175412711405,False,0.02857447806388675,1.4996259442929352,1.4879990309405942,0.9854869940312698,False,0.09208680428199671,1.494880916089109,1.4879990309405942,0.9290968689391476,False,0.12960073160962116,0.5172152080940204,0.5386303918316832,0.5347442585399004,False,0.32590692406879307,1.129659941831683,0.5386303918316832,0.9341476259456432,False,0.20352033336694494,1.0438696361223605,1.0939901808168317,0.06012152125638933,True,0.7664610700445305,2.0898276649752474,1.0939901808168317
Subj07,walk_45,1.25,80.8,6028,0.9984167888012054,False,0.0325381275151146,1.6243202693155323,1.602809036881188,0.9780405689176191,False,0.12585341050849047,1.5771119047029702,1.602809036881188,0.9445190377407292,False,0.10637947629015632,0.588047127584176,0.6304738408415842,0.4312699555905615,False,0.4856550138190983,1.464120412128713,0.6304738408415842,0.9528256931761894,False,0.23430866212974158,1.3850606844049413,1.3263199474009901,0.17215424631767576,True,1.0932158921869533,3.2698032314356436,1.3263199474009901
Subj07,walk_54,1.5,80.8,6186,0.9975868395874112,False,0.03858869338599135,2.0029264555373207,1.911239270668317,0.9728798703951241,False,0.15719005003748765,1.8555249122524755,1.911239270668317,0.9472310592346563,False,0.12165291710019517,0.8230408006674262,0.7497060048267328,0.44416119835071965,False,0.6273299441246669,1.667315391089109,0.7497060048267328,0.9552317770313796,False,0.25800073343284763,1.769820745881113,1.7280679539603963,0.29440874478680645,True,1.3189893539026336,4.03272879059406,1.7280679539603963
Subj08,walk_09,0.25,61.5,6016,0.974988678788435,False,0.22184289789050637,1.2610177836116836,0.9810430486178862,0.9729405319006036,False,0.1787736061329934,1.1747007999999999,0.9810430486178862,0.8997333643193939,False,0.1473281601081902,0.29809386899478274,0.49902729918699185,0.2200706764555086,False,0.18595652889998768,0.5707274773983739,0.49902729918699185,0.9363515699310715,False,0.06201308991848037,0.43750283295565845,0.7291147121951219,0.2014561492327665,True,0.3956265642384941,1.1560369621138211,0.7291147121951219
Subj08,walk_18,0.5,61.5,6152,0.9751843149886384,False,0.24220111728036758,1.3955418925928542,1.0939399856910568,0.9855571604281728,False,0.166538482542336,1.3669884593495933,1.0939399856910568,0.8564381178644924,False,0.13748308314724952,0.30173765228059773,0.5070892660162601,0.03414180396850831,True,0.31963561982383465,0.42238983544715447,0.5070892660162601,0.9309937358587946,False,0.0811315048981697,0.5294962091651684,0.9395732408130081,0.12725197965880525,False,0.6193515803887713,1.1089653126829269,0.9395732408130081
Subj08,walk_27,0.75,61.5,5904,0.9820356226953517,False,0.24652300380785566,1.4560448720317518,1.1606355775609756,0.9815573178527619,False,0.20260491798022032,1.424782564715447,1.1606355775609756,0.8394819406418278,False,0.13525911991475667,0.32087164275250263,0.4952999866666667,0.08451281248066503,True,0.2508702073600551,0.3863891998373984,0.4952999866666667,0.9386461354268015,False,0.10907435404008858,0.8078460719103533,1.167401324390244,0.24621743040678154,False,0.6132408605785624,1.1504252634146341,1.167401324390244
Subj08,walk_36,1.0,61.5,5894,0.9868539295175385,False,0.23951557711148555,1.6222162420843516,1.3161964310569105,0.9476096596300263,False,0.2487625526623991,1.5492621931707318,1.3161964310569105,0.8360539645577887,False,0.13727311945665055,0.446368114976808,0.5271647071544716,0.019306527742675262,True,0.23741786235067916,0.36110502162601626,0.5271647071544716,0.9419934296720008,False,0.14875138442362898,0.8716570017210755,1.1563031302439024,0.44008872462026727,False,0.5946834481138304,1.0613805512195122,1.1563031302439024
Subj08,walk_45,1.25,61.5,5939,0.9871078928151241,False,0.25194942689113986,1.8252113624537218,1.4834684271544714,0.9694215365694959,False,0.27168044891255455,1.6627162767479675,1.4834684271544714,0.87052521935935,False,0.13989465323666375,0.5296966001014738,0.6863245196747967,0.15050223503823218,True,0.2780561628735382,0.6097784575609756,0.6863245196747967,0.9412248747250516,False,0.18790774729552184,1.0484287435387296,1.5491223079674796,0.3127868670909111,False,0.7291037450207485,1.347132548780488,1.5491223079674796
Subj08,walk_54,1.5,61.5,5871,0.9872296012749658,False,0.2584022359548399,1.9905009618682588,1.5883136793495933,0.7618440938036368,False,0.434783618056831,1.782414500487805,1.5883136793495933,0.9168176884639608,False,0.14633778363243488,0.6849398718561569,0.7810602177235773,0.280942707891551,False,0.30225035430059266,0.6376649043902439,0.7810602177235773,0.9491619610800398,False,0.22084642864639237,1.6805373686956542,1.896750606178862,0.405968505287695,False,0.7172489661702101,1.7771049572357722,1.896750606178862
Subj09,walk_09,0.25,81.0,5869,0.9881414638474749,False,0.12136694633215957,1.1557470137916594,1.021360331111111,0.9870739543801893,False,0.07438277029985293,0.9530397222222222,1.021360331111111,0.8717444232174857,False,0.15157896624691056,0.6323975983380897,0.4702007767901235,0.46284213206490527,False,0.3420793078420257,0.8499684775308642,0.4702007767901235,0.850744130661217,False,0.08883377202798083,0.39829385473988704,0.5940636783950618,0.32084048456792186,True,0.43851568678311875,1.1419684204938272,0.5940636783950618
Subj09,walk_18,0.5,81.0,5904,0.9954395499600196,False,0.11721349929837278,1.4870446290507202,1.3446616098765432,0.9734293637715535,False,0.11316142640155359,1.2371318599999999,1.3446616098765432,0.8901634544162541,False,0.16285364543620418,0.6059470064907694,0.4724637109876543,0.13913709010988246,False,0.4105383612964255,0.8393962632098765,0.4724637109876543,0.8478197983031603,False,0.11126216022448451,0.5160180878181011,0.7566229183950617,0.05725830642754221,True,0.6191017037162138,1.5472438162962963,0.7566229183950617
Subj09,walk_27,0.75,81.0,5768,0.996669031723816,False,0.13113889263565187,1.6048772052094866,1.4391150954320988,0.9871952869288354,False,0.11256470217573467,1.2916271822222223,1.4391150954320988,0.9405841376595717,False,0.15116097404279122,0.7380591651874218,0.5837427044444444,0.2869309891148027,False,0.3248588869005803,0.8307020995061728,0.5837427044444444,0.8650428549262269,False,0.13353654961671169,0.5945154506743433,0.8950418225925926,0.19378019804724964,False,0.6476291568482255,1.5201343504938272,0.8950418225925926
Subj09,walk_36,1.0,81.0,5834,0.9975871870347601,False,0.1422715856531867,1.6303609498280678,1.4357991616049384,0.988960999814516,False,0.12391493848637569,1.3483168441975308,1.4357991616049384,0.9664522213208482,False,0.14318493179941896,0.9373300582735614,0.7731629803703703,0.3025841812032772,False,0.3780592510148327,1.1323419366666667,0.7731629803703703,0.8885557010211916,False,0.1615603069486074,0.8405762333548236,1.0339393054320989,0.24091449299952872,False,0.7408712464559382,1.9978853207407408,1.0339393054320989
Subj09,walk_45,1.25,81.0,5937,0.9978338137831504,False,0.14825714698142267,1.7825062870869306,1.5816119283950616,0.9882600095059476,False,0.13902657777032393,1.4487969233333333,1.5816119283950616,0.9711743648053613,False,0.14992456836992293,1.060867056829351,0.913440927037037,0.43813608416246486,False,0.3936644917955284,1.1605859128395062,0.913440927037037,0.920006897410426,False,0.17987931094143902,1.074084031805024,1.3656868190123457,0.20123850293767048,False,0.7792441205626679,2.2119343214814813,1.3656868190123457
Subj09,walk_54,1.5,81.0,5946,0.9975326481315548,False,0.15528815430451454,2.019894652894501,1.7377630532098767,0.97363221987693,False,0.177106177803041,1.5731898251851852,1.7377630532098767,0.9732421415589115,False,0.15649637987687554,1.2402211323085592,1.0266927516049382,0.49323833265693,False,0.42035864475366647,1.1368925602469135,1.0266927516049382,0.9304681823870478,False,0.22157134075204604,1.4359048187755112,1.7399337744444443,0.16412461707441203,False,0.8587279934012182,1.9307841996296295,1.7399337744444443
Subj10,walk_09,0.25,61.6,5848,0.9773579034819014,False,0.21624054785175376,1.3838201191067712,1.179748110551948,0.9786852887925765,False,0.12942257415358976,1.2138699521103895,1.179748110551948,0.8230979438959057,False,0.1122871389832172,0.34370810883465713,0.5119665991883117,0.17772877895179054,False,0.20773286041575742,0.5273996480519481,0.5119665991883117,0.741598183526188,False,0.25708941318282214,0.4828301754334158,0.8398683149350649,0.12945403284203072,False,0.4770316754881025,1.253788848538961,0.8398683149350649
Subj10,walk_18,0.5,61.6,5880,0.9859202117262473,False,0.2232740205131117,1.4325432196596584,1.1709095392857143,0.9797415003406094,False,0.14207104165509118,1.3181220972402599,1.1709095392857143,0.746343513211956,False,0.12540812673155638,0.4284090865354626,0.4179308381493506,0.2833563553942858,False,0.18652072519851065,0.49646144025974026,0.4179308381493506,0.8030592993747125,False,0.3002518729408902,0.6032054772922296,1.6591902785714285,0.35266619150692435,False,0.47457770688973583,1.2483204097402598,1.6591902785714285
Subj10,walk_36,1.0,61.6,5925,0.9888613489722643,False,0.2491494347569594,1.7179284597853335,1.4252704246753247,0.9851920624675238,False,0.2154706604896416,1.614393722077922,1.4252704246753247,0.9241674001164288,False,0.09291483252435681,0.6026016937136524,0.6005256637987013,0.35156729284455124,False,0.246554788834039,0.6070135201298701,0.6005256637987013,0.8373994465303779,False,0.40716996953395973,0.9274009942828001,7.310159326623377,0.3237024869418935,False,0.5469071314940145,1.272633875487013,7.310159326623377
Subj10,walk_45,1.25,61.6,6100,0.9914491695320927,False,0.24447561997924858,1.8901915898165031,1.5864769724025973,0.986872919240415,False,0.2464892549209117,1.7900351314935063,1.5864769724025973,0.9116131871389809,False,0.143381048942491,0.7764900030950015,0.6718023707792207,0.37868437141908373,False,0.2770009697637192,0.6788562274350649,0.6718023707792207,0.9238313528200499,False,0.3704158151698946,1.2050505649545793,1.192024848051948,0.24553293323795594,False,0.655480010995203,1.404164293831169,1.192024848051948
Subj10,walk_54,1.5,61.6,5748,0.9921572098028942,False,0.24312423393067123,2.135391282470286,1.7706524271103896,0.9831534919231334,False,0.2645431442725938,1.9890898477272727,1.7706524271103896,0.9483259235297691,False,0.1172404342665925,1.0370792678896315,1.0019921871753246,0.5063747716939603,False,0.35403368827596615,0.8965087607142856,1.0019921871753246,0.9304251138694282,False,0.3907443779412625,1.8097961586944913,1.470117291233766,0.14885685457195727,False,0.8179612736991214,1.6424634753246752,1.470117291233766
Subj11,walk_09,0.25,62.4,6016,0.9527017371514565,False,0.2603037061154488,1.2225208855269156,0.8396939176282051,0.962608259284438,False,0.19160413504432947,1.1682755141025642,0.8396939176282051,0.8430842324424441,False,0.16673212613762226,0.38692398417822194,0.5671619068910256,0.7680097160733499,False,0.14921522288530112,0.7984584682692307,0.5671619068910256,0.6334615601433238,False,0.11215627483335343,0.3187198826291322,1.1532928969551282,0.174740952793466,True,0.33009157780687065,1.1677076235576924,1.1532928969551282
Subj11,walk_18,0.5,62.4,5878,0.9656875963060524,False,0.270840859134414,1.2388389217728624,0.8735955125,0.9733932236835249,False,0.20871782230964087,1.1406873068910257,0.8735955125,0.8466374021636376,False,0.1619697852038549,0.5044631679264551,0.5849205169871795,0.5567624845839144,False,0.18657571112902172,0.9665047641025641,0.5849205169871795,0.8470230332775022,False,0.10677887295099292,0.45217817110875347,1.1506502950320514,0.06204363343274389,False,0.490304623565428,2.3083026384615386,1.1506502950320514
Subj11,walk_27,0.75,62.4,5908,0.9683249930063291,False,0.27822925316464037,1.3715348683437387,0.9734230232371794,0.9656913794234764,False,0.2131955992038435,1.2712004403846153,0.9734230232371794,0.9110642951864326,False,0.16659500246642023,0.6400686730662684,0.4760113996794872,0.42282438873782635,False,0.232587596725465,0.8223179977564102,0.4760113996794872,0.8996397823718953,False,0.13521145592958841,0.785586635296576,0.9525723022435898,0.37364064106101386,False,0.5490702738051754,2.0559249104166666,0.9525723022435898
Subj11,walk_36,1.0,62.4,5851,0.978377069893812,False,0.2832702348786437,1.532003173637942,1.1428347165064103,0.9678924940926884,False,0.21460760177425503,1.2923807091346153,1.1428347165064103,0.9064870276798943,False,0.17777195959157682,0.6961111150195581,0.6367269065705129,0.34093626252387815,False,0.26918916568196677,0.8624084923076923,0.6367269065705129,0.9364425429933473,False,0.1565028575547655,1.2576032529725303,1.3493651871794874,0.4101137034816633,False,0.6368995858947868,2.5606935014423073,1.3493651871794874
Subj11,walk_45,1.25,62.4,5915,0.9821432204970592,False,0.2956088955782967,1.7124957749998224,1.3191391274038462,0.9749614536830001,False,0.2279149315798253,1.3987957434294873,1.3191391274038462,0.8999920022695622,False,0.20315920090802578,0.7749635103095636,0.7235662682692309,0.3619362623729698,False,0.3158915764405365,0.9664628676282051,0.7235662682692309,0.9300899528836476,False,0.19323602504423368,1.3532638333910791,1.6698697330128205,0.21189724947198468,False,0.7293849747242541,2.635490168910257,1.6698697330128205
Subj11,walk_54,1.5,62.4,5883,0.982933407571529,False,0.30501134942219665,1.8906753434794294,1.4098483477564103,0.9652572292429643,False,0.2403727413835697,1.4788929499999999,1.4098483477564103,0.9134893557457336,False,0.21719764394994923,0.9366334079188721,0.8494887302884616,0.42732581430698385,False,0.35646679771431283,1.057694389102564,0.8494887302884616,0.9320331540037612,False,0.24477333426370976,1.6817492626644437,2.1660912280448716,0.24363372783332854,False,0.8009719518596968,3.012842592948718,2.1660912280448716
Subj12,walk_09,0.25,69.0,6275,0.9777955906149876,False,0.12188344175350886,1.140954165390884,1.0306229307246377,0.986302725902966,False,0.0494006647850771,1.0965758920289854,1.0306229307246377,0.7173200701330511,False,0.16147109529945577,0.3542013002657679,0.695459410289855,0.018314165809596127,True,0.4401491831074623,0.49959859217391306,0.695459410289855,0.776565212484319,False,0.13653885648107605,0.5934324687711272,3.3072982465217393,0.21494480902487148,True,0.38645941333870304,1.0172177201449275,3.3072982465217393
Subj12,walk_18,0.5,69.0,6073,0.9898224036634704,False,0.11825095366231887,1.2870873734639854,1.184541514057971,0.9860717886023113,False,0.06250180208766931,1.196577341594203,1.184541514057971,0.626842558706446,False,0.17754216858196087,0.32655874984703814,0.616367754057971,0.11576848411591505,True,0.466551284571208,0.5229488653623188,0.616367754057971,0.925076373112989,False,0.10738326397798459,0.7037402867622484,1.0640972088405798,0.019493683062239846,True,0.4863485260622777,1.0705865636231884,1.0640972088405798
Subj12,walk_27,0.75,69.0,5969,0.9936094490015409,False,0.1282062264369998,1.4769625823667967,1.366894481884058,0.9864632113959306,False,0.08150772077158014,1.4199717165217391,1.366894481884058,0.6467255837793491,False,0.16766292509811398,0.4050948917557038,0.7617792050724638,0.15513441468970995,True,0.49142719970819926,0.8440469066666667,0.7617792050724638,0.798082018952066,False,0.21587517303999693,0.9078757908025653,3.2203087469565217,0.053343419147203384,False,0.48841191728826744,1.4589907273913043,3.2203087469565217
Subj12,walk_36,1.0,69.0,5977,0.9963479008087379,False,0.12389769039098633,1.612636523513054,1.4927125776811594,0.9723127533700374,False,0.12506993798640698,1.517935823768116,1.4927125776811594,0.679436613204085,False,0.1726014031238149,0.5837104766192948,0.9237080631884058,0.41353034581341674,True,0.5535584917030341,1.0655131002898552,0.9237080631884058,0.7519395102865927,False,0.34275386314924716,1.1049736998072999,3.7840787042028987,0.14656709857309158,True,0.7434248385905311,1.9190743705797102,3.7840787042028987
Subj12,walk_45,1.25,69.0,5953,0.9978713442414002,False,0.10574879337153546,1.7889540364964986,1.6367219405797102,0.9806812015010901,False,0.12464537327570409,1.7296467042028987,1.6367219405797102,0.864982950749204,False,0.19323623308357105,0.6817351275651716,1.4192890782608696,0.411206690799842,False,0.25164810495783635,0.9517106491304347,1.4192890782608696,0.8162265853788767,False,0.36861840457704653,1.3293189259943585,4.219082241884058,0.15468156765198743,False,0.6731163233820605,1.8228152526086958,4.219082241884058
Subj12,walk_54,1.5,69.0,5968,0.9983127790022814,False,0.10157730305281694,2.0129212468992037,1.8418456823188407,0.9771584607440899,False,0.14155638921459957,1.8699632695652173,1.8418456823188407,0.9422153455449388,False,0.19534869220929674,1.0023381007646754,1.156101549710145,0.5212004348281237,False,0.33378225408279244,1.2132920120289854,1.156101549710145,0.9221789281166761,False,0.2840653391915241,1.6869091911355216,4.3449592181159415,0.08698884615796326,False,0.8112552472835987,2.523619415652174,4.3449592181159415
