subject,trial,speed,mass,n,dx_align,tau,r_align,lab_ok,fy_rmse_pctBW,newton_check_pctBW,newton_check_lab_pctBW,SoleID_stance,SoleID_ds,SoleID_ankle,SoleID_ankle_r,SoleID_knee,SoleID_knee_r,SoleID_hip,SoleID_hip_r,SoleID_lab_kin_stance,SoleID_lab_kin_ds,SoleID_lab_kin_ankle,SoleID_lab_kin_ankle_r,SoleID_lab_kin_knee,SoleID_lab_kin_knee_r,SoleID_lab_kin_hip,SoleID_lab_kin_hip_r,Newton_prop_stance,Newton_prop_ds,Newton_prop_ankle,Newton_prop_ankle_r,Newton_prop_knee,Newton_prop_knee_r,Newton_prop_hip,Newton_prop_hip_r,NoShear_stance,NoShear_ds,NoShear_ankle,NoShear_ankle_r,NoShear_knee,NoShear_knee_r,NoShear_hip,NoShear_hip_r
Subj04,walk_09,0.25,75.2,6353,0.0,0.560000000000004,0.9176544641963016,True,6.654086841046407,0.8377048296365638,1.3563069083739985,1.8137750816477536,1.8724413713877222,0.20432010628311775,0.9202638322969608,0.16678179121357012,0.8215282090259691,0.35127705485064076,-0.4956666045967183,1.5437272313144288,1.7422043077575933,0.2192153100816221,0.9063544388123412,0.2154103919459161,0.6988881706660339,0.2441134011436023,0.44646244849016126,1.44437965103643,1.6510076875495208,0.20570417969347118,0.9369944731929363,0.19589588005061612,0.7048649485098376,0.38545306283098313,0.3991572183617269,2.089479410264581,2.309903015020907,0.2094485597007592,0.9338804694457219,0.21793151721680798,0.48527397556891316,0.4206138103277119,0.3860344955985931
Subj04,walk_18,0.5,75.2,5984,0.0,0.564000000000004,0.9724591011616532,True,7.0556264220208895,1.606039927783886,2.7384304488751936,1.9675275495881748,2.1206385153122826,0.1911428047073104,0.9526723985764043,0.18692843245326726,0.8309608831066554,0.37784258719562297,-0.07373032486201103,1.7553997530299892,2.048480611906973,0.21394450550970612,0.9424923777689711,0.2161586128516804,0.7802038960735462,0.2552939163668936,0.5153829949418229,2.6831397606762644,3.3536664831168483,0.19196812845648784,0.9652222325557227,0.2255919021357042,0.610351028452761,0.44106115981700944,0.4832748868765566,3.9329302000046407,4.488131809754172,0.19418869500887934,0.9734331697549935,0.2532092756463043,0.17994877261826023,0.47546925816585267,0.6158192233546478
Subj04,walk_27,0.75,75.2,6171,0.0,0.564000000000004,0.9713446973767259,True,8.156870339552942,2.172929620471973,3.6391339338824666,2.5761800282008727,3.132476360614032,0.17223354880948058,0.9746211779527504,0.21171511934206635,0.8780926120702467,0.40224379762208545,0.30334113175533767,2.4614513236880087,3.2175170182399206,0.198288450460677,0.9691150109484682,0.22298363135250487,0.8622798182217383,0.2879328585491306,0.5829558226387295,3.7584655955831696,5.019161845002485,0.17375587890938893,0.9821657213968761,0.2744132849353159,0.6693623596172401,0.5050316892114098,0.6539385064665426,5.701399900022432,6.864722967127253,0.17941125234831995,0.9882737478235285,0.3216115959099694,0.35845175101366716,0.5653981199063605,0.7969818746146304
Subj04,walk_36,1.0,75.2,6868,0.0,0.5720000000000036,0.9527362317549217,True,8.222655273993404,3.2220460428403253,3.6878064136743705,3.619401295311062,4.420802137299412,0.19301280710797197,0.9586169927687676,0.27743241995031315,0.8231391479310415,0.4549204916602577,0.5528421558841231,3.1754610905665834,4.252406686886622,0.21605377728311737,0.9520808879317849,0.2698935138280862,0.8222236350350492,0.3440275383769701,0.7111497985672436,5.241015807754634,6.928901143798941,0.1931475118433792,0.9709167457516296,0.3945925891438802,0.6378702151897282,0.6406908796550145,0.7522353240870073,7.48376714275994,9.31122366209567,0.19735578365460965,0.9841560029858691,0.44998205203341074,0.24872885272551434,0.7310620365391088,0.8663722780122473
Subj04,walk_45,1.25,75.2,6796,0.0,0.5680000000000041,0.9614012827345049,True,9.69758644764055,3.6816880155951757,3.7867953331372752,4.285709814500932,5.860740093308454,0.18977901853256413,0.9699806982700481,0.3223178665328875,0.9026249773491536,0.5425792508068923,0.575886208931576,4.416190759412742,6.321979456954664,0.20437748896675334,0.9680744571449333,0.27932078551103523,0.9131831167465296,0.3652065662447024,0.7960325009018256,6.792242630371101,9.857895497176205,0.19861028357475916,0.9697069977733971,0.4575795385619052,0.6795325121180192,0.7815025658324115,0.7674757194436377,10.506858258137909,13.24877384309062,0.21296859067885596,0.9789776901683075,0.5647755928615271,0.16963906055317565,0.9446857404725767,0.9045092533069923
Subj04,walk_54,1.5,75.2,6635,0.0,0.9000000000000039,0.969418999191127,True,9.524308842565466,4.623850973064205,4.699592334953509,4.924874378396357,6.5493352110451335,0.22071043893176884,0.9614575381665587,0.3627294247923212,0.8879986370296891,0.6188690027490799,0.6357556818124924,5.025947220515423,7.169869227115197,0.22494455812915892,0.9600092401152756,0.319070727514054,0.9010853357624351,0.4432935110007395,0.816754089944653,8.108423748870257,11.719595992916393,0.23728788274876325,0.9525581549999974,0.5354827452446478,0.6944205203980085,0.8887154208366412,0.77835810732294,12.62092292013608,16.133908926000558,0.2472800784090955,0.9708722625960341,0.6650208358213682,0.11351010604622239,1.083329197069073,0.9180159361141954
Subj05,walk_09,0.25,65.1,6013,0.0,0.5760000000000036,0.8047784058006565,True,5.883413807369431,1.0889030300368887,1.8067893121567293,2.235808321234185,2.149417085140424,0.1363821431378355,0.9641970260791936,0.16829340935371123,0.832039589428126,0.3819776681012539,-0.15392820112771521,1.6755615956617491,1.7308991970011043,0.19200618131018854,0.9188735939630821,0.18694964183464818,0.6621238785472594,0.19025620557568385,0.4725034466116507,1.7791667876456312,1.9545618235311966,0.14946809015691473,0.9773146238430112,0.23151608624952227,0.47821986352194296,0.515530725061767,0.3286536928280593,1.9771127823238526,2.1396556263705877,0.14878001305366653,0.9792175402460225,0.2285348077447391,0.41947594796554394,0.5129956611245694,0.3807530082683641
Subj05,walk_18,0.5,65.1,7305,0.0,0.5760000000000036,0.8786478147372583,True,8.097786949039463,1.7721081171140358,2.7411860954430627,2.244472119166991,2.294433143815815,0.16377173063923153,0.9746352798587965,0.18106013175467583,0.7897886264902552,0.3975034073085459,0.2180644847364795,2.0034387677248726,2.295023853953125,0.2062398050148859,0.9526235799601177,0.193620932618917,0.7427533257066299,0.2228200217662685,0.6057765750862882,2.620916690142896,3.190338284640036,0.17468326772899478,0.9830574586977947,0.227703281072563,0.5161338685547856,0.5092573613769216,0.4941529382218375,3.7456226171518825,4.065085444266198,0.17435782033097572,0.9877371380557779,0.23202127900235067,0.2953493221947483,0.5176597477964038,0.6197575808612618
Subj05,walk_27,0.75,65.1,5826,0.0,0.564000000000004,0.930773972711912,True,8.449703893735494,2.219858617357597,3.3191533388501364,2.7167062560323028,3.221906259872755,0.14719884743525122,0.9795653257102569,0.23016843185349273,0.8247598337211449,0.4231249455047484,0.4841955619847721,2.696175035736569,3.5056978260128,0.19179819741711193,0.9643118364401482,0.21718494543479544,0.8325695231169491,0.2528386979668937,0.6904797438958495,3.753471307514792,5.044783502238442,0.16162407193071435,0.9842551400920735,0.3012327326867753,0.5534723347902546,0.592838058567755,0.6530467708154827,5.685111629111604,6.566139840158107,0.16763330738211835,0.9902969810674721,0.32976964033793277,0.1128751165134386,0.6503211448189012,0.7640483169968576
Subj05,walk_36,1.0,65.1,8136,0.0,0.5720000000000036,0.9313159946189293,True,7.966237200475228,3.120847010391007,4.050198966310046,3.2581998312985623,4.02057027463532,0.12992847744741629,0.9806102495049451,0.23910538027164935,0.8420144533260678,0.4414811569564215,0.5458974093833977,2.9642427231428248,4.158746734062039,0.1755446258073522,0.9678127495415975,0.22238774376318535,0.8602920336936416,0.29707128627008506,0.7036753258631055,5.232425840316582,7.489137093439271,0.15054706509197857,0.9858043446028552,0.3645980079837333,0.6228108623610139,0.6865962821025559,0.7125358597676605,8.117886019149868,9.738468684714643,0.16687230657361174,0.9910473338840287,0.4251237110053538,0.10575272394563792,0.7833396484963528,0.8476502355253813
Subj05,walk_45,1.25,65.1,6088,0.0,0.5720000000000041,0.934748604007387,True,8.520765460419733,5.315388994187412,4.741015943998993,4.445012413237159,5.896296473822456,0.10669577883525565,0.9867534252735871,0.28403915804657087,0.8149124730477854,0.520459586047802,0.6039990959098025,4.0807355638338105,6.053510005552893,0.1580118436132835,0.9742997506991419,0.23631633209776756,0.8708562790098183,0.3296920031156371,0.7730594319235046,6.384156142649685,9.08879017764101,0.14191058550820085,0.9766841629610055,0.41264701214585964,0.6739234789060233,0.7830410437648523,0.7505976612740575,9.97918552094117,12.080583250762027,0.1650683889001494,0.9820636841276101,0.4950718919846696,0.18208120932504215,0.9033072008506686,0.8944167447612056
Subj05,walk_54,1.5,65.1,6138,0.0,0.5720000000000036,0.9487176622619302,True,11.102227398957712,6.395851884901451,5.318336754596594,4.702782369185706,6.002685505994453,0.12437602856064194,0.9768341266371636,0.35372454836858147,0.8208956475030282,0.6092298800656764,0.6571796180442449,4.081523105548802,5.9557739675116945,0.19075329745301703,0.9591464120691533,0.30105524943427114,0.8552402706320156,0.4263677162231668,0.7820571154484368,7.424142324827577,10.469289047505855,0.1706466912963091,0.966710335474979,0.5640996531377289,0.640105189695077,0.9896112125722047,0.758302803137433,11.852135134346662,14.211372895451513,0.19097114694139733,0.9804029857692156,0.635293120851543,0.20876353179307214,1.0863640680026814,0.897547398689851
Subj06,walk_09,0.25,56.0,5898,0.0,0.5480000000000045,0.9109812500219072,True,12.962181902874606,0.978435839472835,1.5593451470877915,1.8583241014379754,1.871022448835323,0.20901360078688866,0.9772172112464798,0.1489469987904295,0.8749970404438179,0.25421906959329776,0.1010933703414613,1.2819505784936618,1.4833133820478615,0.19456315464549845,0.9801077492332664,0.16632522577084907,0.7908580157137207,0.1629105331239308,0.5239125256636953,1.7908477207360578,2.049751328806352,0.21800872515217481,0.9866914905232421,0.21482702811698623,0.7553039416354584,0.3822591246458768,0.2215575203932456,1.9190871763787938,2.186137627587518,0.22453292222930946,0.9860362084784836,0.22732392028053613,0.7346282266953799,0.41535817452465795,0.17890835476682015
Subj06,walk_18,0.5,56.0,7753,0.0,0.5480000000000045,0.9496785466914626,True,11.37381943627603,1.4288182758226669,3.047351130102846,2.0077491933895555,2.1782835375343126,0.19935470827255503,0.9847355057727042,0.11309393410914201,0.8566747449991304,0.22746441464531128,0.40491259327314383,2.156833136228084,2.682578978816829,0.17876774427349015,0.9886906861838823,0.15634709666629476,0.7654212703309189,0.1910355590345105,0.5708566239838939,2.8471716989383293,3.544468763791736,0.2081986075476307,0.990645968744139,0.18826551450232157,0.627525918379444,0.36957965459697456,0.5015634400025315,3.93921441331665,4.5578666067859865,0.2182136136444302,0.992065160261486,0.21657406355186481,0.5474859781608065,0.41606212114122976,0.6322790200863122
Subj06,walk_27,0.75,56.0,5954,0.0,0.5440000000000045,0.9506047283525266,True,9.275608221874093,1.9043688272012136,4.3827726827443465,2.699119046492119,3.294782764682138,0.1653140061542697,0.9839991872485676,0.11735012551055198,0.8768040068839345,0.239377898518363,0.6538727463670759,3.294065207228823,4.275854350699979,0.1500281444132342,0.9877673949795338,0.17968408459226948,0.7671537061898012,0.2475345838807222,0.6199468547455393,3.881409973990424,5.012303111755964,0.1774303889122084,0.9884187182872708,0.22999832747611804,0.6871650184432562,0.4422603084176654,0.7155353343104157,5.419212470520108,6.385244310093905,0.19051558990341394,0.991061946428601,0.26875039541931034,0.564731823449854,0.5000099667188077,0.8322275314626296
Subj06,walk_36,1.0,56.0,6097,0.0,0.5480000000000045,0.9531609184830521,True,11.03296723272112,2.9123159705103583,4.93838057322131,4.294199257971587,5.6347188041706815,0.16128973400718005,0.9749849648933953,0.17227473445846622,0.8641596657656291,0.2873331779656845,0.7755626071438918,5.014297745666075,6.724805000364534,0.16182043229541623,0.9768815660721014,0.22853538322472053,0.7930603541645715,0.3010155721667783,0.7179935848578309,5.1326878572755685,6.617736441592144,0.18335629770263684,0.9718204708856124,0.3310594803390375,0.6168132822222672,0.603474252989007,0.8217558727356066,7.541232027259488,8.681396613920123,0.19542310389984563,0.976793998508743,0.3874610385347147,0.32364626947738345,0.6995329929178601,0.9164494048051698
Subj06,walk_45,1.25,56.0,5904,0.0,0.5480000000000045,0.9528174486389236,True,12.442771973939383,3.9780688357881098,5.4057557013179345,4.879365632933201,6.713343951901691,0.17662087456873082,0.9597122085980233,0.2458137693259142,0.8632550984888253,0.36452254643312343,0.7923522925495526,5.2459498030992275,7.321160453435618,0.1775911641969639,0.9651739103779997,0.3021668156205278,0.8555280520924011,0.3805028311059732,0.746686617311931,6.606596131754344,9.29034880555176,0.1877363352959512,0.973886138521482,0.4658718358939886,0.6106034416824762,0.8020903307594682,0.832922750647773,9.96370304991346,11.892870008716638,0.19799760803077734,0.9876134948588741,0.5211253515505972,0.2185320551178306,0.9263249991150246,0.9160882619062527
Subj06,walk_54,1.5,56.0,5888,0.0,0.552000000000004,0.9602151192845835,True,12.522890474177208,4.486454346112157,5.967979900887937,5.707038562795377,7.625332258301708,0.2971204798151408,0.889135798907735,0.3029507814004996,0.7040716377377974,0.46151235732267315,0.7817247033537238,6.226341929177708,8.506374247696884,0.308857805746176,0.8831727159774392,0.33479228922897064,0.7124335991134817,0.43844318111413244,0.7749348093486658,7.291535666661595,9.862192793680402,0.33732899145642653,0.8648511507488665,0.5381895538806748,0.448892285672039,0.8810737426076503,0.8310155132568049,12.113061578266924,13.789950173383115,0.3470332750787202,0.887978788555349,0.6414193302712722,-0.004864072220117407,1.101026536019328,0.9121210897912442
Subj07,walk_09,0.25,80.8,5984,0.0,0.560000000000004,0.9013369200888574,True,9.908883350970997,1.0054162137714626,1.5896508505245284,1.0107839816297814,1.1596518967549287,0.15787590162922802,0.973680694035404,0.08546882894801046,0.8358676897170031,0.34326011370527687,-0.3049570894247001,1.1302683034561554,1.3001734241442333,0.15462925281479165,0.971146320161869,0.09842730922204575,0.9012195907192131,0.16312992419916642,0.5843777267540874,1.3051748239124816,1.449171413549605,0.15493950927900765,0.9829562675509067,0.09394442012861906,0.672371426641817,0.3388817488938301,0.32612057223887236,1.9521557038262387,2.0206015861749407,0.1544093180082753,0.9844444769524103,0.09506989073150793,0.6170854262380555,0.34515744638543927,0.45026727105036796
Subj07,walk_18,0.5,80.8,5976,0.0,0.5400000000000045,0.9394604113834331,True,11.550390062814847,1.768919156532697,2.6048129120780446,1.560220759966864,2.0113506659686995,0.16448783387563876,0.9861440518726045,0.11972936239805376,0.8604228908495808,0.38865131938053094,-0.040440608635725704,1.5309832242050283,1.8898848147435354,0.16005166745189667,0.9864235897047536,0.12021254011268198,0.9227810309343418,0.19978386818907848,0.5603430471826479,2.5774043091671297,3.333686024716382,0.1647298026530727,0.9921773541883636,0.15391024196368552,0.6461565645062982,0.4209477151331582,0.3993225175702092,4.0139030065745676,4.425723138501934,0.16441752139766536,0.9941006390839591,0.17603384507035924,0.261886711127973,0.39386849618703407,0.7011183022857694
Subj07,walk_27,0.75,80.8,5908,0.0,0.5480000000000045,0.9292194592000785,True,11.337958463309253,2.5359070367844088,3.489490587020574,2.0981660420049653,2.8487957816569556,0.17013145722102102,0.9850162745336735,0.14663072479708358,0.9012950079954934,0.4387452649544533,0.14274999146062048,1.9703421165099322,2.656992091124904,0.14499833308703336,0.990134349190466,0.1430100041490604,0.9242242550854691,0.24548841209845068,0.5614986792300465,4.23235682144343,5.817941900290247,0.17328460182546682,0.9908411998685511,0.21402676960859077,0.6341171012656779,0.5263741678360345,0.5403810075105082,5.975499515257086,7.009645424225678,0.17672750504293872,0.9926886809982445,0.24661239225397646,0.11403337489782536,0.5025205011108601,0.8059822316513223
Subj07,walk_36,1.0,80.8,5918,0.0,0.548000000000004,0.9263203784068393,True,11.515842495657173,3.4869362102371193,4.089273238714896,2.4614085414350235,3.3231427338087136,0.18530564972833966,0.9774738763449489,0.20071653445446294,0.9067542697706261,0.468442994349842,0.47934871818308844,2.282777881333096,2.9992729405351053,0.14998582250780962,0.9864661003004653,0.1859514022138157,0.9216558150394921,0.29923924811965574,0.6741709904937999,5.483798278863406,7.570822928287858,0.18994995428231584,0.9865964876484845,0.29836730726247473,0.6893324167522424,0.6185862826290714,0.7283445079543306,7.477472849161249,9.079495385648741,0.19665516222943985,0.990654483374428,0.3258748121898377,0.3104029998278418,0.6221296765671461,0.8836016891088105
Subj07,walk_45,1.25,80.8,6028,0.0,0.556000000000004,0.9076248776518545,True,10.898662497969868,5.141663745271963,5.4187107140219135,3.0711689227416508,4.015925682582211,0.18925374979687057,0.9730508945627131,0.3179248804499154,0.8689635889153645,0.6082390728119232,0.5234881983036286,2.8438453213344514,3.5790961866740973,0.14230670087987493,0.9835644898254805,0.24703598510567293,0.9059466218986518,0.37865397723006755,0.7092255395963782,6.926719565921002,9.360796483174079,0.20649092100536387,0.9752886998974449,0.44957633932664803,0.7085661886790596,0.8302731590442546,0.7432067878498507,9.257731786910215,11.36348584322424,0.21330974793260846,0.9860875337425129,0.46918085620552513,0.3588303947239053,0.8384761116901445,0.8926706162588618
Subj07,walk_54,1.5,80.8,6186,0.0,0.5400000000000045,0.9096241857798171,True,11.020044246454345,5.8442281424156,5.401952616206932,3.4722974570418823,4.664928376058711,0.187628487236205,0.9703099599266063,0.35127429013349426,0.8642507356726972,0.6818402757159803,0.5767050923515213,3.469007705961361,4.65355608785053,0.14766037496880044,0.9798739221976541,0.2785668050998878,0.905857384944136,0.41618414424116584,0.7772469778847401,7.504942065657347,10.195300909453527,0.21614912045940982,0.963304674237439,0.5148147575275736,0.7105405232437185,0.9332274453968533,0.7725702116406559,10.603625426971254,13.075367222599947,0.22465087622419846,0.9774206916460023,0.5567686276994065,0.34178474300738815,0.9780063865795304,0.8976253412541292
Subj08,walk_09,0.25,61.5,6016,0.0,0.552000000000004,0.7189613448380056,True,6.178069949221209,3.8088461971616323,0.9478656732983772,3.9386878867165787,4.491179342193509,0.3390917027196554,0.962627717788193,0.3451168277504051,0.6174634841128653,0.48911224817671894,0.7388363259176618,1.835786315035604,2.2465385966037914,0.09058736371844114,0.9872239049013828,0.11329220104453606,0.715324385816086,0.13311449788699886,0.7506123783057268,3.6588918817076914,3.5328712730107057,0.3467557112470265,0.9353226754064166,0.36029390996974386,0.6557625643371396,0.5298558119545073,0.6860717984969289,2.655606322119959,2.907106307262855,0.36516998222499286,0.9423395258759206,0.2675251038394541,0.6256346369142053,0.33770434583687947,0.7543668669459057
Subj08,walk_18,0.5,61.5,6152,0.0,0.560000000000004,0.8840425985902647,True,5.590996004029042,6.419000471125008,2.3048984901865097,5.2747075226601465,5.377751773016464,0.30687688480616143,0.9617936564680977,0.37604590239875246,0.4672129090098203,0.5177203081540699,0.4853347239876725,1.877300606670851,2.4071139045294876,0.09700719058624097,0.9859031451602666,0.11526008844991885,0.8000693952575636,0.15668085835380535,0.7328946208589997,6.0721089398707,5.521608315642761,0.31305767061232587,0.9362405819173251,0.406491654825557,0.5160576778561897,0.5767077644746718,0.5086534779790557,3.8583785089263727,4.291974041998678,0.3483934725237273,0.9402043411289327,0.22991179573813716,0.4972782824231577,0.21263189251033882,0.7475905985175046
Subj08,walk_27,0.75,61.5,5904,0.0,0.560000000000004,0.8906716591954821,True,8.743032316172231,8.345479469345742,2.726152679717924,6.751512295133542,6.337804046495512,0.42919633987491695,0.9342025813799026,0.3747686604519917,0.1655529603574573,0.5678828659175658,0.3602347459485674,2.909883553003996,3.7744867608946593,0.0932470068318359,0.9847036455334334,0.15716489467356332,0.8811816687942832,0.1907666458807426,0.7424047211214141,7.840573094265048,6.62310301552218,0.4330587594488526,0.8919576423664751,0.4042674752248585,0.21618353177141159,0.6205231873336658,0.3910951331368922,4.761647264693283,5.623641372647171,0.4803627462380817,0.8619128945114992,0.20077271995978171,0.28029569037816215,0.19389357470570956,0.7548559792390985
Subj08,walk_36,1.0,61.5,5894,0.0,0.564000000000004,0.9127703081266071,True,12.33788792370966,10.076746552721442,3.0612878175239624,7.919421842813567,7.918513291665,0.5026476370226953,0.8259285158034873,0.39850716809405257,-0.02064414326437011,0.6293264383445074,0.26275059376679716,4.321311569211361,5.99270946144533,0.1311055222300665,0.9679105333386331,0.1501853595662671,0.9077270452437198,0.20916505079504527,0.8269715170040977,9.266679739445124,8.977365244334454,0.5003280972817414,0.8076244483131269,0.4361409007807406,-0.03511400463053328,0.7079657447874177,0.22348508078226262,6.576028879559137,7.960258564071449,0.5546683675422902,0.6507103437043686,0.22950437696784878,0.11344632212110208,0.24817316362610325,0.7538563926407661
Subj08,walk_45,1.25,61.5,5939,0.0,0.564000000000004,0.932065455017813,True,14.627995857047987,12.12714795800771,3.680806746434197,9.495717097864977,9.722432153731114,0.5673791570209233,0.7042179868093227,0.41648227222306156,-0.13165368624695273,0.6914288136488332,0.20901336978008359,5.2585038012066505,7.282667955978423,0.11317280279922134,0.9779417881083272,0.2292651383807253,0.8943672678234988,0.2526419202442763,0.8615708651519884,11.084384776028521,11.4849550184908,0.5722702980240144,0.6718452947098881,0.4483117779632313,-0.1310654652354888,0.726223195715566,0.2636737480906428,8.60858227717507,10.550045762672932,0.6309702480807441,0.2654634109512964,0.2505192984458929,-0.016132273509269428,0.2755013748299834,0.8048081654024688
Subj08,walk_54,1.5,61.5,5871,0.0,0.564000000000004,0.9321925352066578,True,29.122273364576913,14.214755725679106,4.075734360489619,11.400938910033684,12.856989613423645,0.5719465324010933,0.5869852082091667,0.46858963186037533,0.09518802300129618,0.7176527509628606,0.37582631017389023,9.142625598777553,13.828206609852774,0.30114529104344745,0.8576427847305439,0.18660323164306555,0.9099130991570259,0.42526263934025815,0.7067608380302017,12.258958454455165,13.160134491671943,0.5557966633378629,0.6483773562957352,0.5243135098568387,0.01781302791159152,0.8491147429716918,0.24276249119008977,11.446587723464363,13.998257535889932,0.6286889498568448,0.3023477332858984,0.3422756653462375,0.16227595257732294,0.34725293711992367,0.8342044624595387
Subj09,walk_09,0.25,81.0,5869,0.0,0.564000000000004,0.8917885266544356,True,6.984686309142457,1.464386065174185,1.2784602514120698,1.175518756583785,1.226680764683799,0.16586390434432358,0.9712614593419676,0.1985037492554606,0.9657098934593011,0.5617822418980882,-0.8101300534251312,1.1405390969033287,1.3189626872283096,0.1494406978485006,0.9704108263539261,0.09789552885058231,0.9818740074501298,0.1554915722529724,0.6898573736067454,1.429449894906546,1.5890200673528467,0.17751011881798628,0.9751621081813842,0.2543995340058988,0.8928437325624237,0.6648997987805014,-0.5139813620149074,2.2205988183599232,2.3909228003258183,0.1687515637546094,0.9813241582377649,0.22490949049860642,0.8305480202604569,0.5864139076181248,-0.2741024127698606
Subj09,walk_18,0.5,81.0,5904,0.0,0.560000000000004,0.95397060650221,True,7.921931856427979,2.382372886279018,2.5001014333671003,1.2544433632054586,1.4989783804102832,0.18681937335617207,0.9688706934807287,0.20014239144796955,0.9380148767772247,0.5370184032641664,-0.4803469764550908,1.7344882637799761,2.065472473105406,0.16908973592787968,0.9701752521091802,0.1393284984289733,0.9492570713287194,0.187548339612958,0.6497362153693277,3.226525205066601,3.948851373856528,0.2001562885933374,0.9795252015471687,0.30158409492290356,0.7097863023633666,0.6869789417588154,0.03514820228902815,4.180135659498699,4.769052166501173,0.1920608268905225,0.9852498331859771,0.28837772095264136,0.49313790555134124,0.6040135828499251,0.33121066328233567
Subj09,walk_27,0.75,81.0,5768,0.0,0.560000000000004,0.9673021901421809,True,9.151185043078012,2.671624803829104,2.985176613461241,1.7437136145607133,2.1985587497180026,0.18657756549998403,0.9891050767403167,0.1541009666780681,0.9605173637203553,0.500362864030135,-0.21652295727374768,1.9002660211698412,2.4237785531841243,0.1518290791597717,0.9934116141499267,0.1103884841957439,0.9713281912972372,0.20774157352023476,0.605200947139821,4.88934200960614,6.407092784035414,0.20076050990012864,0.9909028216360861,0.2518013134239063,0.7010604292538939,0.6294182824473747,0.3242078277143186,6.24737593676744,7.561943735648482,0.19849508842429783,0.9944747309040488,0.2698663393961583,0.3237489057615169,0.5521871023458391,0.6350078425163173
Subj09,walk_36,1.0,81.0,5834,0.0,0.560000000000004,0.964149634920166,True,8.255797973377168,3.1466797248175626,4.135832239711844,1.837684555971108,2.4490468432903794,0.20002433108235643,0.9821040717011055,0.1990456463999706,0.931078126290706,0.5258453261089996,0.15405755633112359,2.379582356434193,3.1107636552930207,0.15511504194606293,0.9904036466694435,0.17371456676749653,0.9364347703686092,0.270560542909124,0.647721479970681,6.4808516611827764,9.026009975861403,0.21788292728071199,0.9886529049535498,0.35972083132657373,0.6046719103411103,0.7469308077532939,0.5535548910491264,8.655990217952754,10.927214416052276,0.22099902026497337,0.9952718803180568,0.41002365125586515,0.08960943801988286,0.7291608344479686,0.7822330747095859
Subj09,walk_45,1.25,81.0,5937,0.0,0.5360000000000045,0.923753502867709,True,9.707900497006703,4.447709133388951,4.694378773811732,2.830928167699363,3.6831027924097595,0.21516633227491339,0.9796950109968261,0.24881952696023799,0.8854570696532602,0.5800646332709594,0.30254648627406105,2.8516755072189457,3.823596325374346,0.1605360361801949,0.9911283058635505,0.18717149750846135,0.9401260006920721,0.3131153777282589,0.702062195645184,7.633083230153015,10.857025239743436,0.23558782858691438,0.982237891032953,0.4125942805785238,0.6236867817386504,0.7948591804330326,0.6371615644677392,10.6383417009783,13.459399764873202,0.2447050159381178,0.9895703377091605,0.4868766816313383,0.08221031376347217,0.8108223393062522,0.8472717512425741
Subj09,walk_54,1.5,81.0,5946,0.0,0.5360000000000045,0.9680308690008405,True,12.035021075383614,4.106361567212904,5.4661541844258705,2.14698504825139,2.6469883409271877,0.2338335809586887,0.9755897780109346,0.30550348266638194,0.883013426603678,0.6519045700857792,0.48279410888006974,3.0973838772275792,3.7862089944196438,0.18054013745865213,0.9846352758319724,0.26187429730050465,0.8975262053328587,0.4074098216019171,0.7357719280218404,7.981263759322224,11.672531361729106,0.26424011478657583,0.9803686179736133,0.5133133584384882,0.6609943738622536,0.9153650890165121,0.6993347059539481,12.276254344280247,15.337554088454466,0.2788983301639562,0.9915980001028727,0.6002104182498587,0.1431533315975193,0.9490229538020221,0.8638945124840487
Subj10,walk_09,0.25,61.6,5848,0.0,0.552000000000004,0.8479836816615198,True,12.503345924674944,1.1883258470912341,1.3886449874340514,2.1955492750131564,2.088780783707996,0.21206005511445153,0.9696172987843741,0.15316123013236704,0.4774204669662054,0.2640018580811452,-0.31246894780767287,1.1381985999328688,1.2633435563348925,0.18170661110040268,0.9804863163963603,0.10295177231664118,0.7483321377794575,0.1799145103355205,0.582885039046695,2.4512226163363984,2.7549718485698875,0.2167784450092477,0.9773211773761311,0.1379428100643515,0.593139878498067,0.25411426158827327,0.4766132350804529,2.944980986754295,3.272365259202297,0.2220323210558992,0.9815014490712735,0.12443930081716707,0.5824988405179791,0.29783021032679735,0.530293461030841
Subj10,walk_18,0.5,61.6,5880,0.0,0.556000000000004,0.9174655857916741,True,12.423260229667285,1.8412780264793944,2.4349631305211386,2.608086700717045,2.2844179379470178,0.20401490266132705,0.9761558879118479,0.16056064031528747,0.49508431419798216,0.2827803279891528,0.046532860438478305,1.616375848294736,1.8435763732655326,0.18459884958284578,0.9824157375929117,0.10999080526403525,0.8720962159209267,0.19877216511511853,0.6502022773314471,3.7382497426660954,4.558416268518426,0.211739278956205,0.9763118940154507,0.1644527126082694,0.5495181289819377,0.3119175958621215,0.44894052274197077,5.150071965750346,5.912047549632283,0.22096654121177045,0.9886190136962999,0.16707892819946146,0.23758141440750552,0.362413000645733,0.7130044944590951
Subj10,walk_27,0.75,61.6,5836,0.0,0.5400000000000045,0.9275995818345214,False,11.116717119806868,2.9749615649540497,3.8518674495956713,3.0849790322842567,3.0806208695887913,,,,,,,2.0503693661719935,2.4634022628528682,,,,,,,5.171562223053761,6.752150749440637,,,,,,,7.312078305845899,8.614285687493506,,,,,,
Subj10,walk_36,1.0,61.6,5925,0.0,0.552000000000004,0.9417008112187154,True,9.396411202475525,4.125792518851822,4.358708013067486,3.898237794314286,3.977914605505808,0.19841183697914172,0.9713578688491357,0.1694385838924474,0.7741256601212113,0.3725427878581965,0.5602450465539255,2.8640737986282487,3.8011598523756813,0.16491821693658928,0.9798126130901164,0.16442382653873142,0.8758290886506842,0.26624040558713585,0.7814414047176149,6.299384575637068,8.62986662420434,0.21747871076457584,0.963403617688794,0.2626074662750095,0.7130827193120043,0.5139440380399892,0.5727147105118987,9.524607721130728,11.525261588449958,0.22371545619338806,0.9853577606979086,0.3372468006126427,0.14583229121774946,0.5633445451498769,0.9046669688235648
Subj10,walk_45,1.25,61.6,6100,0.0,0.5480000000000045,0.9616520492754409,True,9.29772795833462,5.775037688820146,4.547367019678503,4.616063000742558,4.194641277269971,0.18787096815485985,0.9735419505424144,0.253535416640954,0.6619221954632557,0.4831658498219611,0.5642153367216418,3.108828732312749,4.24893608202943,0.1560159854079953,0.9806220706832649,0.1986265872596778,0.8766681121645514,0.3047915099914478,0.8263894558735985,6.978611093456043,9.545951338044215,0.21521859613653302,0.9635717425493211,0.35357897225954565,0.6743233547561087,0.6643121947849587,0.5887153449281045,11.925177277896069,14.091576362437678,0.22352655098203633,0.9850671812398757,0.4496203875042533,0.17942237278798473,0.7420983242217782,0.8992575662835602
Subj10,walk_54,1.5,61.6,5748,0.0,0.556000000000004,0.9549320011969062,True,10.26756085038832,6.442503296114509,5.391755150161452,5.247232659140081,4.5245761318306865,0.20177135430569812,0.9708971493130233,0.27398272105929805,0.7420888893332483,0.522595649155634,0.6617237694630791,4.002105115661037,5.882078619892171,0.17347771807327206,0.9766254577562046,0.2530845514529738,0.8548188450345418,0.3649730542603132,0.8437975594002088,8.270797605996524,11.30881879959336,0.23600528272687446,0.9582383791028951,0.43326398155444623,0.6795495699852593,0.7488184091421497,0.68140511154615,14.23059864051107,17.026424744445023,0.25418389267998076,0.9780625937294506,0.5903746893315582,0.0960769966869816,0.9217093566900152,0.9072832978157527
Subj11,walk_09,0.25,62.4,6016,0.0,0.5720000000000036,0.932490722854641,True,4.97679761736553,2.382658411949704,2.256645278814882,2.765785465369087,2.2919193541248033,0.16614738446594332,0.9827462987654119,0.1649377459308625,0.4718401899769758,0.09350303320687343,0.7067132570717769,1.415162607381756,1.3046259726961673,0.17962726730844328,0.9774783820164163,0.18237971677676398,0.8731005126538404,0.1636448760516247,0.33379452363473666,2.677866636603713,2.413179268254985,0.17369427842082022,0.9855517960805047,0.17008398095719351,0.42647240502306444,0.2075013752605607,0.5494390372122229,1.8302524931713973,1.942261187920781,0.18621068456955753,0.9837540805601581,0.12793208767376246,0.5117939652602839,0.275228856864143,0.3481068908620476
Subj11,walk_18,0.5,62.4,5878,0.0,0.5880000000000036,0.9311261056425714,True,4.653096883539027,2.8246420839847617,3.6777325392914872,2.8157227542909706,2.3030928444694303,0.17416707551180943,0.97934011803781,0.1418112373057252,0.6213146867045146,0.16013727293588362,0.6938079867291501,2.059922178261083,2.428188108511046,0.17920138914079914,0.9763657304985095,0.19805677377718853,0.8950744081317776,0.21063448767684756,0.5626388639065094,3.6059205292918506,3.9833205939170355,0.18468218579481685,0.9825101663581811,0.1783529665142424,0.5276764586162211,0.3173869321751692,0.66363099026769,3.611718683291389,4.161847258652754,0.1998700655066961,0.986282866883683,0.17126918309331116,0.46628224747277636,0.40633562000014806,0.705862478983999
Subj11,walk_27,0.75,62.4,5908,0.0,0.5760000000000036,0.9444534749993165,True,5.344978455381552,3.485978012672177,4.458360767928362,2.9388073473239613,2.6416388119268253,0.17817212193545087,0.9737704640432846,0.15566329586586025,0.7335994121679391,0.18791945318289402,0.7850324651072252,2.5987860359417527,3.3057294026192268,0.18068533803856995,0.9702748386007904,0.22013825984147722,0.9167888653962093,0.24335794409360986,0.7193152058756291,4.789153908384567,5.852957981584433,0.18893816018392406,0.9764097969034075,0.2204036031162015,0.5867750062674035,0.39176457942865056,0.7561579771219328,5.93106032952624,6.876999446439756,0.2073972244528537,0.9845381248226828,0.2518333613752909,0.3120729434614202,0.5091942432335973,0.8483540330090552
Subj11,walk_36,1.0,62.4,5851,0.0,0.5680000000000041,0.9464567987430383,True,9.173673039490328,4.580524599255479,5.512929350453037,3.8243223491470553,3.9712706925491577,0.18555497823985195,0.9723866260930389,0.1941196890492631,0.6951347463643425,0.29897362551804785,0.7342897765914858,4.233875388585095,5.237459081227425,0.19175582176245645,0.9663812543154858,0.27518232299907214,0.8287918545387807,0.3293212809751359,0.6975831564725614,5.993061111803623,7.1637865783757855,0.20154429969490675,0.9658507561870737,0.27698588899750964,0.6050327089609381,0.5276024500768206,0.7181348800584736,7.600283263313635,8.60103932754266,0.2229505753522129,0.9800215378274941,0.32219716350359273,0.28420216473602916,0.640696610240089,0.8440595488340557
Subj11,walk_45,1.25,62.4,5915,0.0,0.5800000000000036,0.9482168527575716,True,8.301132468632181,5.985100629799448,5.38656142306312,4.406292339436949,3.942082679758179,0.20009126895818574,0.9765189181642276,0.2139433477645466,0.7269873487607904,0.3199816291262947,0.7906633481532687,3.5145826545972683,4.475356232107836,0.20657433460893074,0.9737394689789559,0.2467103250257518,0.8871545546645836,0.3185989736643643,0.776522077387362,7.105012954953612,9.128263857591932,0.22757952474446835,0.9674539621709745,0.35403966021824507,0.6185594284113873,0.6193587763113401,0.7838868155905524,9.336774752999945,11.02127936621217,0.2624815443212189,0.9806038263580547,0.41967146516051684,0.29958817625066975,0.7592180641709257,0.9016631104242111
Subj11,walk_54,1.5,62.4,5883,0.0,0.5680000000000041,0.9513521585861742,True,11.07980881256543,7.178022892900857,5.9653382957714705,5.338124335115376,6.170396853098789,0.22089103652732314,0.9736952208026081,0.23703012948768643,0.760393968553096,0.37747416746678636,0.8050178243423135,5.400764302335229,7.900689756515313,0.2227967135777963,0.9714674372457348,0.26591733740406504,0.8773134940549357,0.36729799054879675,0.7930004231208695,8.104805865767728,10.13293371108395,0.2447132997893413,0.9560200485143514,0.3675754757716329,0.6969838267108536,0.691274349721192,0.8161279806467542,11.25067953402359,13.215241453972716,0.29958417622443284,0.960337659583697,0.46262144682260253,0.36425932279111733,0.8469642294150193,0.9386573142951513
Subj12,walk_09,0.25,69.0,6275,0.0,0.556000000000004,0.9158904276323105,True,10.271047829886221,1.194460851047133,2.6685789369829713,1.0047989345019246,1.1817521646015208,0.20674880247559443,0.9010978335393357,0.09399593761055282,0.5373927621712276,0.24990213841589612,0.644109216444245,1.6362181595245888,1.687378795942176,0.1300549586081826,0.9602479943200148,0.15141357615893974,0.10986553307188474,0.2386818199565195,0.6606581096231599,1.9343326057487245,2.365319099850291,0.20716357418286419,0.9234939698210524,0.11156993809564628,0.6433195505382182,0.2729709444014842,0.6110730355722873,2.8617481855311575,3.062607311666073,0.2158473372075666,0.9241960040695567,0.10941085646827259,0.6737972072961192,0.33918168895972284,0.5152119567231374
Subj12,walk_18,0.5,69.0,6073,0.0,0.560000000000004,0.9626395920149616,True,10.853907397037805,2.021662579277914,2.884816468879007,1.6584846884504407,1.9365930539367924,0.20051933312980905,0.9351541162456766,0.11535688605738734,0.40572418408386535,0.29094323781924697,0.5624193578211869,1.8705972642166735,2.30160320085164,0.13756426975476665,0.9685552804526898,0.16679640617266747,0.15033404019151955,0.265886046727668,0.6898183282121411,3.4943081871090484,4.59154993054861,0.2011171779744991,0.9444114757714217,0.16735029366738197,0.5797292431736316,0.347174601927392,0.5125531421896679,4.79212049794323,5.356035140206936,0.2177856152312038,0.9547735385774481,0.16555312781749734,0.5236870787381153,0.45598733959385523,0.5018629424965888
Subj12,walk_27,0.75,69.0,5969,0.0,0.556000000000004,0.9582714478852714,True,11.08305486874317,2.6154888244969867,5.667239087391838,1.9631216266337248,2.5881730981379625,0.21489689177043783,0.9445289909550202,0.15235042264956197,0.42915172026723597,0.3097436364399917,0.5193064752637951,2.6885666788533142,3.360351126083988,0.1374488153742975,0.9751840084573195,0.19796591774581043,0.3366186348678068,0.3139145276282444,0.5309814710578278,4.8541156754896315,6.920216145272886,0.21498469107614407,0.9479408052416695,0.22948949858436982,0.6482557531916797,0.42096488745795946,0.5510866234267242,6.751619830782945,8.29333696078073,0.23014045718028492,0.9649757897919954,0.2285221046265873,0.6394313075854355,0.5185825509640647,0.7035519323568665
Subj12,walk_36,1.0,69.0,5977,0.0,0.5680000000000041,0.952676620951547,True,11.966768709553833,3.455238050754183,5.454434781133876,2.392453826288449,3.2777034688464757,0.23468062937352308,0.9408894881993363,0.2309414478359158,0.447983656950913,0.3974398630457111,0.4865575228973983,2.159896960581288,2.56383079998816,0.1534011912872628,0.9741748713405082,0.25286002786129946,0.4549730530637775,0.37321547502163704,0.5781008183950777,6.096171240482146,9.060829802704086,0.23875744136507573,0.9512170366559861,0.3647965876123593,0.6078371255104955,0.6082557960573354,0.5533333496012325,8.86075309855591,11.613289892687849,0.2534042457770053,0.9698575697999589,0.38024465721715467,0.5510349663471814,0.695081486365794,0.7935166147535423
Subj12,walk_45,1.25,69.0,5953,0.0,0.560000000000004,0.9573717066540846,True,11.643648849419733,4.220208452836141,4.518234805677665,2.5932563934472093,3.2794707755116765,0.2176622604001399,0.9526257936878587,0.20906273580879797,0.8195744169404502,0.41662046215617005,0.6281114399344161,3.1552051461965163,4.360959971832277,0.1514227271382567,0.9734426744367046,0.1952654189115103,0.8990913377167271,0.3674727090892818,0.758356645599008,6.716742542322214,9.656044248510955,0.22179575162732493,0.9504051543462695,0.33336232625654577,0.7367559713415108,0.6125649228318469,0.6090633717675612,11.299188059860432,13.94707586863552,0.23576773971908296,0.9735524837661063,0.4165633802581179,0.15650362612579938,0.7496158078934793,0.8868478448597866
Subj12,walk_54,1.5,69.0,5968,0.0,0.564000000000004,0.9574691967706204,True,12.586905624291466,4.528241894748363,3.8677271191329354,2.7654592196830885,3.9338500836841908,0.23552225433382304,0.949564484390318,0.23136044372654122,0.8710104381713006,0.4845191250385535,0.680938612314007,4.0531044630452095,6.224185552589222,0.1640536166623649,0.9712454452094578,0.21698194325583633,0.9064450428408589,0.40786799015256336,0.8364437784025105,7.060634131491666,10.657256596767963,0.2355965161518623,0.9483494723848696,0.3729163382971006,0.7834536597990688,0.6895664718997685,0.6768502740503938,13.950935078507168,17.13257943855723,0.25481155931154664,0.9662922388984364,0.5270265711746842,0.13069979046458494,0.9110705832203283,0.9170367275406616
